ano,id_municipio,tipo_estabelecimento,cnae_2,quantidade_vinculos_ativos,cep,geometry,grupo_cnae
2023,3106200,1,33210,36,31515300,POINT (609251.4940790934 7807508.929640653),C
2023,3106200,1,31012,18,30570720,POINT (607390.5329242843 7792432.987495131),C
2023,3106200,1,25420,28,30532250,POINT (603902.4069503469 7794389.139801033),C
2023,3106200,1,27902,20,31140650,POINT (611408.2861835036 7800446.647792663),C
2023,3106200,1,10911,85,30320570,POINT (610540.6820415074 7790907.247806389),C
2023,3106200,1,10911,12,30580120,POINT (606148.6850615494 7791671.960398696),C
2023,3106200,1,23206,87,30140098,POINT (610897.3073841886 7795860.780973642),C
2023,3106200,1,32507,56,30120050,POINT (611140.3417482715 7796959.853640358),C
2023,3106200,1,18130,67,31744590,POINT (610759.6393223123 7808594.248370767),C
2023,3106200,1,25993,50,31975310,POINT (616656.376090498 7805224.700928031),C
2023,3106200,1,31021,16,30710640,POINT (605988.5890466793 7794963.631169267),C
2023,3106200,1,18130,16,30140062,POINT (609711.2693651051 7796621.715280488),C
2023,3106200,1,15319,280,30775230,POINT (607831.2115654454 7800451.777059007),C
2023,3106200,1,33210,33,31960280,POINT (614717.0431101926 7803729.5337886475),C
2023,3106200,1,21211,27,30160048,POINT (610559.1132215369 7795154.100635167),C
2023,3106200,1,10929,15,30570650,POINT (607208.7754345424 7792283.781189794),C
2023,3106200,1,14134,18,30110031,POINT (612440.946711585 7795085.650064584),C
2023,3106200,1,10911,46,31810130,POINT (611735.450590916 7803714.050399927),C
2023,3106200,1,23419,16,30668274,POINT (601851.8329230439 7787731.584565116),C
2023,3106200,1,22293,17,31255180,POINT (609435.7384449337 7802070.971322649),C
2023,3106200,1,22226,35,30575400,POINT (606862.4799630732 7791753.482529281),C
2023,3106200,1,10911,32,31270700,POINT (609032.4591539318 7804161.2825973295),C
2023,3106200,1,20622,13,31155004,POINT (610049.3416622041 7802142.677247575),C
2023,3106200,1,32116,13,31110010,POINT (611344.760667556 7797955.309757261),C
2023,3106200,1,10911,12,30441018,POINT (608921.1107726502 7795598.648450159),C
2023,3106200,1,10911,89,30770400,POINT (607537.9722233703 7798748.889749367),C
2023,3106200,1,23991,99,31749030,POINT (610344.2200151827 7810596.098496748),C
2023,3106200,1,33147,14,30380342,POINT (609388.4156779047 7794046.723449716),C
2023,3106200,1,10911,16,30710590,POINT (609200.6470599183 7797446.13247242),C
2023,3106200,1,25993,14,31710310,POINT (608696.2589336392 7805738.337881798),C
2023,3106200,1,13308,42,31255210,POINT (608975.5327576961 7802077.900814832),C
2023,3106200,1,33121,24,30710662,POINT (609618.983513342 7797617.3426235635),C
2023,3106200,1,25128,19,31255080,POINT (608961.2933021847 7801799.788460743),C
2023,3106200,1,32507,24,31110052,POINT (611841.2677864989 7797840.691855403),C
2023,3106200,1,10911,18,30710580,POINT (608645.4300796513 7797799.153700128),C
2023,3106200,1,22293,14,30421476,POINT (607812.13653065 7793565.860734413),C
2023,3106200,1,15319,14,30610460,POINT (604853.0482536098 7791940.542570311),C
2023,3106200,1,23303,69,30628260,POINT (604196.5022933166 7786475.124050332),C
2023,3106200,1,22226,35,30882640,POINT (604003.0651739292 7800816.198453605),C
2023,3106200,1,25993,32,30664000,POINT (600401.747247779 7788334.724737674),C
2023,3106200,1,24237,18,30664000,POINT (600401.747247779 7788334.724737674),C
2023,3106200,1,32507,23,31110052,POINT (611841.2677864989 7797840.691855403),C
2023,3106200,1,31021,21,30610010,POINT (604169.6626054518 7792889.395398121),C
2023,3106200,1,28259,12,31330200,POINT (604306.3308713975 7801634.7606420275),C
2023,3106200,1,18130,32,30710070,POINT (610225.0339334316 7797499.555112356),C
2023,3106200,1,18130,13,30350070,POINT (610263.1616408345 7795018.79056582),C
2023,3106200,1,18130,28,31255150,POINT (609656.1430663641 7801757.500493497),C
2023,3106200,1,10911,29,31555000,POINT (606835.4327794883 7805179.9669651305),C
2023,3106200,1,25128,16,31730553,POINT (610962.2813024028 7806556.942426389),C
2023,3106200,1,18113,12,31130380,POINT (610638.5552430226 7799950.967331739),C
2023,3106200,1,23303,22,30170081,POINT (610427.8867061986 7796271.220746754),C
2023,3106200,1,10911,12,31155320,POINT (610414.5763283238 7802379.426356971),C
2023,3106200,1,33147,51,31330142,POINT (604190.2882792256 7801536.951888979),C
2023,3106200,1,10911,23,31560300,POINT (607168.0989100318 7805970.031389961),C
2023,3106200,1,18130,34,31255200,POINT (608851.5216657304 7801730.820281412),C
2023,3106200,1,22196,43,30668273,POINT (601656.7346636312 7787769.053702449),C
2023,3106200,1,14134,14,30662060,POINT (600432.9959300732 7789229.748579523),C
2023,3106200,1,29301,22,30640500,POINT (602229.7285956728 7790653.657122303),C
2023,3106200,1,29506,17,30881450,POINT (603372.1335703335 7800432.953487563),C
2023,3106200,1,25993,15,31840220,POINT (613057.0761396745 7805420.145210075),C
2023,3106200,1,25390,29,30668170,POINT (601241.6673547891 7788174.497433484),C
2023,3106200,1,25420,13,31080255,POINT (614336.7583220076 7800630.545611938),C
2023,3106200,1,15211,15,30710260,POINT (608941.8750750115 7797473.761393821),C
2023,3106200,1,23915,12,30627230,POINT (602383.5320869096 7788548.471126246),C
2023,3106200,1,13405,12,31110750,POINT (610669.9160511559 7799329.548202507),C
2023,3106200,1,10911,332,31920010,POINT (612893.7270388332 7802162.277084552),C
2023,3106200,1,27597,14,31814340,POINT (612356.884140819 7804827.3151874775),C
2023,3106200,1,10911,15,31230210,POINT (609242.0834939771 7798797.277553976),C
2023,3106200,1,10929,14,30865230,POINT (602321.8185106594 7797170.7633976685),C
2023,3106200,1,33163,13,31270700,POINT (609032.4591539318 7804161.2825973295),C
2023,3106200,1,29506,16,31575090,POINT (605231.671409539 7809835.961782196),C
2023,3106200,1,29301,13,30750620,POINT (607576.3848814031 7800263.660581301),C
2023,3106200,1,10139,70,30390080,POINT (608215.9343235318 7789452.77103061),C
2023,3106200,1,17419,33,31255055,POINT (608583.1253518336 7801376.171621961),C
2023,3106200,1,10911,40,30220320,POINT (613689.4193678951 7794718.895684704),C
2023,3106200,1,10961,16,30421043,POINT (606861.683032257 7796070.871611118),C
2023,3106200,1,10911,16,31155170,POINT (610954.6694361138 7801558.9449214265),C
2023,3106200,1,31012,13,31741401,POINT (611555.1112377226 7804427.094010269),C
2023,3106200,1,10911,16,30666472,POINT (601198.1646318599 7786684.171019485),C
2023,3106200,1,10911,21,30240000,POINT (613149.1736968483 7794694.375399869),C
2023,3106200,1,32990,21,30530720,POINT (604099.2141637327 7795939.648013888),C
2023,3106200,1,10945,15,30775200,POINT (607782.2215434036 7800234.415948557),C
2023,3106200,1,14126,84,30411530,POINT (606908.6655960553 7796383.783452323),C
2023,3106200,1,14126,47,30431061,POINT (608437.2920786182 7795822.404295867),C
2023,3106200,1,14126,15,31525000,POINT (607615.4604504697 7807943.015509379),C
2023,3106200,1,14126,20,30710320,POINT (608747.3364515922 7797703.974026665),C
2023,3106200,1,14126,18,30120040,POINT (610619.8675649213 7797118.131541537),C
2023,3106200,1,14126,24,30441004,POINT (609006.7414638542 7795794.242583919),C
2023,3106200,1,14126,13,30411120,POINT (608377.4406181427 7796523.9267331725),C
2023,3106200,1,14126,26,31170680,POINT (612607.033597185 7801457.505180549),C
2023,3106200,1,33147,0,30150000,POINT (612038.0065439956 7797638.627244063),C
2023,3106200,1,25420,0,30260350,POINT (613997.9673558329 7796136.460478539),C
2023,3106200,1,23303,0,31545000,POINT (604874.0355886678 7806962.358475158),C
2023,3106200,1,20142,0,30170008,POINT (609756.9865681406 7795542.851740453),C
2023,3106200,1,14223,0,30620100,POINT (604306.2652977675 7789882.327260282),C
2023,3106200,1,31012,0,31525130,POINT (607772.014388245 7807496.733541202),C
2023,3106200,1,13405,0,31950020,POINT (614968.1679763125 7802216.812450256),C
2023,3106200,1,32400,0,30431315,POINT (607728.9957000553 7794859.975228272),C
2023,3106200,1,13405,0,31930585,POINT (613696.1995169262 7803324.361242149),C
2023,3106200,1,25128,0,30510780,POINT (605199.531772197 7794180.772861999),C
2023,3106200,1,33121,0,30690050,POINT (599966.8764863509 7790580.673287384),C
2023,3106200,1,31012,0,31110800,POINT (611067.1541213149 7799172.398802068),C
2023,3106200,1,25110,0,30642380,POINT (603501.2744580823 7789893.318750527),C
2023,3106200,1,33295,0,31970636,POINT (617941.2958616259 7803620.364061724),C
2023,3106200,1,32116,0,31742254,POINT (611194.986834287 7807069.558262957),C
2023,3106200,1,25110,0,31565320,POINT (607992.1311380515 7806974.582625093),C
2023,3106200,1,26515,0,30520330,POINT (602467.5516275716 7794760.078071804),C
2023,3106200,1,31012,0,30865080,POINT (602691.8124671205 7798233.7677121945),C
2023,3106200,1,18130,0,30190060,POINT (611113.2363536702 7796809.587206901),C
2023,3106200,1,23303,0,30180000,POINT (608686.9574974033 7797575.502738768),C
2023,3106200,1,31012,0,30692530,POINT (599267.1708291171 7788795.670296662),C
2023,3106200,1,25110,0,30640050,POINT (603055.4333238321 7790985.467345793),C
2023,3106200,1,25128,0,31950000,POINT (614771.1795141533 7802575.627140684),C
2023,3106200,1,14118,0,30190062,POINT (609986.6842825616 7797121.324823307),C
2023,3106200,1,28291,0,31525020,POINT (607840.3695090357 7807787.568987999),C
2023,3106200,1,18229,0,30690150,POINT (599602.065313008 7790355.596556831),C
2023,3106200,1,10911,0,30260270,POINT (614149.8401792693 7796468.7463457845),C
2023,3106200,1,33121,0,30530160,POINT (604693.4260934778 7795985.309980199),C
2023,3106200,1,33210,0,31660020,POINT (606127.8698570433 7810042.019951836),C
2023,3106200,1,28291,0,30668271,POINT (601968.5408317663 7788519.7910491),C
2023,3106200,1,33147,0,31710400,POINT (609483.2838780407 7805454.395819402),C
2023,3106200,1,17419,0,31970270,POINT (617110.023234287 7803796.685547013),C
2023,3106200,1,23303,0,31555230,POINT (606951.7012111647 7805665.508556216),C
2023,3106200,1,32507,0,30170133,POINT (610828.2761808513 7796667.523886204),C
2023,3106200,1,33163,0,30775520,POINT (607951.9286104081 7799192.498565974),C
2023,3106200,1,25420,0,30570650,POINT (607208.7754345424 7792283.781189794),C
2023,3106200,1,10945,0,30411208,POINT (608204.1551990063 7796041.4759803265),C
2023,3106200,1,32124,0,30130130,POINT (611930.4322111206 7795907.22037837),C
2023,3106200,1,22293,0,31250050,POINT (608665.2340201971 7800230.308573728),C
2023,3106200,1,10911,0,31310460,POINT (606427.8493905084 7802634.902092445),C
2023,3106200,1,14134,0,30840460,POINT (604974.5966605119 7800494.7950906865),C
2023,3106200,1,33147,0,31920490,POINT (613800.5408897442 7802473.079848014),C
2023,3106200,1,25993,0,30390150,POINT (607328.9127185603 7788164.989593828),C
2023,3106200,1,23915,0,31155630,POINT (612436.4519851478 7798183.467018176),C
2023,3106200,1,18130,0,30180090,POINT (609670.7056510712 7796683.52324542),C
2023,3106200,1,33121,0,31720180,POINT (609172.5310611494 7806817.850084603),C
2023,3106200,1,33295,0,31615060,POINT (609004.6861032699 7809137.602864297),C
2023,3106200,1,18211,0,30441051,POINT (608921.8167932313 7795452.90069909),C
2023,3106200,1,10911,0,31360040,POINT (604079.4725298999 7802667.680891829),C
2023,3106200,1,10929,0,31742093,POINT (611768.8173644242 7806417.878517763),C
2023,3106200,1,25934,0,30580003,POINT (605981.4274385398 7792633.827993095),C
2023,3106200,1,33210,0,30882200,POINT (603769.1987952038 7800888.504645548),C
2023,3106200,1,32116,0,31930010,POINT (614773.2251649917 7802351.342478922),C
2023,3106200,1,18229,0,31930700,POINT (614343.370018585 7803191.869551472),C
2023,3106200,1,33163,0,30431320,POINT (607859.6174641392 7794605.180845284),C
2023,3106200,1,16226,0,30575815,POINT (607321.1505097745 7790464.135914478),C
2023,3106200,1,31012,0,30622582,POINT (606306.4608997742 7788947.4763991535),C
2023,3106200,1,32990,0,30510310,POINT (605522.8139966305 7794630.0364819),C
2023,3106200,1,25420,0,31525260,POINT (607256.261030227 7807639.624892693),C
2023,3106200,1,23303,0,31980390,POINT (613760.6894532049 7804010.3479611855),C
2023,3106200,1,32990,0,30451381,POINT (607958.6039454108 7793665.569712851),C
2023,3106200,1,10937,0,31010370,POINT (613941.6216312605 7797490.828821497),C
2023,3106200,1,28623,0,30431285,POINT (607559.7348435299 7795059.392052592),C
2023,3106200,1,31012,0,30510780,POINT (605199.531772197 7794180.772861999),C
2023,3106200,1,18130,0,30120045,POINT (610679.3577317268 7797362.4114293475),C
2023,3106200,1,10911,0,30640140,POINT (602504.3581377916 7790777.018168239),C
2023,3106200,1,33198,0,30240300,POINT (612930.0838402624 7795956.816353876),C
2023,3106200,1,32116,0,30411120,POINT (608377.4406181427 7796523.9267331725),C
2023,3106200,1,33147,0,30130138,POINT (611703.8720876882 7795063.870987574),C
2023,3106200,1,33121,0,30870120,POINT (603789.408632537 7798459.210331794),C
2023,3106200,1,33147,0,31910442,POINT (613189.8261452989 7802182.818767682),C
2023,3106200,1,18130,0,30720450,POINT (607192.7130670492 7797376.379527844),C
2023,3106200,1,32990,0,30770380,POINT (607400.8868932101 7798783.493259604),C
2023,3106200,1,16234,0,30620395,POINT (603980.3348874142 7788958.30129168),C
2023,3106200,1,28526,0,31520100,POINT (608263.0158686865 7807926.983414673),C
2023,3106200,1,33295,0,31870670,POINT (615001.4891243825 7806401.207813981),C
2023,3106200,1,10911,0,31255170,POINT (609227.1011637574 7801658.210381579),C
2023,3106200,1,32990,0,30830150,POINT (604621.3434580069 7798380.00851131),C
2023,3106200,1,22129,0,31170030,POINT (612349.8512721914 7800053.169823759),C
2023,3106200,1,32990,0,30668277,POINT (601757.5898812293 7786912.287255617),C
2023,3106200,1,13596,0,30750190,POINT (606663.3411611235 7799262.938331259),C
2023,3106200,1,25420,0,31990010,POINT (615228.2603351239 7804441.214860374),C
2023,3106200,1,18300,0,30575232,POINT (607130.7791461861 7791052.712653739),C
2023,3106200,1,33147,0,31545000,POINT (604874.0355886678 7806962.358475158),C
2023,3106200,1,23303,0,30662060,POINT (600432.9959300732 7789229.748579523),C
2023,3106200,1,18130,0,31235060,POINT (609444.7301796527 7800378.309842611),C
2023,3106200,1,10520,0,31360280,POINT (603316.1610232469 7802400.336611465),C
2023,3106200,1,21220,0,30881040,POINT (602394.332612991 7799014.163337354),C
2023,3106200,1,33147,0,30660312,POINT (602476.3343325437 7789308.644655118),C
2023,3106200,1,10112,0,30431189,POINT (608333.4974046625 7794585.027826212),C
2023,3106200,1,33147,0,31814120,POINT (612221.3099166482 7804202.905799235),C
2023,3106200,1,33121,0,30880050,POINT (603756.305323901 7799236.834025681),C
2023,3106200,1,25390,0,30610030,POINT (603834.9829059865 7792736.433550415),C
2023,3106200,1,33112,0,31130600,POINT (610963.4980749757 7800445.4256422315),C
2023,3106200,1,10660,0,31872810,POINT (615552.9613668141 7807829.973842935),C
2023,3106200,1,23192,0,31950215,POINT (615434.1326121853 7802344.4526070915),C
2023,3106200,1,10813,0,30140040,POINT (612718.711494687 7796400.049954275),C
2023,3106200,1,25128,0,31742299,POINT (611272.2099502276 7807547.203473581),C
2023,3106200,1,33139,0,30510200,POINT (605473.8582872158 7794865.271772061),C
2023,3106200,1,33147,0,31620260,POINT (608575.2958040002 7809594.82823316),C
2023,3106200,1,33147,0,31970390,POINT (617214.2367066491 7804396.5330526065),C
2023,3106200,1,13545,0,30660560,POINT (601968.4225630423 7788954.338066882),C
2023,3106200,1,33210,0,31310330,POINT (606708.7571411452 7802638.940950198),C
2023,3106200,1,25420,0,30627172,POINT (602115.4156808543 7788323.917384665),C
2023,3106200,1,18229,0,31150440,POINT (609964.3234360057 7801738.357234959),C
2023,3106200,1,25993,0,30240030,POINT (613127.95541679 7795017.8289129175),C
2023,3106200,1,33210,0,30220400,POINT (613605.8513104632 7794719.926370876),C
2023,3106200,1,22196,0,30710090,POINT (609902.8771121943 7797570.174395533),C
2023,3106200,1,33121,0,30190003,POINT (610017.5978690815 7796838.669406331),C
2023,3106200,1,32922,0,30730440,POINT (606079.3579687728 7797668.464168083),C
2023,3106200,1,33210,0,31260270,POINT (611012.7332965038 7803584.804629499),C
2023,3106200,1,29492,0,31170070,POINT (612390.7159130927 7800107.408285486),C
2023,3106200,1,33147,0,31140040,POINT (611949.553703338 7799305.0119630415),C
2023,3106200,1,10961,0,31050297,POINT (615736.7027224355 7799658.44291842),C
2023,3106200,1,32400,0,30431041,POINT (608069.3279962086 7795508.425063164),C
2023,3106200,1,25993,0,31235130,POINT (608384.971759592 7799565.723217109),C
2023,3106200,1,10929,0,30770180,POINT (607790.7515316736 7798309.891163776),C
2023,3106200,1,33121,0,31615030,POINT (609070.0499423572 7809173.561853591),C
2023,3106200,1,10911,0,30720060,POINT (607417.8990288755 7797487.1735474225),C
2023,3106200,1,11135,0,30390480,POINT (608976.985421198 7789284.505018103),C
2023,3106200,1,10996,0,30690580,POINT (599358.6584405887 7790625.555471882),C
2023,3106200,1,25128,0,30451158,POINT (608448.5988942501 7794131.65574753),C
2023,3106200,1,18229,0,30170130,POINT (611018.0487169141 7797413.578754906),C
2023,3106200,1,25420,0,30662060,POINT (600432.9959300732 7789229.748579523),C
2023,3106200,1,23494,0,30493175,POINT (608186.5799734689 7791116.025116796),C
2023,3106200,1,10996,0,31270350,POINT (609642.6224901137 7803826.005977841),C
2023,3106200,1,18130,0,30882090,POINT (603672.4703820555 7800724.6964452285),C
2023,3106200,1,31021,0,30550190,POINT (606564.5688975231 7794585.971778337),C
2023,3106200,1,28135,0,30640170,POINT (602792.7956346256 7791403.725740176),C
2023,3106200,1,25934,0,30810000,POINT (606748.5182189122 7799645.723718284),C
2023,3106200,1,25390,0,30881110,POINT (602557.5982915929 7799287.203596278),C
2023,3106200,1,18130,0,30640000,POINT (602652.3660664924 7790798.705227359),C
2023,3106200,1,10660,0,30140003,POINT (611802.9756379431 7795934.987776488),C
2023,3106200,1,10538,0,31570200,POINT (606765.028041051 7809549.472898491),C
2023,3106200,1,10996,0,31210140,POINT (610546.0978422954 7797860.602310255),C
2023,3106200,1,33147,0,31742073,POINT (611164.4341298785 7806667.444695249),C
2023,3106200,1,10911,0,30775560,POINT (608040.0659751218 7799213.58394647),C
2023,3106200,1,31012,0,30622020,POINT (605558.4156894133 7789820.821902302),C
2023,3106200,1,33163,0,31270310,POINT (609404.8488701548 7803570.120010533),C
2023,3106200,1,18211,0,31015172,POINT (612060.5692169667 7797815.246722652),C
2023,3106200,1,15319,0,30720310,POINT (607224.4108077529 7797356.898823267),C
2023,3106200,1,18229,0,30220000,POINT (612909.3467211042 7794956.31069012),C
2023,3106200,1,15211,0,30570320,POINT (607840.0519212134 7792726.126230668),C
2023,3106200,1,32507,0,30120060,POINT (611263.5189024783 7797065.528301422),C
2023,3106200,1,23303,0,31070330,POINT (615658.1056979867 7800260.234210298),C
2023,3106200,1,10937,0,30672490,POINT (601898.4754616899 7785306.167283874),C
2023,3106200,1,18130,0,30750030,POINT (606623.063896834 7798481.883737709),C
2023,3106200,1,32990,0,30640200,POINT (602564.1151651946 7791329.280371958),C
2023,3106200,1,10996,0,30140074,POINT (610724.7556358913 7796216.712880259),C
2023,3106200,1,14134,0,30411156,POINT (608733.5521977795 7796329.063332558),C
2023,3106200,1,10911,0,30640090,POINT (602936.0953938077 7790495.785255728),C
2023,3106200,1,10911,0,30710580,POINT (608645.4300796513 7797799.153700128),C
2023,3106200,1,27333,0,30530100,POINT (604410.7101300618 7796281.736681464),C
2023,3106200,1,18130,0,30642490,POINT (603615.8018260954 7789600.881515756),C
2023,3106200,1,18130,0,30730050,POINT (606266.4285502848 7796976.206563842),C
2023,3106200,1,33147,0,30390230,POINT (607722.224415831 7788424.701441208),C
2023,3106200,1,15319,0,30880400,POINT (602242.453929123 7798505.797466174),C
2023,3106200,1,32990,0,30520440,POINT (602330.2609839318 7794941.708360581),C
2023,3106200,1,33147,0,30626060,POINT (603181.8619940103 7788340.7934133075),C
2023,3106200,1,10996,0,31150660,POINT (611248.5913550338 7801366.518734311),C
2023,3106200,1,23303,0,31640560,POINT (607614.4549589576 7810849.145320287),C
2023,3106200,1,33147,0,30494060,POINT (608135.3026325086 7792594.329330077),C
2023,3106200,1,25322,0,30510000,POINT (604943.6396112863 7795029.020040604),C
2023,3106200,1,33147,0,31655230,POINT (606173.5202376362 7811539.256308735),C
2023,3106200,1,33147,0,31365052,POINT (604553.8851493172 7802044.459351918),C
2023,3106200,1,25420,0,30690730,POINT (598423.3322417676 7790947.205633573),C
2023,3106200,1,33121,0,30220000,POINT (612909.3467211042 7794956.31069012),C
2023,3106200,1,17494,0,31130620,POINT (611264.5177818239 7799864.185478799),C
2023,3106200,1,33147,0,31910480,POINT (613577.6475459338 7802638.011264306),C
2023,3106200,1,25128,0,30220110,POINT (612880.05424636 7794888.055322907),C
2023,3106200,1,31012,0,30451680,POINT (608182.247450022 7793256.001870342),C
2023,3106200,1,32507,0,30170132,POINT (610696.6542425556 7796245.661097897),C
2023,3106200,1,32990,0,30662010,POINT (600935.8683558679 7789760.18358326),C
2023,3106200,1,27317,0,30518140,POINT (604161.681402615 7793540.097900954),C
2023,3106200,1,33147,0,30820272,POINT (604815.9090273551 7798316.57051305),C
2023,3106200,1,10911,0,31742227,POINT (611528.8266649067 7807419.453305799),C
2023,3106200,1,33147,0,31655000,POINT (606725.5887887513 7811458.196050189),C
2023,3106200,1,25390,0,31255180,POINT (609435.7384449337 7802070.971322649),C
2023,3106200,1,18300,0,31160620,POINT (611991.7915015295 7802562.752712434),C
2023,3106200,6,25926,0,30130003,POINT (611230.1732924248 7796860.325648531),C
2023,3106200,1,18113,0,30421465,POINT (607488.879245809 7793732.818647734),C
2023,3106200,1,10911,0,31744543,POINT (610801.3060861946 7808340.377944432),C
2023,3106200,1,33121,0,30525230,POINT (603145.861608471 7795380.76744581),C
2023,3106200,1,31012,0,30555140,POINT (606868.7321208501 7793292.521983944),C
2023,3106200,1,32507,0,30881580,POINT (603301.9924939611 7800755.885903791),C
2023,3106200,1,31012,0,30570080,POINT (606506.1516727965 7792688.037866956),C
2023,3106200,1,12204,0,31812240,POINT (611940.1967115222 7805023.3616696885),C
2023,3106200,1,10911,0,30421473,POINT (607960.9604540295 7793432.825992651),C
2023,3106200,1,32990,0,30170008,POINT (609756.9865681406 7795542.851740453),C
2023,3106200,1,25128,0,31250700,POINT (608691.3232790651 7800456.221567741),C
2023,3106200,1,18211,0,30770080,POINT (608105.0489950491 7798164.939621415),C
2023,3106200,1,13511,0,31310270,POINT (606856.663869864 7800285.2763800295),C
2023,3106200,1,33112,0,30350250,POINT (610414.4101106211 7793803.628866472),C
2023,3106200,1,23915,0,31515300,POINT (609251.4940790934 7807508.929640653),C
2023,3106200,1,31012,0,30690250,POINT (599897.8335877641 7790540.569085972),C
2023,3106200,1,10911,0,30421418,POINT (607455.0898948925 7794104.782108674),C
2023,3106200,1,31012,0,30690400,POINT (599218.0312207764 7790943.238681076),C
2023,3106200,1,25420,0,30622582,POINT (606306.4608997742 7788947.4763991535),C
2023,3106200,1,18229,0,31030360,POINT (612853.6849847306 7798863.13762021),C
2023,3106200,1,33139,0,31840430,POINT (612971.8577695523 7805412.230676547),C
2023,3106200,1,25420,0,30730420,POINT (606188.6804364371 7797477.667669046),C
2023,3106200,1,25128,0,30730440,POINT (606079.3579687728 7797668.464168083),C
2023,3106200,1,33139,0,30628015,POINT (603987.4748708329 7787390.227772024),C
2023,3106200,1,10911,0,31320100,POINT (606273.3737364823 7801413.099612856),C
2023,3106200,1,31012,0,31812200,POINT (611916.2845690771 7804909.85239245),C
2023,3106200,1,31012,0,30390450,POINT (608261.422472772 7788588.5054572765),C
2023,3106200,1,11135,0,30530100,POINT (604410.7101300618 7796281.736681464),C
2023,3106200,1,33121,0,30770190,POINT (607675.660643439 7798452.326902101),C
2023,3106200,1,25993,0,30431058,POINT (608319.5730730513 7795565.170047771),C
2023,3106200,1,33147,0,31310440,POINT (606441.8762998915 7802565.206737051),C
2023,3106200,1,10911,0,30575740,POINT (607230.9672912022 7790900.114572211),C
2023,3106200,1,10538,0,30310010,POINT (611669.6586448002 7794432.6552115735),C
2023,3106200,1,18300,0,30720420,POINT (607038.9819150227 7797051.67920152),C
2023,3106200,1,25993,0,31230030,POINT (608646.9408773164 7798422.70538925),C
2023,3106200,1,10961,0,31535220,POINT (606406.2447517794 7808460.522960815),C
2023,3106200,1,18300,0,30220280,POINT (613318.0365896965 7794660.97923387),C
2023,3106200,1,33147,0,31650710,POINT (607654.3817383766 7811524.065155018),C
2023,3106200,1,33147,0,30120060,POINT (611263.5189024783 7797065.528301422),C
2023,3106200,1,18130,0,31330382,POINT (604528.2723972069 7801927.47584663),C
2023,3106200,1,20134,0,30320670,POINT (610663.712773355 7790872.69603222),C
2023,3106200,1,31012,0,31990350,POINT (615412.6684422274 7804910.691251267),C
2023,3106200,1,10911,0,31310430,POINT (606508.2699045854 7802699.575516669),C
2023,3106200,1,31012,0,30627215,POINT (602236.7721759052 7788755.4099635845),C
2023,3106200,1,33210,0,30620230,POINT (604325.5036111051 7790136.727494071),C
2023,3106200,1,20631,0,30310403,POINT (612534.6634402205 7793428.474620034),C
2023,3106200,1,33147,0,30620210,POINT (604545.1092258482 7790534.306224915),C
2023,3106200,1,25128,0,30850160,POINT (604704.926370035 7797579.55343413),C
2023,3106200,1,33210,0,30668277,POINT (601757.5898812293 7786912.287255617),C
2023,3106200,1,18130,0,31560210,POINT (607329.8680321962 7805786.363210702),C
2023,3106200,1,22226,0,30431214,POINT (607929.6200381373 7794678.413418885),C
2023,3106200,1,32990,0,30626670,POINT (603733.0440072248 7787778.632758077),C
2023,3106200,1,25993,0,30550510,POINT (607224.9600040502 7794031.719090199),C
2023,3106200,1,23303,0,30662510,POINT (599612.8738212744 7789618.429707394),C
2023,3106200,1,10996,0,30350180,POINT (609883.8069594895 7794319.058587944),C
2023,3106200,1,13511,0,31170210,POINT (612619.2495434436 7800650.292491173),C
2023,3106200,1,33147,0,30810010,POINT (606175.614694954 7799086.229293892),C
2023,3106200,1,18130,0,30170124,POINT (610780.3676922158 7797053.733559791),C
2023,3106200,1,26515,0,31255170,POINT (609227.1011637574 7801658.210381579),C
2023,3106200,1,27406,0,30880240,POINT (603156.8438214557 7799023.531799974),C
2023,3106200,1,28402,0,31330340,POINT (604803.3221722123 7801974.703657243),C
2023,3106200,1,24113,0,30130141,POINT (611623.2563022304 7795304.397508532),C
2023,3106200,1,33147,0,30622260,POINT (605580.1755605629 7789620.0163781755),C
2023,3106200,1,10961,0,31620240,POINT (607843.824018744 7810399.556838471),C
2023,3106200,1,32990,0,30510280,POINT (605435.2158262194 7794828.855354768),C
2023,3106200,1,13405,0,31230770,POINT (609742.8608531607 7799844.526924474),C
2023,3106200,1,22293,0,31560200,POINT (607673.8073741391 7806531.948137606),C
2023,3106200,1,33147,0,30315350,POINT (611971.3050075219 7792666.537682263),C
2023,3106200,1,33139,0,30710180,POINT (609297.5492886758 7797553.93073993),C
2023,3106200,1,10911,0,30670370,POINT (602996.7896034747 7787033.088405335),C
2023,3106200,1,31012,0,30510203,POINT (605520.3330648938 7794913.808952622),C
2023,3106200,1,14134,0,31255510,POINT (610028.7737897424 7802721.422426606),C
2023,3106200,1,16293,0,30882560,POINT (603852.0670593004 7801562.947138259),C
2023,3106200,1,10911,0,30664000,POINT (600401.747247779 7788334.724737674),C
2023,3106200,1,10911,0,31814090,POINT (612546.6133723044 7804208.857691856),C
2023,3106200,1,32124,0,30360240,POINT (609868.2113458181 7792369.423366366),C
2023,3106200,1,10317,0,30730530,POINT (606228.5860943276 7797805.109690879),C
2023,3106200,1,25420,0,30580002,POINT (605658.1366429963 7792355.626868982),C
2023,3106200,1,33210,0,30622110,POINT (605739.4742059369 7790020.5901367385),C
2023,3106200,1,33139,0,31741382,POINT (611117.9034522069 7804790.697807597),C
2023,3106200,1,18229,0,30750470,POINT (607266.4604751193 7799430.452167045),C
2023,3106200,1,33147,0,30510000,POINT (604943.6396112863 7795029.020040604),C
2023,3106200,1,31012,0,30130138,POINT (611703.8720876882 7795063.870987574),C
2023,3106200,1,18229,0,31035400,POINT (612845.2934840854 7799378.615731515),C
2023,3106200,1,32116,0,30190001,POINT (611189.4195325695 7796512.689598657),C
2023,3106200,1,18130,0,31555120,POINT (606607.6192589448 7805775.908086872),C
2023,3106200,1,33147,0,30640150,POINT (602438.8716779362 7790724.7137371795),C
2023,3106200,1,28291,0,30710440,POINT (608378.9212626969 7797692.983599978),C
2023,3106200,1,31012,0,30662050,POINT (600630.7062652269 7789748.630746374),C
2023,3106200,1,10911,0,30160010,POINT (611424.5862606199 7797301.917356297),C
2023,3106200,1,10911,0,30840490,POINT (605109.4779254217 7800463.307626515),C
2023,3106200,1,10996,0,30260250,POINT (613655.0299675544 7796390.447573381),C
2023,3106200,1,18211,0,31230440,POINT (609138.3022617402 7799523.63709265),C
2023,3106200,1,25128,0,30570080,POINT (606506.1516727965 7792688.037866956),C
2023,3106200,1,33295,0,30411560,POINT (606621.0979109079 7796296.473063605),C
2023,3106200,1,10813,0,30720390,POINT (606927.7008015682 7796729.494241174),C
2023,3106200,1,10911,0,31230220,POINT (610357.9254373297 7799509.226967054),C
2023,3106200,1,29506,0,31730600,POINT (610556.184154506 7806254.906137407),C
2023,3106200,1,13405,0,31580000,POINT (605083.0739921834 7807741.498664096),C
2023,3106200,1,33155,0,31545240,POINT (603818.9256152906 7806358.384337608),C
2023,3106200,1,14126,0,30150040,POINT (611771.8989301655 7797225.207631121),C
2023,3106200,1,14126,0,30494170,POINT (609122.1981864319 7792525.142588442),C
2023,3106200,1,14126,0,31910670,POINT (613313.4229620191 7803011.424580986),C
2023,3106200,1,14126,0,30411120,POINT (608377.4406181427 7796523.9267331725),C
2023,3106200,1,14126,0,30810160,POINT (605922.6061108521 7799050.541195929),C
2023,3106200,1,14126,0,31540250,POINT (605337.2759405968 7807392.539517348),C
2023,3106200,1,14126,0,30692455,POINT (599014.5487021457 7788625.794981265),C
2023,3106200,1,14126,0,31970655,POINT (616814.4698995248 7803718.750538791),C
2023,3106200,1,14126,0,30720100,POINT (607249.9574573492 7797598.11687608),C
2023,3106200,1,14126,0,30692665,POINT (599894.1221075337 7788392.837047673),C
2023,3106200,1,14126,0,30380403,POINT (609214.9208984424 7794391.229745487),C
2023,3106200,1,14126,0,30120040,POINT (610619.8675649213 7797118.131541537),C
2023,3106200,1,14126,0,30190110,POINT (610020.6128987402 7796908.619789165),C
2023,3106200,1,14126,0,31575300,POINT (605138.2255523613 7809529.084215585),C
2023,3106200,1,14126,0,31110050,POINT (611724.3454627277 7798270.49813969),C
2023,3106200,1,14126,0,30750040,POINT (606575.596200544 7798412.545763869),C
2023,3106200,1,14126,0,30220000,POINT (612909.3467211042 7794956.31069012),C
2023,3106200,1,14126,0,30411230,POINT (608010.426546786 7796007.897130506),C
2023,3106200,1,14126,0,30190003,POINT (610017.5978690815 7796838.669406331),C
2023,3106200,1,14126,0,30330050,POINT (611337.4884690068 7794384.8425021265),C
2023,3106200,1,14126,0,31155570,POINT (611766.5106126588 7802785.166167326),C
2023,3106200,1,14126,0,31535630,POINT (607197.6270351652 7808974.715182947),C
2023,3106200,1,14126,0,30310370,POINT (611954.0962640623 7794202.108816568),C
2023,3106200,1,14126,0,30160042,POINT (610872.9349222002 7796342.394877501),C
2023,3106200,1,14126,0,30190005,POINT (610798.6274360683 7796633.507155644),C
2023,3106200,1,14126,0,31744830,POINT (611351.0730634308 7808714.638587702),C
2023,3106200,1,14126,0,30310560,POINT (611849.9068502579 7794519.756594702),C
2023,3106200,1,14126,0,30180101,POINT (610498.3922693222 7796553.766112114),C
2023,3106200,1,28691,32,30390080,POINT (608215.9343235318 7789452.77103061),C
2023,3106200,1,28691,28,31515300,POINT (609251.4940790934 7807508.929640653),C
2023,3106200,1,22293,13,30532060,POINT (604182.8855034108 7795033.010483275),C
2023,3106200,1,25128,50,31170030,POINT (612349.8512721914 7800053.169823759),C
2023,3106200,1,33147,28,30140171,POINT (610917.3475650011 7794893.592286294),C
2023,3106200,1,10911,27,30881470,POINT (603596.1813531787 7800131.188546509),C
2023,3106200,1,10911,13,30530000,POINT (604647.9434408122 7796401.661538703),C
2023,3106200,1,20622,13,30664004,POINT (600572.5373172355 7788334.692721503),C
2023,3106200,1,15335,13,30411220,POINT (608310.325310029 7795826.214311475),C
2023,3106200,1,23117,18,30855075,POINT (602166.5093241229 7796274.376227353),C
2023,3106200,1,10911,33,31260140,POINT (610620.03694592 7803763.655927455),C
2023,3106200,1,32507,50,30720410,POINT (606871.367724471 7796946.376937835),C
2023,3106200,1,25390,13,31560200,POINT (607673.8073741391 7806531.948137606),C
2023,3106200,1,28291,19,31255210,POINT (608975.5327576961 7802077.900814832),C
2023,3106200,1,24245,71,30710010,POINT (609859.2705173641 7797843.611382339),C
2023,3106200,1,20631,12,31575130,POINT (605334.2575451621 7809678.222152394),C
2023,3106200,1,33147,15,30550390,POINT (606265.335201818 7793586.441944443),C
2023,3106200,1,23303,23,30390000,POINT (608267.0808348136 7788337.049362039),C
2023,3106200,1,28691,12,30390080,POINT (608215.9343235318 7789452.77103061),C
2023,3106200,1,18130,19,31565000,POINT (608494.2582615721 7806515.645332832),C
2023,3106200,1,16226,32,31615250,POINT (607913.6597240956 7809501.351518203),C
2023,3106200,1,32507,34,31210120,POINT (610301.4267384784 7798193.168675518),C
2023,3106200,1,18130,37,30710440,POINT (608378.9212626969 7797692.983599978),C
2023,3106200,1,10911,89,30710180,POINT (609297.5492886758 7797553.93073993),C
2023,3106200,1,25128,25,30642530,POINT (603658.2357353719 7789522.882888384),C
2023,3106200,1,21238,15,30710460,POINT (608285.9887852467 7797650.028518124),C
2023,3106200,1,10911,12,30431038,POINT (607961.9022152238 7795603.500086332),C
2023,3106200,1,10911,25,30441048,POINT (609244.0277295024 7795370.333644308),C
2023,3106200,1,18113,146,30390082,POINT (608013.1596953577 7789553.329666922),C
2023,3106200,1,31012,18,31565480,POINT (608290.6751550222 7806727.271107357),C
2023,3106200,1,25390,27,31255180,POINT (609435.7384449337 7802070.971322649),C
2023,3106200,1,10139,16,31746001,POINT (611082.3675802149 7809448.478181628),C
2023,3106200,1,11135,12,31255200,POINT (608851.5216657304 7801730.820281412),C
2023,3106200,1,15297,87,31330430,POINT (605399.8550685986 7800590.12580206),C
2023,3106200,1,10911,27,31255200,POINT (608851.5216657304 7801730.820281412),C
2023,3106200,1,33121,13,30620180,POINT (604761.7549871485 7790124.862138405),C
2023,3106200,1,27597,26,31814320,POINT (612666.0437307367 7804811.324238966),C
2023,3106200,1,10911,14,31660250,POINT (606253.614038548 7810711.912736349),C
2023,3106200,1,11119,55,30882640,POINT (604003.0651739292 7800816.198453605),C
2023,3106200,1,10911,17,31565312,POINT (608025.4451742532 7807192.156222668),C
2023,3106200,1,14142,47,30285410,POINT (614850.9919192478 7795953.2049969975),C
2023,3106200,1,15394,24,30190110,POINT (610020.6128987402 7796908.619789165),C
2023,3106200,1,33121,21,31270740,POINT (608899.4705858646 7804425.773951277),C
2023,3106200,1,10911,13,31540500,POINT (605952.9645718274 7807141.4867766835),C
2023,3106200,1,10996,14,31840140,POINT (612316.9128147692 7805599.604843981),C
2023,3106200,1,10911,16,31310530,POINT (606337.3444735244 7802359.624335969),C
2023,3106200,1,18113,15,31812200,POINT (611916.2845690771 7804909.85239245),C
2023,3106200,1,29506,45,30532050,POINT (604248.244511271 7795081.811815852),C
2023,3106200,1,25128,21,30610240,POINT (604359.746259262 7792813.347464184),C
2023,3106200,1,15211,80,31520085,POINT (608447.8783088117 7808132.539504753),C
2023,3106200,1,22293,13,31970130,POINT (616351.8254017025 7804082.947976092),C
2023,3106200,1,25128,12,30865230,POINT (602321.8185106594 7797170.7633976685),C
2023,3106200,1,23915,14,30570000,POINT (606436.9700635921 7793272.774026895),C
2023,3106200,1,10911,15,31970082,POINT (615757.8180437462 7803726.265041164),C
2023,3106200,1,17419,40,31230230,POINT (609920.1270551763 7799649.470843494),C
2023,3106200,1,25322,12,30668273,POINT (601656.7346636312 7787769.053702449),C
2023,3106200,1,10911,13,30315250,POINT (611286.325202837 7793514.703133734),C
2023,3106200,1,32507,23,30720410,POINT (606871.367724471 7796946.376937835),C
2023,3106200,1,18113,18,31230250,POINT (608745.0600936399 7799515.897026115),C
2023,3106200,1,10333,13,30510450,POINT (605833.4840463557 7794814.207462136),C
2023,3106200,1,25993,22,31270020,POINT (609593.5739464924 7803003.559899336),C
2023,3106200,1,10996,72,30210580,POINT (613002.4092045539 7794079.769809004),C
2023,3106200,1,10911,81,31560100,POINT (607606.0906669698 7805497.971808423),C
2023,3106200,1,17311,22,30820660,POINT (604811.4406006357 7799305.966367121),C
2023,3106200,1,32507,59,30710230,POINT (609141.0382149869 7797598.617977897),C
2023,3106200,1,25438,16,31710400,POINT (609483.2838780407 7805454.395819402),C
2023,3106200,1,31012,16,30510780,POINT (605199.531772197 7794180.772861999),C
2023,3106200,1,21238,24,31910570,POINT (613011.7890085361 7803259.2162831845),C
2023,3106200,1,26108,75,30710260,POINT (608941.8750750115 7797473.761393821),C
2023,3106200,1,25136,18,30610250,POINT (604321.2847966539 7792481.811153494),C
2023,3106200,1,10911,14,30850000,POINT (604876.7157205845 7797785.7134060245),C
2023,3106200,1,33295,14,30770584,POINT (607840.4503038845 7798728.685194935),C
2023,3106200,1,27317,18,31330382,POINT (604528.2723972069 7801927.47584663),C
2023,3106200,1,10996,17,30530290,POINT (604974.7471382609 7796118.628230754),C
2023,3106200,1,10911,33,31720300,POINT (609656.9377101753 7807095.986679008),C
2023,3106200,1,25993,60,30140100,POINT (611846.7412587393 7795467.108156069),C
2023,3106200,1,10911,22,30150101,POINT (611841.663457233 7797193.439222524),C
2023,3106200,1,33139,20,30110078,POINT (610514.008795482 7797564.565468913),C
2023,3106200,1,10911,14,30660304,POINT (602421.9539551017 7789342.940377388),C
2023,3106200,1,18130,13,30532210,POINT (604313.3269934595 7794736.029676156),C
2023,3106200,1,23915,14,30494080,POINT (608156.2294777605 7793074.274261529),C
2023,3106200,1,18113,21,31140260,POINT (611657.613604717 7799927.127438204),C
2023,3106200,1,10911,13,30160041,POINT (610942.8539048466 7796583.624193701),C
2023,3106200,1,32507,13,30411105,POINT (608278.7205679943 7796642.999616692),C
2023,3106200,1,17427,38,31741401,POINT (611555.1112377226 7804427.094010269),C
2023,3106200,1,10929,13,30532210,POINT (604313.3269934595 7794736.029676156),C
2023,3106200,1,22293,48,30670370,POINT (602996.7896034747 7787033.088405335),C
2023,3106200,1,28615,68,30170050,POINT (609526.6715491452 7795643.907274347),C
2023,3106200,1,32990,13,30411030,POINT (608473.8862351825 7797083.621063193),C
2023,3106200,1,15319,14,30880120,POINT (603557.153542684 7799616.803292009),C
2023,3106200,1,14126,13,30411330,POINT (607975.627412043 7796792.81817412),C
2023,3106200,1,14126,13,30640050,POINT (603055.4333238321 7790985.467345793),C
2023,3106200,1,14126,39,30411370,POINT (608039.5128154521 7797027.031835629),C
2023,3106200,1,14126,75,30411465,POINT (607445.5751338081 7796272.524193453),C
2023,3106200,1,14126,19,30431091,POINT (608421.0733013845 7795821.323782466),C
2023,3106200,1,14126,15,31010400,POINT (613967.4953006821 7797726.628034962),C
2023,3106200,1,10961,0,30494280,POINT (611099.9851163704 7802704.814226203),C
2023,3106200,1,32990,0,31814620,POINT (612500.986673834 7805310.113091268),C
2023,3106200,1,25128,0,30820170,POINT (605144.8142695861 7798832.641577246),C
2023,3106200,1,10961,0,30112006,POINT (610726.5839071006 7795041.11211918),C
2023,3106200,1,33147,0,31990380,POINT (615381.075588847 7805204.506210076),C
2023,3106200,1,14134,0,31535620,POINT (607153.2264364574 7809043.225424083),C
2023,3106200,1,33147,0,31620520,POINT (608056.7947953048 7809603.347492581),C
2023,3106200,1,10911,0,31160560,POINT (611903.3611416081 7802149.499731809),C
2023,3106200,1,10961,0,31560000,POINT (607657.7674539279 7805372.7747740485),C
2023,3106200,1,33210,0,30421125,POINT (606598.7275843442 7795555.675893429),C
2023,3106200,1,25993,0,30441078,POINT (609097.1029098857 7795105.40430457),C
2023,3106200,1,10945,0,30110012,POINT (612432.5367753574 7797092.962494083),C
2023,3106200,1,25128,0,31814470,POINT (612751.0705461515 7805087.042983153),C
2023,3106200,1,13596,0,31560110,POINT (607521.532630451 7805436.1054037195),C
2023,3106200,1,31012,0,31340060,POINT (605258.2149131343 7802632.231087277),C
2023,3106200,1,27317,0,30532190,POINT (604102.1331950178 7794553.22797283),C
2023,3106200,1,10911,0,30575400,POINT (606862.4799630732 7791753.482529281),C
2023,3106200,1,14134,0,31230230,POINT (609920.1270551763 7799649.470843494),C
2023,3106200,1,33147,0,31365610,POINT (603281.9479482258 7805007.691726167),C
2023,3106200,1,22293,0,31275000,POINT (608163.9078763784 7803490.994062541),C
2023,3106200,1,14134,0,30626660,POINT (603667.3668152527 7787845.417033439),C
2023,3106200,1,17311,0,30626280,POINT (603662.3205475778 7787463.357702589),C
2023,3106200,1,25110,0,31255056,POINT (608550.538306589 7801185.731995966),C
2023,3106200,1,27902,0,31515120,POINT (609237.7503081023 7807982.004210273),C
2023,3106200,1,25128,0,31130130,POINT (610009.3521769586 7799952.625866737),C
2023,3106200,1,18130,0,30431355,POINT (608094.2291502672 7794500.85020533),C
2023,3106200,1,11135,0,30280480,POINT (614813.05966463 7797723.888956999),C
2023,3106200,1,25390,0,30626700,POINT (604007.1151236433 7788190.877813257),C
2023,3106200,1,33139,0,31050020,POINT (616454.9525553638 7799560.982212533),C
2023,3106200,1,10996,0,30510270,POINT (605177.5209126292 7794546.891844349),C
2023,3106200,1,32990,0,30180110,POINT (610590.2267319143 7797375.6470610015),C
2023,3106200,1,27317,0,30512040,POINT (604273.4968169531 7794347.941582669),C
2023,3106200,1,18130,0,30881202,POINT (602758.2177564501 7799242.595725776),C
2023,3106200,1,33210,0,31840220,POINT (613057.0761396745 7805420.145210075),C
2023,3106200,1,33295,0,30350570,POINT (609454.5252837649 7792050.860775516),C
2023,3106200,1,10961,0,30360400,POINT (610187.3462296653 7792063.003490256),C
2023,3106200,1,25390,0,31620510,POINT (607949.3408079611 7810231.7734784605),C
2023,3106200,1,31012,0,30865030,POINT (602446.8775576684 7798063.114750335),C
2023,3106200,1,33147,0,30160040,POINT (611175.5834257342 7797453.71424054),C
2023,3106200,1,25390,0,31720500,POINT (610142.690204442 7806195.646890653),C
2023,3106200,1,25993,0,30640070,POINT (602186.9622160551 7790830.181816423),C
2023,3106200,1,18229,0,30310800,POINT (611657.6799001195 7793949.015415886),C
2023,3106200,1,10953,0,31573030,POINT (606236.8410100939 7809436.726062222),C
2023,3106200,1,25128,0,30610240,POINT (604359.746259262 7792813.347464184),C
2023,3106200,1,31012,0,30692515,POINT (599517.9551649689 7789079.116791761),C
2023,3106200,1,25420,0,30666480,POINT (601639.2585317414 7786515.209146662),C
2023,3106200,1,18130,0,31610160,POINT (608934.183502524 7808889.34357638),C
2023,3106200,1,27597,0,30525000,POINT (603813.5998304943 7795199.906381581),C
2023,3106200,1,10945,0,30310120,POINT (612073.9299153237 7794418.24238774),C
2023,3106200,1,33139,0,31140470,POINT (611942.674453146 7799829.30931732),C
2023,3106200,1,32507,0,30850440,POINT (604302.7550368943 7797413.928934597),C
2023,3106200,1,10961,0,30285070,POINT (615195.6608423509 7797614.30047184),C
2023,3106200,1,18130,0,30720160,POINT (607698.8993437456 7797309.804562042),C
2023,3106200,1,14134,0,30190110,POINT (610020.6128987402 7796908.619789165),C
2023,3106200,1,33295,0,31990370,POINT (615485.3475940003 7805028.408955377),C
2023,3106200,1,33139,0,30880020,POINT (603414.533395439 7799102.319938885),C
2023,3106200,1,25993,0,30870100,POINT (604095.4858176139 7798756.657046567),C
2023,3106200,1,33295,0,30190094,POINT (609477.1349371191 7795968.283404753),C
2023,3106200,1,19314,0,30380002,POINT (610127.2065761322 7794998.834678559),C
2023,3106200,1,33121,0,30514130,POINT (604776.8175048645 7793001.234994955),C
2023,3106200,1,32990,0,31320610,POINT (606266.982645811 7800002.07390371),C
2023,3106200,1,22293,0,30140111,POINT (611652.0750714049 7795383.090230463),C
2023,3106200,1,18130,0,30720430,POINT (607120.0096088963 7797157.509788124),C
2023,3106200,1,32507,0,31035410,POINT (610838.0691251701 7797621.856747204),C
2023,3106200,1,33295,0,30140130,POINT (612123.8822730288 7794962.645464011),C
2023,3106200,1,20711,0,30150310,POINT (612231.7068919736 7795977.850948559),C
2023,3106200,1,10911,0,31170200,POINT (612529.5734852257 7800573.820770444),C
2023,3106200,1,18229,0,30240390,POINT (613396.6000287165 7796520.478287898),C
2023,3106200,1,33121,0,31580050,POINT (604943.622613572 7807819.564870385),C
2023,3106200,1,33147,0,31840140,POINT (612316.9128147692 7805599.604843981),C
2023,3106200,1,18211,0,31010220,POINT (613215.8969353039 7797415.119094711),C
2023,3106200,1,20631,0,30775050,POINT (607618.7144029154 7799266.901487216),C
2023,3106200,1,10911,0,30310403,POINT (612534.6634402205 7793428.474620034),C
2023,3106200,1,25110,0,30110059,POINT (609407.7937213378 7795620.108114386),C
2023,3106200,1,33210,0,30644010,POINT (603234.5546860198 7789059.681398008),C
2023,3106200,1,25390,0,30668190,POINT (601041.2157901963 7788034.430664806),C
2023,3106200,1,33295,0,31990070,POINT (615928.4375008821 7804310.340153443),C
2023,3106200,1,26604,0,31560420,POINT (607349.8534335209 7806682.036348244),C
2023,3106200,1,11135,0,30530580,POINT (604588.9951375606 7795300.936695866),C
2023,3106200,1,33210,0,30642050,POINT (603201.1103124464 7790381.279105933),C
2023,3106200,1,32507,0,30640020,POINT (603122.6839642607 7790949.405556139),C
2023,3106200,1,18300,0,31140250,POINT (611626.6012338835 7800381.32061588),C
2023,3106200,1,24121,0,31015150,POINT (612477.1630226554 7797698.616031043),C
2023,3106200,1,28259,0,30820272,POINT (604815.9090273551 7798316.57051305),C
2023,3106200,1,33139,0,31255210,POINT (608975.5327576961 7802077.900814832),C
2023,3106200,1,25420,0,30280080,POINT (614704.9562834918 7798580.384392994),C
2023,3106200,1,32507,0,30570050,POINT (606238.3994859306 7792887.491040142),C
2023,3106200,1,33147,0,31530080,POINT (607324.090788716 7807059.9690562785),C
2023,3106200,1,18113,0,30532050,POINT (604248.244511271 7795081.811815852),C
2023,3106200,1,32990,0,30668660,POINT (601397.6031157208 7787497.531493035),C
2023,3106200,1,25128,0,31570170,POINT (606602.5116661008 7808906.7962821545),C
2023,3106200,1,10911,0,30170081,POINT (610427.8867061986 7796271.220746754),C
2023,3106200,1,33139,0,31710390,POINT (609268.9273110002 7805597.869743794),C
2023,3106200,1,18113,0,30411470,POINT (606999.9447966804 7796175.178850796),C
2023,3106200,1,31012,0,31970745,POINT (616141.4324318896 7803587.055461471),C
2023,3106200,1,25390,0,31910140,POINT (612651.3970350602 7802473.71615991),C
2023,3106200,1,10317,0,30720290,POINT (607263.7604144219 7797749.0280109225),C
2023,3106200,1,27902,0,30570420,POINT (606741.20902268 7792697.653221345),C
2023,3106200,1,33198,0,30520250,POINT (602703.1926880698 7794529.001175021),C
2023,3106200,1,15297,0,30516030,POINT (605905.5874292662 7793386.747240872),C
2023,3106200,1,11224,0,31160430,POINT (611912.6814879157 7801725.236998783),C
2023,3106200,1,25128,0,31155000,POINT (610201.9886895141 7802093.247216762),C
2023,3106200,1,17419,0,31980660,POINT (613914.8984156073 7804275.469906681),C
2023,3106200,1,10911,0,31530130,POINT (607160.8194172637 7807242.561543442),C
2023,3106200,1,29506,0,30690000,POINT (600195.1299162583 7790606.412097498),C
2023,3106200,1,10911,0,30664000,POINT (600401.747247779 7788334.724737674),C
2023,3106200,1,31012,0,31748075,POINT (610332.1598190948 7809981.654316375),C
2023,3106200,1,32914,0,30770100,POINT (607983.0698100317 7798526.820132935),C
2023,3106200,1,33121,0,31080154,POINT (613939.5302627994 7801585.391500853),C
2023,3106200,1,33295,0,31620090,POINT (608405.9432328556 7810378.636457122),C
2023,3106200,1,22226,0,31250310,POINT (608896.9223117235 7801064.044977717),C
2023,3106200,1,23991,0,30580480,POINT (605770.5323003277 7792787.9175750725),C
2023,3106200,1,23303,0,30620655,POINT (605232.8098803107 7790331.680954046),C
2023,3106200,1,25420,0,30620330,POINT (603788.9694509238 7789309.094565098),C
2023,3106200,1,33147,0,30170114,POINT (610271.6371930856 7796798.033446973),C
2023,3106200,1,25420,0,31230770,POINT (609742.8608531607 7799844.526924474),C
2023,3106200,1,17419,0,31520100,POINT (608263.0158686865 7807926.983414673),C
2023,3106200,1,33147,0,31742330,POINT (611391.5901608783 7807544.34828148),C
2023,3106200,1,10911,0,30512740,POINT (604293.766545926 7794054.520271),C
2023,3106200,1,10911,0,30170133,POINT (610828.2761808513 7796667.523886204),C
2023,3106200,1,10911,0,30640100,POINT (602782.3274247011 7790804.629966367),C
2023,3106200,1,23991,0,30510000,POINT (604943.6396112863 7795029.020040604),C
2023,3106200,1,25128,0,31255200,POINT (608851.5216657304 7801730.820281412),C
2023,3106200,1,10538,0,30710454,POINT (608234.879143398 7797591.82679816),C
2023,3106200,1,32400,0,30140001,POINT (612452.878911367 7796319.022285043),C
2023,3106200,1,31012,0,31720370,POINT (609618.0293162994 7806459.811136287),C
2023,3106200,1,33147,0,31330330,POINT (604884.7404167149 7801960.4169053575),C
2023,3106200,1,33295,0,31170270,POINT (612928.6400482405 7800472.1797792),C
2023,3106200,1,25420,0,30730170,POINT (606271.217043165 7797691.033091614),C
2023,3106200,1,10945,0,30710560,POINT (608532.1862748641 7797963.427054018),C
2023,3106200,1,10911,0,31840000,POINT (612085.6893230727 7805293.593489004),C
2023,3106200,1,33210,0,30295170,POINT (617229.8809667893 7797341.703604152),C
2023,3106200,1,15319,0,30880410,POINT (602386.5362315465 7798548.0387419425),C
2023,3106200,1,27325,0,31150690,POINT (611057.6530125282 7801776.07268036),C
2023,3106200,1,25322,0,31730553,POINT (610962.2813024028 7806556.942426389),C
2023,3106200,1,10961,0,31150570,POINT (610659.8955571022 7801480.807238897),C
2023,3106200,1,10911,0,31930010,POINT (614773.2251649917 7802351.342478922),C
2023,3106200,1,23991,0,31210440,POINT (609464.3440877121 7797863.242755787),C
2023,3106200,1,31012,0,31573470,POINT (605625.2506813105 7808648.4200479295),C
2023,3106200,1,25390,0,30850650,POINT (604189.458623127 7797204.664471873),C
2023,3106200,1,33147,0,31250570,POINT (609612.433042758 7801242.028699582),C
2023,3106200,1,10538,0,31652310,POINT (606807.0169203865 7812086.394168608),C
2023,3106200,1,32116,0,30330080,POINT (611200.3080183974 7794515.25333688),C
2023,3106200,1,33210,0,30620820,POINT (603786.0399150234 7790047.919267997),C
2023,3106200,1,33295,0,31270740,POINT (608899.4705858646 7804425.773951277),C
2023,3106200,1,18130,0,30626283,POINT (603525.5311761448 7787285.404826839),C
2023,3106200,1,29441,0,31140120,POINT (611820.7694628094 7799203.204946782),C
2023,3106200,1,18130,0,30411465,POINT (607445.5751338081 7796272.524193453),C
2023,3106200,1,32507,0,31080255,POINT (614336.7583220076 7800630.545611938),C
2023,3106200,1,28151,0,30660500,POINT (601384.4377764199 7789198.610340087),C
2023,3106200,1,27317,0,31270650,POINT (609221.4313468554 7804129.1459190305),C
2023,3106200,1,18300,0,31515120,POINT (609237.7503081023 7807982.004210273),C
2023,3106200,1,31012,0,30627172,POINT (602115.4156808543 7788323.917384665),C
2023,3106200,1,10911,0,31310240,POINT (606931.7425255117 7802302.940028834),C
2023,3106200,1,18130,0,31270310,POINT (609404.8488701548 7803570.120010533),C
2023,3106200,1,33147,0,30865200,POINT (602449.9219518375 7797639.0107723195),C
2023,3106200,1,22293,0,30170137,POINT (610458.3210237868 7795398.503869693),C
2023,3106200,1,23915,0,30421450,POINT (607502.1237886046 7794999.129879849),C
2023,3106200,1,32990,0,31720620,POINT (609871.328155926 7805964.000648872),C
2023,3106200,1,33210,0,30431420,POINT (607924.9512502186 7793977.189519709),C
2023,3106200,1,10945,0,30662060,POINT (600432.9959300732 7789229.748579523),C
2023,3106200,1,23494,0,31870700,POINT (615309.1136197464 7806331.784327226),C
2023,3106200,1,23915,0,31742052,POINT (611041.6170140074 7806519.822082043),C
2023,3106200,1,23915,0,31660110,POINT (606294.9124804202 7810152.628645686),C
2023,3106200,1,14134,0,31150220,POINT (610625.226600518 7801073.153143017),C
2023,3106200,1,23915,0,30390460,POINT (608360.0926253968 7788794.506766662),C
2023,3106200,1,33121,0,30421138,POINT (606746.5536857562 7795707.670080901),C
2023,3106200,1,10996,0,30810670,POINT (605451.5470040853 7800511.834285331),C
2023,3106200,1,28666,0,30660308,POINT (602255.4945485143 7789415.70464332),C
2023,3106200,1,33163,0,30140071,POINT (611361.84914954 7796036.839563304),C
2023,3106200,1,25128,0,31360060,POINT (603921.8157737959 7802528.448073376),C
2023,3106200,1,11135,0,30110039,POINT (610713.0002240587 7796788.145000299),C
2023,3106200,1,25390,0,31872670,POINT (616143.1065990325 7808408.833570207),C
2023,3106200,1,10961,0,31545000,POINT (604874.0355886678 7806962.358475158),C
2023,3106200,1,25420,0,30750130,POINT (606478.182471545 7798868.699351174),C
2023,3106200,1,33295,0,31270650,POINT (609221.4313468554 7804129.1459190305),C
2023,3106200,1,25420,0,30494015,POINT (608059.2568608542 7792945.571510578),C
2023,3106200,1,10911,0,30130141,POINT (611623.2563022304 7795304.397508532),C
2023,3106200,1,33121,0,31035070,POINT (613835.3400772979 7798862.763577872),C
2023,3106200,1,10911,0,30730440,POINT (606079.3579687728 7797668.464168083),C
2023,3106200,1,10911,0,31540230,POINT (605488.045064775 7807249.99283253),C
2023,3106200,1,17311,0,31030160,POINT (612477.0933231317 7798362.9990892075),C
2023,3106200,1,33295,0,30240370,POINT (613257.0443365067 7796436.244458877),C
2023,3106200,1,25420,0,31930380,POINT (614472.044503357 7803370.543564539),C
2023,3106200,1,25993,0,31255080,POINT (608961.2933021847 7801799.788460743),C
2023,3106200,1,15335,0,31810540,POINT (612339.536402584 7803394.691668335),C
2023,3106200,1,18130,0,30690580,POINT (599358.6584405887 7790625.555471882),C
2023,3106200,1,31012,0,31210240,POINT (609990.2059321646 7798042.11042223),C
2023,3106200,1,33121,0,31270250,POINT (609396.536708029 7803373.996410347),C
2023,3106200,1,25993,0,30390012,POINT (606945.9444051891 7787880.891331861),C
2023,3106200,1,10961,0,30270170,POINT (614244.5463847531 7796874.66443052),C
2023,3106200,1,32922,0,30624140,POINT (604584.2621396976 7788593.044097149),C
2023,3106200,1,31012,0,31545240,POINT (603818.9256152906 7806358.384337608),C
2023,3106200,1,33295,0,30570080,POINT (606506.1516727965 7792688.037866956),C
2023,3106200,1,25390,0,30642225,POINT (603046.1821216347 7789881.532401646),C
2023,3106200,1,28291,0,30640230,POINT (602335.3660003241 7791128.604285801),C
2023,3106200,1,33198,0,30520250,POINT (602703.1926880698 7794529.001175021),C
2023,3106200,1,32507,0,30525420,POINT (602753.2675612876 7795026.025734128),C
2023,3106200,1,31012,0,31270210,POINT (609375.026116277 7803246.124730216),C
2023,3106200,1,22293,0,30770390,POINT (607470.2759928898 7798773.444950035),C
2023,3106200,1,28542,0,31525000,POINT (607615.4604504697 7807943.015509379),C
2023,3106200,1,25322,0,31150260,POINT (610628.3531206527 7801203.626660783),C
2023,3106200,1,33139,0,30240410,POINT (613547.7724021458 7796326.664977999),C
2023,3106200,1,10538,0,31130192,POINT (609964.8863336119 7800566.72297683),C
2023,3106200,1,10911,0,31160370,POINT (612139.1368826258 7801219.838023085),C
2023,3106200,1,18113,0,30770170,POINT (607860.698877167 7798118.878168343),C
2023,3106200,1,17494,0,30750550,POINT (607508.6555446619 7799664.711243731),C
2023,3106200,1,10961,0,30180090,POINT (609670.7056510712 7796683.52324542),C
2023,3106200,1,31012,0,30240520,POINT (613923.1196121797 7795821.773302507),C
2023,3106200,1,31012,0,31160360,POINT (612291.905735308 7801671.694852525),C
2023,3106200,1,33295,0,30535610,POINT (605515.6041521295 7796505.438151167),C
2023,3106200,1,33295,0,30512670,POINT (604976.5201927423 7793336.57298338),C
2023,3106200,1,28691,0,31710400,POINT (609483.2838780407 7805454.395819402),C
2023,3106200,1,31012,0,30880590,POINT (602206.1371890452 7798639.055080835),C
2023,3106200,1,33163,0,31270540,POINT (609664.4600601684 7803789.526304177),C
2023,3106200,5,32116,0,30535620,POINT (605782.2324883463 7796470.1821051575),C
2023,3106200,1,33147,0,30640620,POINT (601767.8067537849 7790191.100430828),C
2023,3106200,1,18229,0,30360000,POINT (609852.1735398654 7793170.770296039),C
2023,3106200,1,33210,0,30493175,POINT (608186.5799734689 7791116.025116796),C
2023,3106200,1,33147,0,31170070,POINT (612390.7159130927 7800107.408285486),C
2023,3106200,1,10996,0,30810330,POINT (605584.3098886311 7799575.4161214195),C
2023,3106200,1,14134,0,30421125,POINT (606598.7275843442 7795555.675893429),C
2023,3106200,1,10911,0,30421031,POINT (607011.7203802426 7796137.145163001),C
2023,3106200,1,18130,0,31275000,POINT (608163.9078763784 7803490.994062541),C
2023,3106200,1,10996,0,31255160,POINT (609609.8520178599 7801935.170012089),C
2023,3106200,1,25420,0,30295200,POINT (616773.8259927445 7797472.02774352),C
2023,3106200,1,33147,0,30620020,POINT (604357.8215644031 7790743.106170834),C
2023,3106200,1,18211,0,30570000,POINT (606436.9700635921 7793272.774026895),C
2023,3106200,1,33147,0,31970596,POINT (617756.27016129 7803964.469547066),C
2023,3106200,1,31012,0,30130138,POINT (611703.8720876882 7795063.870987574),C
2023,3106200,1,29506,0,31270383,POINT (609048.2977876114 7804152.7637102045),C
2023,3106200,1,17320,0,31035009,POINT (613598.2545025507 7798451.455883771),C
2023,3106200,1,13405,0,31842270,POINT (612976.6533717385 7806438.768452584),C
2023,3106200,1,18130,0,31842030,POINT (612182.930887351 7806533.500293217),C
2023,3106200,1,32990,0,31741290,POINT (610184.4797716304 7805535.212191043),C
2023,3106200,1,25390,0,31741377,POINT (611223.8532419977 7804573.436207473),C
2023,3106200,1,33147,0,31270310,POINT (609404.8488701548 7803570.120010533),C
2023,3106200,1,18130,0,30421121,POINT (606782.1947518429 7795617.2322478015),C
2023,3106200,1,20622,0,31255160,POINT (609609.8520178599 7801935.170012089),C
2023,3106200,1,25420,0,31842390,POINT (612939.2027440723 7805861.679421139),C
2023,3106200,1,16226,0,30451438,POINT (608775.2649859645 7793777.957903672),C
2023,3106200,1,22293,0,30510000,POINT (604943.6396112863 7795029.020040604),C
2023,3106200,1,32507,0,31330290,POINT (605159.5840212582 7801911.4952284265),C
2023,3106200,1,10996,0,31910560,POINT (613232.6785195704 7803281.496099965),C
2023,3106200,1,33295,0,30140150,POINT (611326.4606746403 7795120.491506584),C
2023,3106200,1,29492,0,31050580,POINT (615384.3509059347 7799739.05644474),C
2023,3106200,1,13405,0,31565410,POINT (608558.2625466066 7807023.455341084),C
2023,3106200,1,18211,0,30180110,POINT (610590.2267319143 7797375.6470610015),C
2023,3106200,1,33210,0,30575160,POINT (607609.7127538364 7791084.240089616),C
2023,3106200,1,23494,0,30360300,POINT (610191.3888121275 7792451.387343165),C
2023,3106200,1,10911,0,31140650,POINT (611408.2861835036 7800446.647792663),C
2023,3106200,1,17419,0,30710090,POINT (609902.8771121943 7797570.174395533),C
2023,3106200,1,33147,0,31680130,POINT (605398.7387552046 7810056.623984056),C
2023,3106200,1,25390,0,30626310,POINT (603678.2241588429 7788396.540651176),C
2023,3106200,1,32990,0,30120064,POINT (610868.0769561391 7797153.421819221),C
2023,3106200,1,33198,0,30315250,POINT (611286.325202837 7793514.703133734),C
2023,3106200,1,25993,0,31565000,POINT (608494.2582615721 7806515.645332832),C
2023,3106200,1,26604,0,30880230,POINT (602831.5503651461 7799057.235761814),C
2023,3106200,1,32922,0,30270290,POINT (614440.5905982447 7796299.04873934),C
2023,3106200,1,13596,0,30535610,POINT (605515.6041521295 7796505.438151167),C
2023,3106200,1,10112,0,31270740,POINT (608899.4705858646 7804425.773951277),C
2023,3106200,1,31012,0,30421138,POINT (606746.5536857562 7795707.670080901),C
2023,3106200,1,32400,0,30664790,POINT (600542.8762836857 7787536.813047128),C
2023,3106200,1,15319,0,30411585,POINT (606671.2007153558 7795273.634867998),C
2023,3106200,1,29506,0,30850380,POINT (604440.9412409274 7797207.026753541),C
2023,3106200,1,20614,0,31070020,POINT (615515.9796802951 7800497.709875561),C
2023,3106200,1,18130,0,30850380,POINT (604440.9412409274 7797207.026753541),C
2023,3106200,1,25390,0,31250070,POINT (608536.6426115601 7800412.957296097),C
2023,3106200,1,13511,0,30620195,POINT (604695.8230485995 7790766.332574014),C
2023,3106200,1,22293,0,31741338,POINT (610379.4176478527 7804977.900787948),C
2023,3106200,1,33147,0,31530620,POINT (606565.1052824318 7808052.269589668),C
2023,3106200,1,18211,0,31560420,POINT (607349.8534335209 7806682.036348244),C
2023,3106200,1,31012,0,30810000,POINT (606748.5182189122 7799645.723718284),C
2023,3106200,1,33147,0,30775220,POINT (607862.5129631838 7800164.9105035085),C
2023,3106200,1,25314,0,31130760,POINT (611207.7406117157 7800748.520674673),C
2023,3106200,1,10911,0,30110047,POINT (610394.5529297931 7795117.897693858),C
2023,3106200,1,25438,0,30668272,POINT (601324.7231788054 7788008.117334845),C
2023,3106200,1,33210,0,30550460,POINT (606997.9266052082 7794164.714502263),C
2023,3106200,1,10996,0,30411480,POINT (607376.5651851515 7796309.706949018),C
2023,3106200,1,25420,0,31575576,POINT (605154.4841813392 7809297.146704696),C
2023,3106200,1,10911,0,31560300,POINT (607168.0989100318 7805970.031389961),C
2023,3106200,1,18229,0,30180110,POINT (610590.2267319143 7797375.6470610015),C
2023,3106200,1,22196,0,30180002,POINT (610047.6732572203 7796507.154371433),C
2023,3106200,1,18211,0,30350093,POINT (610165.9428496789 7795091.292728895),C
2023,3106200,1,26701,0,30880080,POINT (602751.7131270589 7797714.553884296),C
2023,3106200,1,15211,0,30610100,POINT (603609.358607244 7792916.040290019),C
2023,3106200,1,32116,0,30190062,POINT (609986.6842825616 7797121.324823307),C
2023,3106200,1,31012,0,31814164,POINT (612751.0881083179 7804246.198338516),C
2023,3106200,1,20622,0,30520080,POINT (603717.564785102 7794341.911674245),C
2023,3106200,1,33121,0,31550370,POINT (606509.7666590393 7805885.014756496),C
2023,3106200,1,33147,0,30660180,POINT (601677.1432954886 7789547.518587068),C
2023,3106200,1,33198,0,30170120,POINT (610924.8440915012 7797600.709663179),C
2023,3106200,1,32990,0,31844570,POINT (613224.0502522036 7805587.51854813),C
2023,3106200,1,10945,0,30315320,POINT (612040.1495517672 7792435.7760568075),C
2023,3106200,1,33210,0,31970240,POINT (617020.9051676285 7804005.992440082),C
2023,3106200,1,14126,0,30380403,POINT (609214.9208984424 7794391.229745487),C
2023,3106200,1,14126,0,30575180,POINT (607667.3987230305 7790867.846350442),C
2023,3106200,1,14126,0,30350230,POINT (610371.6303303733 7793868.644611217),C
2023,3106200,1,14126,0,30411153,POINT (608803.7187593101 7796455.058055688),C
2023,3106200,1,14126,0,30730530,POINT (606228.5860943276 7797805.109690879),C
2023,3106200,1,14126,0,30664260,POINT (600664.7193191432 7787146.608844763),C
2023,3106200,1,14126,0,30180140,POINT (610725.1262302201 7795624.019103983),C
2023,3106200,1,14126,0,30710550,POINT (608932.2061959209 7798066.795821777),C
2023,3106200,1,14126,0,30730170,POINT (606271.217043165 7797691.033091614),C
2023,3106200,1,14126,0,31330142,POINT (604190.2882792256 7801536.951888979),C
2023,3106200,1,14126,0,31545050,POINT (604771.1762617052 7806250.891635677),C
2023,3106200,1,14126,0,31210420,POINT (609659.8760221757 7798498.136949042),C
2023,3106200,1,14126,0,31230450,POINT (609357.9789537207 7799686.851815447),C
2023,3106200,1,14126,0,30350342,POINT (609800.5051307778 7793190.555800175),C
2023,3106200,1,14126,0,30662360,POINT (600399.382469229 7789446.555835409),C
2023,3106200,1,14126,0,30380010,POINT (610009.588369453 7794927.733754209),C
2023,3106200,1,14126,0,30320570,POINT (610540.6820415074 7790907.247806389),C
2023,3106200,1,14126,0,30260350,POINT (613997.9673558329 7796136.460478539),C
2023,3106200,1,14126,0,30431061,POINT (608437.2920786182 7795822.404295867),C
2023,3106200,1,14126,0,30411235,POINT (607914.7362886295 7796050.8836144),C
2023,3106200,1,14126,0,30662400,POINT (600129.9558404647 7789336.215340335),C
2023,3106200,1,14126,0,31560260,POINT (607218.543139395 7805744.050092068),C
2023,3106200,1,14126,0,30662160,POINT (600433.5559270114 7789736.972253142),C
2023,3106200,1,14126,0,31140360,POINT (611801.7163284112 7799992.0387982465),C
2023,3106200,1,14126,0,30750480,POINT (607165.9521251523 7799381.450151829),C
2023,3106200,1,14126,0,30411189,POINT (608660.3992768443 7795979.186682075),C
2023,3106200,1,14126,0,31560200,POINT (607673.8073741391 7806531.948137606),C
2023,3106200,1,10929,14,30730532,POINT (605419.2530032494 7797882.178584894),C
2023,3106200,1,10911,26,30111040,POINT (611145.5892484917 7797483.317456666),C
2023,3106200,1,10139,16,31744063,POINT (609784.3749761857 7807925.433314355),C
2023,3106200,1,33295,27,30530090,POINT (604436.394942672 7796474.805426439),C
2023,3106200,1,28291,65,30130141,POINT (611623.2563022304 7795304.397508532),C
2023,3106200,1,10911,24,30360240,POINT (609868.2113458181 7792369.423366366),C
2023,3106200,1,33147,20,30644015,POINT (603501.1272763078 7788874.762190379),C
2023,3106200,1,29425,13,30642490,POINT (603615.8018260954 7789600.881515756),C
2023,3106200,1,32116,15,30330330,POINT (611193.9340631333 7793857.691056036),C
2023,3106200,1,28291,26,30570040,POINT (606289.2734451462 7793279.664461825),C
2023,3106200,1,10929,33,30532190,POINT (604102.1331950178 7794553.22797283),C
2023,3106200,1,10911,47,31742119,POINT (611524.61406578 7806572.252417029),C
2023,3106200,1,10911,12,31540000,POINT (605711.9491886019 7807514.131684845),C
2023,3106200,1,20991,20,31741545,POINT (611042.1315194907 7805482.264185594),C
2023,3106200,1,15211,28,31250570,POINT (609612.433042758 7801242.028699582),C
2023,3106200,1,10911,13,31995000,POINT (616005.6825894254 7805935.658469114),C
2023,3106200,1,13219,22,30130148,POINT (611566.1010260034 7794992.114328375),C
2023,3106200,1,10911,64,30160042,POINT (610872.9349222002 7796342.394877501),C
2023,3106200,1,25420,23,30730500,POINT (605970.3254027179 7797761.954305671),C
2023,3106200,1,10911,28,30525395,POINT (602871.4385771643 7795215.977980476),C
2023,3106200,1,10911,43,31140360,POINT (611801.7163284112 7799992.0387982465),C
2023,3106200,1,25128,13,31570010,POINT (607177.4548531013 7809310.37003534),C
2023,3106200,1,14134,19,30810700,POINT (605959.9600321953 7799839.161486551),C
2023,3106200,1,28321,13,30710440,POINT (608378.9212626969 7797692.983599978),C
2023,3106200,1,22196,19,31155290,POINT (610946.5291154243 7802168.100539277),C
2023,3106200,1,25128,57,30664004,POINT (600572.5373172355 7788334.692721503),C
2023,3106200,1,33210,20,30620230,POINT (604325.5036111051 7790136.727494071),C
2023,3106200,1,29506,15,31210500,POINT (609293.1776382894 7798340.594488703),C
2023,3106200,1,32507,25,31015290,POINT (611973.2077399725 7798001.356044262),C
2023,3106200,1,23915,12,31255175,POINT (609729.8490596834 7801782.90861168),C
2023,3106200,1,18130,14,30532140,POINT (604148.8434279454 7794892.987070184),C
2023,3106200,1,29506,25,31210390,POINT (609800.0749614616 7797821.689663222),C
2023,3106200,1,10911,13,30520460,POINT (602698.714340496 7794979.650738188),C
2023,3106200,1,33147,25,30530300,POINT (604588.2474504746 7796203.04807931),C
2023,3106200,1,10911,23,31110050,POINT (611724.3454627277 7798270.49813969),C
2023,3106200,1,33147,36,30380342,POINT (609388.4156779047 7794046.723449716),C
2023,3106200,1,10911,12,31650430,POINT (608153.446604715 7811091.507380506),C
2023,3106200,1,13545,18,30660560,POINT (601968.4225630423 7788954.338066882),C
2023,3106200,1,15211,17,30260100,POINT (613799.0024802133 7797001.266690638),C
2023,3106200,1,25993,23,31255230,POINT (609728.9903224219 7802124.0457290625),C
2023,3106200,1,21211,14,31565150,POINT (608017.7574882311 7806503.911223775),C
2023,3106200,1,26213,14,31255180,POINT (609435.7384449337 7802070.971322649),C
2023,3106200,1,10945,15,30315560,POINT (611525.7845836831 7793557.613995467),C
2023,3106200,1,26108,16,31035536,POINT (613762.3819830475 7801419.361824502),C
2023,3106200,1,33121,17,30720070,POINT (607852.4192280726 7797744.526286866),C
2023,3106200,1,23991,17,31720200,POINT (609083.8268966685 7806798.978634355),C
2023,3106200,1,25420,15,30770180,POINT (607790.7515316736 7798309.891163776),C
2023,3106200,1,26515,15,30421010,POINT (607414.3883276577 7795539.737893108),C
2023,3106200,1,10538,37,31515200,POINT (609278.3153140051 7807817.0868899515),C
2023,3106200,1,18211,49,30421148,POINT (606818.8416588833 7795864.7077944195),C
2023,3106200,1,18130,70,30670370,POINT (602996.7896034747 7787033.088405335),C
2023,3106200,1,10953,21,31520200,POINT (607809.4208799946 7808254.23220945),C
2023,3106200,1,33139,18,31615250,POINT (607913.6597240956 7809501.351518203),C
2023,3106200,1,20142,16,30640010,POINT (603442.9294785266 7790481.716787942),C
2023,3106200,1,20631,15,31930650,POINT (613590.2209960973 7803443.202270841),C
2023,3106200,1,25128,47,31810280,POINT (611893.3296851609 7803377.569169767),C
2023,3106200,1,29301,16,30870020,POINT (604091.2372317275 7798506.226858875),C
2023,3106200,1,10911,87,31560100,POINT (607606.0906669698 7805497.971808423),C
2023,3106200,1,10945,14,31035040,POINT (613519.70060036 7798706.503311839),C
2023,3106200,1,11135,28,30390070,POINT (608376.799285211 7789645.826218522),C
2023,3106200,1,17419,27,30710090,POINT (609902.8771121943 7797570.174395533),C
2023,3106200,1,25993,24,30532050,POINT (604248.244511271 7795081.811815852),C
2023,3106200,1,22226,162,31970005,POINT (615292.3930081793 7803807.499359598),C
2023,3106200,1,31047,95,30670370,POINT (602996.7896034747 7787033.088405335),C
2023,3106200,1,29441,15,30610240,POINT (604359.746259262 7792813.347464184),C
2023,3106200,1,10911,26,31035560,POINT (612791.63880517 7799659.4496692065),C
2023,3106200,1,15319,29,30710480,POINT (608149.8224407122 7797617.453263879),C
2023,3106200,1,17311,13,30532060,POINT (604182.8855034108 7795033.010483275),C
2023,3106200,1,10996,21,30532210,POINT (604313.3269934595 7794736.029676156),C
2023,3106200,1,15211,36,31150040,POINT (609905.4807101112 7801251.928287696),C
2023,3106200,1,10996,60,30720060,POINT (607417.8990288755 7797487.1735474225),C
2023,3106200,1,31012,38,31255080,POINT (608961.2933021847 7801799.788460743),C
2023,3106200,1,20631,16,31210120,POINT (610301.4267384784 7798193.168675518),C
2023,3106200,1,32990,19,30660490,POINT (601431.992827384 7789282.997287698),C
2023,3106200,1,18130,44,31330430,POINT (605399.8550685986 7800590.12580206),C
2023,3106200,1,14126,21,30411030,POINT (608473.8862351825 7797083.621063193),C
2023,3106200,1,14126,15,30190110,POINT (610020.6128987402 7796908.619789165),C
2023,3106200,1,14126,22,31270760,POINT (608804.6552786821 7804447.409083368),C
2023,3106200,1,14126,34,30411156,POINT (608733.5521977795 7796329.063332558),C
2023,3106200,1,14126,17,31070200,POINT (615213.2420066962 7800670.418727726),C
2023,3106200,1,14126,83,31710420,POINT (608792.5201389755 7805412.5316379005),C
2023,3106200,1,14126,12,30411230,POINT (608010.426546786 7796007.897130506),C
2023,3106200,1,25993,0,30710300,POINT (608939.5264326646 7797929.823235309),C
2023,3106200,1,33147,0,30720492,POINT (606811.8714057547 7798197.737822933),C
2023,3106200,1,22293,0,31520500,POINT (606939.1189053678 7808193.254212704),C
2023,3106200,1,32990,0,30620180,POINT (604761.7549871485 7790124.862138405),C
2023,3106200,1,33147,0,31235190,POINT (609259.3753555848 7800419.555067284),C
2023,3106200,1,10660,0,30575232,POINT (607130.7791461861 7791052.712653739),C
2023,3106200,1,33147,0,31230450,POINT (609357.9789537207 7799686.851815447),C
2023,3106200,1,31012,0,31573340,POINT (605415.2573966936 7809094.359516103),C
2023,3106200,1,33139,0,30660312,POINT (602476.3343325437 7789308.644655118),C
2023,3106200,1,25934,0,31035510,POINT (612490.2154108398 7799271.20371346),C
2023,3106200,1,23915,0,31150690,POINT (611057.6530125282 7801776.07268036),C
2023,3106200,1,28224,0,31270740,POINT (608899.4705858646 7804425.773951277),C
2023,3106200,1,25128,0,31570010,POINT (607177.4548531013 7809310.37003534),C
2023,3106200,1,31012,0,30710080,POINT (610147.5482201118 7797491.075425779),C
2023,3106200,1,33121,0,31015365,POINT (612349.4863513233 7797800.190919818),C
2023,3106200,1,18130,0,31035009,POINT (613598.2545025507 7798451.455883771),C
2023,3106200,1,33210,0,30431360,POINT (608337.8399205627 7794535.4735999545),C
2023,3106200,1,10996,0,31140540,POINT (612024.606203493 7800242.133535996),C
2023,3106200,1,25390,0,30690020,POINT (599326.7857133825 7790631.366809814),C
2023,3106200,1,33139,0,30441048,POINT (609244.0277295024 7795370.333644308),C
2023,3106200,1,33147,0,31330230,POINT (604594.8716574146 7801631.197624744),C
2023,3106200,1,32990,0,30510310,POINT (605522.8139966305 7794630.0364819),C
2023,3106200,1,11135,0,30140006,POINT (611380.3069606081 7795700.053038398),C
2023,3106200,1,33147,0,31130430,POINT (611055.5673068585 7800110.163750522),C
2023,3106200,1,31012,0,31970705,POINT (616450.2610647886 7803388.367951646),C
2023,3106200,1,33121,0,31540670,POINT (605930.2025007799 7806920.503242513),C
2023,3106200,1,25420,0,31250570,POINT (609612.433042758 7801242.028699582),C
2023,3106200,1,33121,0,31520080,POINT (608294.0765297147 7808163.717405692),C
2023,3106200,1,27317,0,31520080,POINT (608294.0765297147 7808163.717405692),C
2023,3106200,1,25390,0,30710320,POINT (608747.3364515922 7797703.974026665),C
2023,3106200,1,25420,0,31050280,POINT (615074.8801104613 7799196.362737118),C
2023,3106200,1,31039,0,31255160,POINT (609609.8520178599 7801935.170012089),C
2023,3106200,1,31012,0,30690050,POINT (599966.8764863509 7790580.673287384),C
2023,3106200,1,18211,0,31810540,POINT (612339.536402584 7803394.691668335),C
2023,3106200,1,10911,0,30130171,POINT (611283.0658439767 7795697.953266177),C
2023,3106200,1,29301,0,30411325,POINT (607782.7419153426 7796543.206887738),C
2023,3106200,1,10961,0,30580002,POINT (605658.1366429963 7792355.626868982),C
2023,3106200,1,25420,0,30516170,POINT (605920.8585797974 7793658.0121055655),C
2023,3106200,1,10911,0,30180114,POINT (610479.042675574 7797019.867941896),C
2023,3106200,1,33210,0,30624500,POINT (605758.156039895 7788965.314556449),C
2023,3106200,1,33112,0,31110590,POINT (611416.5540070938 7798911.228233583),C
2023,3106200,1,32302,0,31730190,POINT (610329.3794400714 7807079.67764502),C
2023,3106200,1,33210,0,30626440,POINT (603794.1225683349 7787657.031065909),C
2023,3106200,1,31039,0,31844380,POINT (613678.0771317714 7806483.975110434),C
2023,3106200,1,10333,0,30380234,POINT (609752.8157108601 7794288.505278815),C
2023,3106200,1,33147,0,31910140,POINT (612651.3970350602 7802473.71615991),C
2023,3106200,1,25110,0,30720250,POINT (607540.4941206282 7797035.424426774),C
2023,3106200,1,25390,0,30110017,POINT (612949.310439951 7796145.017967383),C
2023,3106200,1,10694,0,30310150,POINT (612350.9903141438 7794326.074822139),C
2023,3106200,1,23192,0,31995160,POINT (615625.7696320291 7805656.889145102),C
2023,3106200,1,10937,0,30720060,POINT (607417.8990288755 7797487.1735474225),C
2023,3106200,1,18130,0,31255160,POINT (609609.8520178599 7801935.170012089),C
2023,3106200,1,33112,0,31275050,POINT (608275.5050871447 7803772.623109132),C
2023,3106200,1,33147,0,30810310,POINT (605723.002353114 7799630.69495853),C
2023,3106200,1,13308,0,31110430,POINT (610642.7629933319 7798929.115253678),C
2023,3106200,1,23303,0,31742116,POINT (611718.8743191552 7806580.4185743015),C
2023,3106200,1,33147,0,30411530,POINT (606908.6655960553 7796383.783452323),C
2023,3106200,1,14142,0,31070210,POINT (615128.3294706369 7800423.561095793),C
2023,3106200,1,33147,0,31844050,POINT (613312.8323143595 7805669.469104717),C
2023,3106200,1,18130,0,30532140,POINT (604148.8434279454 7794892.987070184),C
2023,3106200,1,32507,0,31742042,POINT (611279.939188291 7806466.207651399),C
2023,3106200,1,32990,0,30520330,POINT (602467.5516275716 7794760.078071804),C
2023,3106200,1,33139,0,30692380,POINT (598917.9885787275 7789557.275976412),C
2023,3106200,1,22196,0,30530600,POINT (604825.8205653884 7795504.346129708),C
2023,3106200,1,32914,0,30626660,POINT (603667.3668152527 7787845.417033439),C
2023,3106200,1,10911,0,30421300,POINT (607376.5856532906 7795190.986577297),C
2023,3106200,1,32922,0,31980210,POINT (613229.1370939492 7804103.265996396),C
2023,3106200,1,31012,0,31660100,POINT (606482.3819312109 7811089.95989006),C
2023,3106200,1,33198,0,30520450,POINT (602445.0457349388 7794979.1246964205),C
2023,3106200,1,24113,0,30112010,POINT (611642.8994186741 7794955.801999249),C
2023,3106200,1,14134,0,30350110,POINT (610292.6793290081 7794631.954799255),C
2023,3106200,1,18130,0,30411370,POINT (608039.5128154521 7797027.031835629),C
2023,3106200,1,17311,0,30720450,POINT (607192.7130670492 7797376.379527844),C
2023,3106200,1,10911,0,31930010,POINT (614773.2251649917 7802351.342478922),C
2023,3106200,1,27317,0,31744050,POINT (610194.7736438627 7807866.571589435),C
2023,3106200,1,10953,0,30662010,POINT (600935.8683558679 7789760.18358326),C
2023,3106200,1,33147,0,30642225,POINT (603046.1821216347 7789881.532401646),C
2023,3106200,1,31012,0,30240108,POINT (613304.1937193752 7795239.975051902),C
2023,3106200,1,33210,0,30431232,POINT (608115.8949006115 7795201.044161354),C
2023,3106200,1,18130,0,30510000,POINT (604943.6396112863 7795029.020040604),C
2023,3106200,1,13511,0,30880452,POINT (602564.5692470429 7798950.697241924),C
2023,3106200,1,10911,0,31615530,POINT (609148.507831805 7809805.524762053),C
2023,3106200,1,25390,0,30285230,POINT (617147.0333590172 7798182.451027682),C
2023,3106200,1,23915,0,31530300,POINT (606896.7157927814 7807114.309991638),C
2023,3106200,1,32990,0,30510290,POINT (605453.783732019 7794799.660257881),C
2023,3106200,1,10961,0,30140062,POINT (609711.2693651051 7796621.715280488),C
2023,3106200,1,33210,0,30575275,POINT (607474.2714706591 7790540.104930834),C
2023,3106200,1,10945,0,30525120,POINT (606827.5410672819 7793161.3598260265),C
2023,3106200,1,31012,0,31520000,POINT (607976.6224041866 7808360.5809374275),C
2023,3106200,1,10945,0,31573235,POINT (606293.4653324015 7809241.681603923),C
2023,3106200,1,32507,0,31575190,POINT (605196.6311543296 7809530.201646727),C
2023,3106200,1,10660,0,30855500,POINT (602725.3014684134 7796753.654887661),C
2023,3106200,1,10911,0,31525370,POINT (607034.5116255303 7807828.768076979),C
2023,3106200,1,25390,0,31070130,POINT (615041.174454518 7800604.09442462),C
2023,3106200,1,25420,0,31842560,POINT (612605.6570379396 7806647.134947578),C
2023,3106200,1,18130,0,30441185,POINT (608977.1289079658 7794326.319803964),C
2023,3106200,1,25420,0,30550110,POINT (606215.699953218 7794653.380999099),C
2023,3106200,1,14134,0,31070425,POINT (615595.2027827345 7800105.929666297),C
2023,3106200,1,32922,0,31255160,POINT (609609.8520178599 7801935.170012089),C
2023,3106200,1,33139,0,31842330,POINT (612880.7228579404 7806234.224288846),C
2023,3106200,1,18211,0,31230460,POINT (609562.1570707405 7799725.068521356),C
2023,3106200,1,10911,0,30441001,POINT (608842.7511746164 7795925.704137244),C
2023,3106200,1,33121,0,30170131,POINT (610601.5686101562 7797217.134800181),C
2023,3106200,1,25110,0,31742033,POINT (611377.6956487054 7806779.0949867945),C
2023,3106200,1,25993,0,31210440,POINT (609464.3440877121 7797863.242755787),C
2023,3106200,1,10961,0,31720555,POINT (610194.7965285289 7806604.985416448),C
2023,3106200,1,31012,0,30580070,POINT (606070.2135070539 7791893.395029932),C
2023,3106200,1,10139,0,30690270,POINT (599510.9007660736 7790543.425732742),C
2023,3106200,1,25918,0,31140100,POINT (611858.9610354125 7799033.455554181),C
2023,3106200,1,23915,0,31870190,POINT (614439.4021931652 7805179.4990559425),C
2023,3106200,1,25322,0,30690500,POINT (599337.6913753514 7791165.395786798),C
2023,3106200,1,24113,0,30130141,POINT (611623.2563022304 7795304.397508532),C
2023,3106200,1,31047,0,31230070,POINT (608500.6981693979 7798694.070070034),C
2023,3106200,1,32507,0,30160031,POINT (611112.2430628429 7796666.621906817),C
2023,3106200,1,30997,0,31710460,POINT (608694.9622453086 7805388.467865359),C
2023,3106200,1,31012,0,31840050,POINT (613053.8280132645 7806147.677666195),C
2023,3106200,1,33147,0,31910444,POINT (612852.3415424346 7802379.916102972),C
2023,3106200,1,33139,0,31560180,POINT (607554.9944279727 7806033.767735675),C
2023,3106200,1,23915,0,31070020,POINT (615515.9796802951 7800497.709875561),C
2023,3106200,1,15211,0,30662750,POINT (599694.520326267 7789781.555038221),C
2023,3106200,1,32990,0,30510000,POINT (604943.6396112863 7795029.020040604),C
2023,3106200,1,25420,0,31840050,POINT (613053.8280132645 7806147.677666195),C
2023,3106200,1,18130,0,30570670,POINT (607480.560941405 7792450.097120011),C
2023,3106200,1,10911,0,31578000,POINT (604473.3013923605 7809229.799107613),C
2023,3106200,1,16226,0,31814680,POINT (612639.2105665941 7804922.458014835),C
2023,3106200,1,33295,0,31652300,POINT (606788.5419509362 7812009.443090116),C
2023,3106200,1,18211,0,31630515,POINT (608995.7781590282 7810436.28585138),C
2023,3106200,1,14134,0,30570740,POINT (606811.7635402364 7792144.359745392),C
2023,3106200,1,16226,0,30870010,POINT (604295.474083823 7798028.967718959),C
2023,3106200,1,33147,0,31140040,POINT (611949.553703338 7799305.0119630415),C
2023,3106200,1,22293,0,31560200,POINT (607673.8073741391 7806531.948137606),C
2023,3106200,1,25322,0,30710662,POINT (609618.983513342 7797617.3426235635),C
2023,3106200,1,32507,0,30421340,POINT (606534.4919691192 7801374.517571393),C
2023,3106200,1,14134,0,31814620,POINT (612500.986673834 7805310.113091268),C
2023,3106200,1,10538,0,30881640,POINT (603123.546345815 7800227.1152016185),C
2023,3106200,1,33147,0,30820480,POINT (604770.618476223 7798913.5501677),C
2023,3106200,1,33295,0,31210460,POINT (609371.0173590495 7798014.405930791),C
2023,3106200,1,25390,0,30642500,POINT (603482.6951308239 7789445.6461207755),C
2023,3106200,1,28127,0,30170110,POINT (610341.2704439149 7796941.578858232),C
2023,3106200,1,14223,0,30642270,POINT (602781.6620840987 7789802.282393023),C
2023,3106200,1,23915,0,30350690,POINT (609638.9698358747 7792659.48230811),C
2023,3106200,1,13511,0,30120020,POINT (610685.6439313295 7797096.820346594),C
2023,3106200,1,33295,0,31872000,POINT (615124.947016539 7806554.22403446),C
2023,3106200,1,32990,0,31720350,POINT (609556.2552471636 7806472.461405186),C
2023,3106200,1,32990,0,30510140,POINT (605329.6011082965 7794883.945814997),C
2023,3106200,1,10694,0,31255210,POINT (608975.5327576961 7802077.900814832),C
2023,3106200,1,10961,0,30550370,POINT (606034.4262214878 7794115.184518399),C
2023,3106200,1,33210,0,31560000,POINT (607657.7674539279 7805372.7747740485),C
2023,3106200,1,10911,0,31565100,POINT (608150.6397655045 7806544.731713871),C
2023,3106200,1,23991,0,31310360,POINT (606716.0812631458 7802204.7362225475),C
2023,3106200,1,33198,0,31680100,POINT (605080.9343509309 7810002.087639718),C
2023,3106200,1,33147,0,31210430,POINT (609328.7827105529 7798275.712424381),C
2023,3106200,1,18229,0,30130131,POINT (611822.6422376789 7795511.7669735495),C
2023,3106200,1,33112,0,31810440,POINT (612621.3798681907 7803505.669702457),C
2023,3106200,1,33147,0,31565220,POINT (607913.9259157545 7806519.011281904),C
2023,3106200,1,33147,0,30421118,POINT (606927.9569261994 7795417.967146553),C
2023,3106200,1,33210,0,31520095,POINT (607961.6685556347 7808598.764989047),C
2023,3106200,1,32990,0,31680150,POINT (605391.0979948699 7810109.033852169),C
2023,3106200,1,15319,0,31255060,POINT (608926.2234290242 7801457.166845976),C
2023,3106200,1,33295,0,30280230,POINT (614620.0769825423 7798452.403386799),C
2023,3106200,1,31012,0,30690020,POINT (599326.7857133825 7790631.366809814),C
2023,3106200,1,33210,0,30882640,POINT (604003.0651739292 7800816.198453605),C
2023,3106200,1,22226,0,31070170,POINT (614986.3858589437 7800646.185293677),C
2023,3106200,1,15297,0,30710440,POINT (608378.9212626969 7797692.983599978),C
2023,3106200,1,25420,0,31630500,POINT (608765.9869162682 7810364.961763427),C
2023,3106200,1,31012,0,30710130,POINT (609789.4193844947 7797561.2604919905),C
2023,3106200,1,10911,0,30170040,POINT (609830.0647861883 7796740.166268898),C
2023,3106200,1,15211,0,31742410,POINT (611947.9721226322 7807710.136388566),C
2023,3106200,1,29492,0,30880025,POINT (603816.0578331251 7799246.2049582),C
2023,3106200,1,25420,0,30620330,POINT (603788.9694509238 7789309.094565098),C
2023,3106200,1,33147,0,30140091,POINT (611716.4636632983 7795654.544334793),C
2023,3106200,1,15297,0,30882630,POINT (603642.5573988736 7801543.549548177),C
2023,3106200,1,25438,0,30668272,POINT (601324.7231788054 7788008.117334845),C
2023,3106200,1,11135,0,31150050,POINT (609989.5167550389 7801150.271700096),C
2023,3106200,1,25128,0,30421260,POINT (607086.8679964157 7795147.704179674),C
2023,3106200,1,10961,0,30421270,POINT (607257.405461442 7795359.045105934),C
2023,3106200,1,32116,0,30112015,POINT (610618.9322802728 7795216.439776828),C
2023,3106200,1,22293,0,30130131,POINT (611822.6422376789 7795511.7669735495),C
2023,3106200,1,18211,0,31260520,POINT (611634.6270114959 7803026.8652105415),C
2023,3106200,1,33295,0,30350612,POINT (609729.6560825518 7792070.786599391),C
2023,3106200,1,31012,0,31970522,POINT (617258.6860925795 7803992.852662246),C
2023,3106200,1,33295,0,31540510,POINT (605982.3794333457 7807315.80926559),C
2023,3106200,1,18113,0,31570000,POINT (606527.5639315508 7809845.909868864),C
2023,3106200,1,13529,0,30840000,POINT (604697.8250141803 7799905.401358585),C
2023,3106200,1,28291,0,31255190,POINT (609286.6668451901 7802061.355898442),C
2023,3106200,1,32990,0,30510270,POINT (605177.5209126292 7794546.891844349),C
2023,3106200,1,26108,0,30710440,POINT (608378.9212626969 7797692.983599978),C
2023,3106200,1,15211,0,30640510,POINT (602221.6622882445 7790400.938980258),C
2023,3106200,1,27902,0,31255210,POINT (608975.5327576961 7802077.900814832),C
2023,3106200,1,33147,0,31330572,POINT (605550.1950564065 7801410.370246595),C
2023,3106200,1,31012,0,30570270,POINT (607541.633574135 7792896.735119643),C
2023,3106200,1,27317,0,30710230,POINT (609141.0382149869 7797598.617977897),C
2023,3106200,1,33121,0,30130138,POINT (611703.8720876882 7795063.870987574),C
2023,3106200,1,32922,0,30720420,POINT (607038.9819150227 7797051.67920152),C
2023,3106200,1,10961,0,31615310,POINT (608547.6494005498 7808940.826777037),C
2023,3106200,1,33147,0,30660190,POINT (602127.4205437987 7789568.845125644),C
2023,3106200,1,14118,0,30190110,POINT (610020.6128987402 7796908.619789165),C
2023,3106200,1,25420,0,31744750,POINT (611197.6860139484 7808746.4929294195),C
2023,3106200,1,32507,0,30170135,POINT (610591.8490594289 7795810.119746232),C
2023,3106200,1,18113,0,31255100,POINT (609423.1643063932 7801832.970257283),C
2023,3106200,1,18130,0,31560200,POINT (607673.8073741391 7806531.948137606),C
2023,3106200,1,10911,0,30720476,POINT (607033.3314153756 7798576.208656186),C
2023,3106200,1,33198,0,30535540,POINT (606008.8381371738 7797132.14970175),C
2023,3106200,1,33147,0,31140650,POINT (611408.2861835036 7800446.647792663),C
2023,3106200,1,33139,0,30620040,POINT (604381.3315023449 7790509.360518892),C
2023,3106200,1,33147,0,30865200,POINT (602449.9219518375 7797639.0107723195),C
2023,3106200,1,33121,0,30280160,POINT (614813.9813564216 7798820.111889171),C
2023,3106200,1,33112,0,31930170,POINT (614740.4658306545 7802181.774513741),C
2023,3106200,1,28691,0,30280330,POINT (614452.3173100846 7797910.980032291),C
2023,3106200,1,31012,0,31060480,POINT (615102.6235316786 7800075.294833766),C
2023,3106200,1,14134,0,31842190,POINT (612720.0950191843 7806483.551882813),C
2023,3106200,1,32922,0,30260270,POINT (614149.8401792693 7796468.7463457845),C
2023,3106200,1,25420,0,31520120,POINT (608206.7785203786 7808085.107018532),C
2023,3106200,1,18130,0,31720500,POINT (610142.690204442 7806195.646890653),C
2023,3106200,1,10112,0,30120040,POINT (610619.8675649213 7797118.131541537),C
2023,3106200,1,27902,0,30840030,POINT (604238.5557198136 7799902.381106524),C
2023,3106200,1,10911,0,30622020,POINT (605558.4156894133 7789820.821902302),C
2023,3106200,1,33295,0,30190050,POINT (611073.4546152669 7796686.136381081),C
2023,3106200,1,18130,0,30180003,POINT (609977.0423765152 7796482.923357677),C
2023,3106200,1,13511,0,30180114,POINT (610479.042675574 7797019.867941896),C
2023,3106200,1,33147,0,31842230,POINT (612941.0848695503 7806593.118010482),C
2023,3106200,1,25128,0,31910600,POINT (613483.393194102 7803443.133251285),C
2023,3106200,1,25390,0,30640160,POINT (602928.3350278009 7791395.114896813),C
2023,3106200,1,25390,0,30610280,POINT (604743.4260524862 7792114.9345080955),C
2023,3106200,1,31012,0,30670050,POINT (602104.401827395 7788062.128610784),C
2023,3106200,1,25390,0,30642310,POINT (603098.1797585113 7789480.688714657),C
2023,3106200,1,18229,0,30710360,POINT (608741.2923500605 7798167.325317426),C
2023,3106200,1,33198,0,31010220,POINT (613215.8969353039 7797415.119094711),C
2023,3106200,1,33139,0,30620040,POINT (604381.3315023449 7790509.360518892),C
2023,3106200,1,18211,0,30315080,POINT (613205.4060796226 7793267.29096823),C
2023,3106200,1,25128,0,31610000,POINT (609177.7568882804 7808580.269838305),C
2023,3106200,1,18229,0,31510100,POINT (607833.2979750488 7809028.520342024),C
2023,3106200,1,32507,0,31070430,POINT (615937.6106771063 7799943.848543335),C
2023,3106200,1,33147,0,31340270,POINT (605398.8539640062 7802815.254716456),C
2023,3106200,1,33147,0,30330000,POINT (611401.2760901097 7794059.346961405),C
2023,3106200,1,17419,0,30620330,POINT (603788.9694509238 7789309.094565098),C
2023,3106200,1,25420,0,30664470,POINT (600317.7986197618 7787339.4341758005),C
2023,3106200,1,32990,0,31360000,POINT (604125.7588851498 7802200.857824078),C
2023,3106200,1,25420,0,30451410,POINT (608198.0848763323 7793788.097260373),C
2023,3106200,1,12204,0,31810360,POINT (611812.8135416901 7804287.818508831),C
2023,3106200,1,10911,0,31930010,POINT (614773.2251649917 7802351.342478922),C
2023,3106200,1,25993,0,30672410,POINT (601682.7141205897 7785291.540958479),C
2023,3106200,1,10911,0,30525160,POINT (603302.7392077266 7795285.584916663),C
2023,3106200,1,28224,0,31130192,POINT (609964.8863336119 7800566.72297683),C
2023,3106200,1,10911,0,30640070,POINT (602186.9622160551 7790830.181816423),C
2023,3106200,1,32124,0,30455610,POINT (608423.4709020393 7791565.768265323),C
2023,3106200,1,23915,0,31560200,POINT (607673.8073741391 7806531.948137606),C
2023,3106200,1,22226,0,30310140,POINT (612165.275004442 7794479.535124488),C
2023,3106200,1,33295,0,31741161,POINT (609647.8385946883 7806075.872852941),C
2023,3106200,5,32507,0,30150311,POINT (612165.8461433665 7795726.3149660975),C
2023,3106200,1,23915,0,31844560,POINT (613866.4606803254 7805736.029142548),C
2023,3106200,1,10961,0,30575510,POINT (606921.4586881587 7791459.926624736),C
2023,3106200,1,15327,0,30220400,POINT (613605.8513104632 7794719.926370876),C
2023,3106200,1,10953,0,31746001,POINT (611082.3675802149 7809448.478181628),C
2023,3106200,1,33147,0,30690580,POINT (599358.6584405887 7790625.555471882),C
2023,3106200,1,33295,0,31015425,POINT (611866.9348554059 7798584.487045289),C
2023,3106200,1,32990,0,31730690,POINT (610619.303256848 7806211.5999356825),C
2023,3106200,1,17311,0,30190003,POINT (610017.5978690815 7796838.669406331),C
2023,3106200,1,33139,0,30690050,POINT (599966.8764863509 7790580.673287384),C
2023,3106200,1,32990,0,30881540,POINT (603353.1242254192 7800713.954876307),C
2023,3106200,1,18211,0,31910315,POINT (613186.113845596 7803348.356494854),C
2023,3106200,1,10139,0,31030520,POINT (611967.1477978394 7798726.847137822),C
2023,3106200,1,31012,0,30710230,POINT (609141.0382149869 7797598.617977897),C
2023,3106200,1,25390,0,30360400,POINT (610187.3462296653 7792063.003490256),C
2023,3106200,1,33147,0,30535070,POINT (605215.3338116053 7796876.304927237),C
2023,3106200,1,22196,0,31660100,POINT (606482.3819312109 7811089.95989006),C
2023,3106200,1,17311,0,30280240,POINT (614533.7616982544 7798397.948595658),C
2023,3106200,1,10961,0,30575180,POINT (607667.3987230305 7790867.846350442),C
2023,3106200,1,33147,0,30620110,POINT (604232.7085800264 7789764.587130569),C
2023,3106200,1,33121,0,31255770,POINT (610010.7775121361 7803718.405537725),C
2023,3106200,1,31012,0,30622150,POINT (605446.3095406294 7789850.3605452515),C
2023,3106200,1,20631,0,30730540,POINT (605992.9543371114 7797927.4598155),C
2023,3106200,1,15211,0,30770000,POINT (608439.9940019744 7798450.421223139),C
2023,3106200,1,25128,0,31580400,POINT (604659.919488618 7807244.065327325),C
2023,3106200,1,32990,0,30510210,POINT (605071.3263474172 7794643.721216295),C
2023,3106200,1,10961,0,30575460,POINT (606739.6842581878 7791468.844385471),C
2023,3106200,1,33147,0,31030080,POINT (612984.4684136269 7798177.703440128),C
2023,3106200,1,31012,0,30610690,POINT (605292.4632839212 7790961.049685279),C
2023,3106200,1,28691,0,31360110,POINT (603665.668491903 7802317.953893974),C
2023,3106200,1,33295,0,30190110,POINT (610020.6128987402 7796908.619789165),C
2023,3106200,1,32116,0,31275070,POINT (608087.1161376026 7803974.741682306),C
2023,3106200,1,23915,0,31814164,POINT (612751.0881083179 7804246.198338516),C
2023,3106200,1,32124,0,30160041,POINT (610942.8539048466 7796583.624193701),C
2023,3106200,1,32507,0,30882630,POINT (603642.5573988736 7801543.549548177),C
2023,3106200,1,22293,0,31995150,POINT (616207.7311550877 7805668.70504248),C
2023,3106200,1,11135,0,30775540,POINT (607764.5972845197 7798538.820635729),C
2023,3106200,1,25390,0,31615250,POINT (607913.6597240956 7809501.351518203),C
2023,3106200,1,33210,0,31730000,POINT (610435.8502119354 7806843.701275598),C
2023,3106200,1,33147,0,30590055,POINT (605258.5019240985 7791785.14559241),C
2023,3106200,1,28232,0,30750010,POINT (606482.9312478857 7798396.269493159),C
2023,3106200,1,20631,0,30580460,POINT (605765.8923768194 7792971.1665752),C
2023,3106200,1,18229,0,30180114,POINT (610479.042675574 7797019.867941896),C
2023,3106200,1,25110,0,31565290,POINT (607918.1611901026 7807058.449507815),C
2023,3106200,1,10961,0,31510160,POINT (607655.5709221375 7809247.817353927),C
2023,3106200,1,18113,0,31730748,POINT (610321.1919739833 7805775.277464872),C
2023,3106200,1,25390,0,30666472,POINT (601198.1646318599 7786684.171019485),C
2023,3106200,1,33147,0,30170008,POINT (609756.9865681406 7795542.851740453),C
2023,3106200,1,33147,0,30690500,POINT (599337.6913753514 7791165.395786798),C
2023,3106200,1,10538,0,30330000,POINT (611401.2760901097 7794059.346961405),C
2023,3106200,1,10813,0,30280390,POINT (614881.3365491693 7797927.298021866),C
2023,3106200,1,25390,0,30520420,POINT (602685.9082530567 7794703.842594849),C
2023,3106200,1,26108,0,30112021,POINT (611671.9588733024 7795173.966528732),C
2023,3106200,1,18300,0,30130138,POINT (611703.8720876882 7795063.870987574),C
2023,3106200,1,18229,0,31950540,POINT (615180.1052543359 7803280.726683566),C
2023,3106200,1,32400,0,31150620,POINT (611021.6838349066 7801333.78903761),C
2023,3106200,1,18300,0,31030010,POINT (612597.0686379886 7798609.797620036),C
2023,3106200,1,29417,0,31255080,POINT (608961.2933021847 7801799.788460743),C
2023,3106200,1,31012,0,30710090,POINT (609902.8771121943 7797570.174395533),C
2023,3106200,1,10813,0,30130138,POINT (611703.8720876882 7795063.870987574),C
2023,3106200,1,33147,0,30882650,POINT (603733.5343104277 7801715.955446258),C
2023,3106200,1,23915,0,30451655,POINT (608295.648806592 7793405.186962318),C
2023,3106200,1,31012,0,31980170,POINT (613442.9441931347 7804069.750812136),C
2023,3106200,1,10937,0,31310180,POINT (606620.5885225794 7802783.36759002),C
2023,3106200,1,14126,0,31150130,POINT (610055.6281230628 7801388.658372844),C
2023,3106200,1,14126,0,30190118,POINT (609701.4188089722 7795718.03841701),C
2023,3106200,1,14126,0,30710050,POINT (610128.8895921358 7797674.865683958),C
2023,3106200,1,14126,0,30280460,POINT (614646.9352811003 7797851.111271993),C
2023,3106200,1,14126,0,31030085,POINT (612922.9715023742 7797983.182758333),C
2023,3106200,1,14126,0,30516250,POINT (605702.1087721493 7793421.818126578),C
2023,3106200,1,14126,0,30411230,POINT (608010.426546786 7796007.897130506),C
2023,3106200,1,14126,0,31845000,POINT (614230.1189833309 7805665.298278031),C
2023,3106200,1,14126,0,31720210,POINT (609431.2629798737 7806878.649276845),C
2023,3106200,1,14126,0,30411127,POINT (606924.0077265123 7794684.9279429205),C
2023,3106200,1,14126,0,30493175,POINT (608186.5799734689 7791116.025116796),C
2023,3106200,1,14126,0,30530440,POINT (604489.2806951868 7795730.117389761),C
2023,3106200,1,14126,0,30411125,POINT (608547.6090410014 7796329.040080361),C
2023,3106200,1,14126,0,30190060,POINT (611113.2363536702 7796809.587206901),C
2023,3106200,1,14126,0,30411223,POINT (608122.2789650034 7795871.496436572),C
2023,3106200,1,14126,0,30112011,POINT (611065.706465341 7795075.978803224),C
2023,3106200,1,14126,0,30516250,POINT (605702.1087721493 7793421.818126578),C
2023,3106200,1,14126,0,31540250,POINT (605337.2759405968 7807392.539517348),C
2023,3106200,1,14126,0,30624080,POINT (605077.5980290084 7788708.309781812),C
2023,3106200,1,14126,0,31110010,POINT (611344.760667556 7797955.309757261),C
2023,3106200,1,14126,0,30518110,POINT (604366.3276900832 7793352.133888509),C
2023,3106200,1,14126,0,30840170,POINT (604363.2203197051 7800215.453328048),C
2023,3106200,1,14126,0,31340630,POINT (605855.2220902434 7804205.524703823),C
2023,3106200,1,14126,0,31615070,POINT (608837.8476418504 7809080.925416486),C
2023,3106200,1,10911,58,30310530,POINT (612133.0643876429 7793689.257310387),C
2023,3106200,1,27406,17,30520140,POINT (603393.7747446474 7794489.853824566),C
2023,3106200,1,10538,18,31515222,POINT (608965.684424644 7807632.4502953375),C
2023,3106200,1,28127,13,31255180,POINT (609435.7384449337 7802070.971322649),C
2023,3106200,1,25322,17,30692460,POINT (599410.4078633483 7788776.905631993),C
2023,3106200,1,32124,19,31080160,POINT (614170.2581533066 7800930.008645064),C
2023,3106200,1,26515,74,31035009,POINT (613598.2545025507 7798451.455883771),C
2023,3106200,1,32990,23,30260220,POINT (613827.8036861052 7796477.294484867),C
2023,3106200,1,28135,26,30855445,POINT (602773.6884191784 7796038.302007045),C
2023,3106200,1,33198,24,30642320,POINT (602370.6241214513 7789957.955804456),C
2023,3106200,1,25926,27,30692460,POINT (599410.4078633483 7788776.905631993),C
2023,3106200,1,22293,291,30855075,POINT (602166.5093241229 7796274.376227353),C
2023,3106200,1,10112,16,30730500,POINT (605970.3254027179 7797761.954305671),C
2023,3106200,1,26515,18,30140140,POINT (611373.0817596337 7795068.587723549),C
2023,3106200,1,29450,14,31235000,POINT (609727.4246189316 7799791.613135659),C
2023,3106200,1,10911,13,31615250,POINT (607913.6597240956 7809501.351518203),C
2023,3106200,1,32507,24,30150120,POINT (611848.0863666949 7797076.643188052),C
2023,3106200,1,31012,36,31744570,POINT (611320.3766342825 7808349.272356607),C
2023,3106200,1,10929,13,30550120,POINT (606351.2095833487 7794860.2437624745),C
2023,3106200,1,29301,20,31910585,POINT (612844.7253093113 7803378.026956543),C
2023,3106200,1,25993,20,30855070,POINT (603353.8552964707 7796131.927439685),C
2023,3106200,1,18113,17,30770170,POINT (607860.698877167 7798118.878168343),C
2023,3106200,1,10911,14,30510080,POINT (605943.3397150253 7795547.880912373),C
2023,3106200,1,10139,16,31610510,POINT (609359.8004254294 7809293.711008694),C
2023,3106200,1,10911,134,30140070,POINT (612355.1858281848 7795764.096383166),C
2023,3106200,1,10911,15,30190100,POINT (609814.8605988241 7795848.325852811),C
2023,3106200,1,18113,12,31275050,POINT (608275.5050871447 7803772.623109132),C
2023,3106200,1,10538,16,31060470,POINT (614665.954922592 7799673.75698714),C
2023,3106200,1,29492,18,31985203,POINT (614778.9310066056 7803939.555770636),C
2023,3106200,1,10911,29,30530140,POINT (604631.803699967 7796176.425199725),C
2023,3106200,1,29506,17,31150690,POINT (611057.6530125282 7801776.07268036),C
2023,3106200,1,33147,27,30855075,POINT (602166.5093241229 7796274.376227353),C
2023,3106200,1,13219,62,30140071,POINT (611361.84914954 7796036.839563304),C
2023,3106200,1,27317,14,30850620,POINT (604212.715257443 7797085.689090863),C
2023,3106200,1,28691,47,30390560,POINT (608794.0501861575 7789347.768485185),C
2023,3106200,1,32507,42,31515212,POINT (608948.9150161168 7807389.603202327),C
2023,3106200,1,10911,75,31330200,POINT (604306.3308713975 7801634.7606420275),C
2023,3106200,1,25128,25,31741609,POINT (611104.2662539097 7806131.447182978),C
2023,3106200,1,22234,12,30610270,POINT (604697.2798533292 7792331.86728231),C
2023,3106200,1,10911,47,30190006,POINT (610833.4726337541 7796620.742112106),C
2023,3106200,1,25420,15,30532000,POINT (604598.7351897169 7795278.643720566),C
2023,3106200,1,32507,27,31580290,POINT (605191.740340953 7808067.257496743),C
2023,3106200,1,25110,15,30494450,POINT (609201.7672904914 7791475.678771367),C
2023,3106200,1,10911,31,31710400,POINT (609483.2838780407 7805454.395819402),C
2023,3106200,1,32507,45,30150160,POINT (612038.0879909202 7797100.286166707),C
2023,3106200,1,10911,40,31560000,POINT (607657.7674539279 7805372.7747740485),C
2023,3106200,1,10911,17,30570000,POINT (606436.9700635921 7793272.774026895),C
2023,3106200,1,10911,68,31035340,POINT (613222.2133733061 7799118.840288251),C
2023,3106200,1,31012,12,31741465,POINT (611705.9954533156 7805338.120009234),C
2023,3106200,1,32116,19,30180126,POINT (609571.1886753531 7796065.064506479),C
2023,3106200,1,11224,132,30880190,POINT (603267.6487618495 7799538.572289686),C
2023,3106200,1,22293,17,30664002,POINT (600311.939020059 7788639.400773471),C
2023,3106200,1,25420,15,31310310,POINT (606934.8305077596 7800297.774541505),C
2023,3106200,1,21220,20,30411177,POINT (608479.7720156051 7796236.994463373),C
2023,3106200,1,20631,69,31230532,POINT (609166.5169532407 7799372.002486231),C
2023,3106200,1,18113,86,31210120,POINT (610301.4267384784 7798193.168675518),C
2023,3106200,1,28526,48,30520220,POINT (603416.4556998515 7794810.877029536),C
2023,3106200,1,13545,13,31565150,POINT (608017.7574882311 7806503.911223775),C
2023,3106200,1,25420,21,31035007,POINT (613710.5758035128 7798403.789807862),C
2023,3106200,1,10911,12,30411208,POINT (608204.1551990063 7796041.4759803265),C
2023,3106200,1,23192,26,31730553,POINT (610962.2813024028 7806556.942426389),C
2023,3106200,1,25926,15,31565110,POINT (608121.3059994108 7806294.921244473),C
2023,3106200,1,33295,39,30170002,POINT (610819.4790782396 7796168.182994846),C
2023,3106200,1,20134,78,30130186,POINT (611283.3794171214 7796227.719997393),C
2023,3106200,1,17311,33,30112010,POINT (611642.8994186741 7794955.801999249),C
2023,3106200,1,18229,16,31510100,POINT (607833.2979750488 7809028.520342024),C
2023,3106200,1,24237,370,30640010,POINT (603442.9294785266 7790481.716787942),C
2023,3106200,1,10911,18,30285300,POINT (615949.3783244338 7798268.015376989),C
2023,3106200,1,22226,70,31990050,POINT (615473.650548884 7804427.297266673),C
2023,3106200,1,33198,109,30110044,POINT (610824.8288502372 7794866.622822353),C
2023,3106200,1,31047,13,31255210,POINT (608975.5327576961 7802077.900814832),C
2023,3106200,1,18113,13,30411475,POINT (607336.47288399 7796230.219961505),C
2023,3106200,1,17320,12,31140300,POINT (611684.5058633671 7800038.784936854),C
2023,3106200,1,16293,12,30390230,POINT (607722.224415831 7788424.701441208),C
2023,3106200,1,32507,26,30150285,POINT (612072.8534127175 7795927.068966722),C
2023,3106200,1,31012,33,30390050,POINT (606464.322060781 7807193.56392991),C
2023,3106200,1,25128,24,31140650,POINT (611408.2861835036 7800446.647792663),C
2023,3106200,1,10520,281,30150150,POINT (611732.5608229954 7797051.034228997),C
2023,3106200,1,33121,21,31140060,POINT (611877.8459521052 7799299.037798901),C
2023,3106200,1,14118,20,30411220,POINT (608310.325310029 7795826.214311475),C
2023,3106200,1,14126,25,30431076,POINT (608679.2568171715 7795614.425323179),C
2023,3106200,1,14126,17,30441028,POINT (609066.2252468547 7795506.982691594),C
2023,3106200,1,14126,12,30380660,POINT (609850.9585817874 7793717.402883736),C
2023,3106200,1,14126,17,30150160,POINT (612038.0879909202 7797100.286166707),C
2023,3106200,1,14126,23,30330010,POINT (611253.9488050467 7794291.112402797),C
2023,3106200,1,14126,12,30150010,POINT (612003.1901355062 7797561.125724214),C
2023,3106200,1,14126,14,30626220,POINT (603411.5810760414 7788336.290790999),C
2023,3106200,1,31012,0,30644153,POINT (602566.1055348092 7788752.390638903),C
2023,3106200,1,18130,0,31990290,POINT (615493.4642063223 7804733.57903539),C
2023,3106200,1,10911,0,31990290,POINT (615493.4642063223 7804733.57903539),C
2023,3106200,1,33295,0,31515225,POINT (609116.7520869675 7807622.43937345),C
2023,3106200,1,10911,0,30260150,POINT (613744.0066209359 7796844.348715876),C
2023,3106200,1,32116,0,30112004,POINT (611117.5554661654 7794929.629297778),C
2023,3106200,1,33147,0,30662030,POINT (600935.6658443805 7789654.457917292),C
2023,3106200,1,20631,0,31570490,POINT (606434.6441514402 7809407.058871726),C
2023,3106200,1,33147,0,31255710,POINT (610090.3180170024 7803264.886266683),C
2023,3106200,1,17338,0,31255170,POINT (609227.1011637574 7801658.210381579),C
2023,3106200,1,33210,0,30441086,POINT (609153.0286984291 7795192.336057148),C
2023,3106200,1,18113,0,30550290,POINT (606567.780623678 7794400.18028834),C
2023,3106200,1,14134,0,31270300,POINT (609677.5908621366 7803572.835066211),C
2023,3106200,1,23303,0,31550000,POINT (608587.1366803476 7805623.194790622),C
2023,3106200,1,14134,0,31250150,POINT (608587.5444137151 7800425.227944188),C
2023,3106200,1,25322,0,31870590,POINT (614644.7808231699 7806300.008641724),C
2023,3106200,1,25390,0,30660550,POINT (601491.1968479346 7789128.972376024),C
2023,3106200,1,16218,0,30668277,POINT (601757.5898812293 7786912.287255617),C
2023,3106200,1,33147,0,30441086,POINT (609153.0286984291 7795192.336057148),C
2023,3106200,1,23915,0,30421450,POINT (607502.1237886046 7794999.129879849),C
2023,3106200,1,25390,0,30640550,POINT (601895.1339984635 7790495.185732719),C
2023,3106200,1,14142,0,30220270,POINT (613230.7235844653 7794695.082168012),C
2023,3106200,1,18130,0,30431091,POINT (608421.0733013845 7795821.323782466),C
2023,3106200,1,33210,0,31035330,POINT (613312.9919737686 7799114.110599216),C
2023,3106200,1,10996,0,30510160,POINT (605286.0314968122 7794936.715040399),C
2023,3106200,1,10996,0,30720474,POINT (607131.8318481726 7798072.47861599),C
2023,3106200,1,15394,0,30411225,POINT (608132.9658534555 7796019.982230378),C
2023,3106200,1,20631,0,31812150,POINT (612239.4215558495 7804751.9749000035),C
2023,3106200,1,10911,0,30514150,POINT (604851.9112102378 7793037.30461856),C
2023,3106200,1,10911,0,30532030,POINT (604303.2536484033 7795211.321804341),C
2023,3106200,1,32507,0,30190110,POINT (610020.6128987402 7796908.619789165),C
2023,3106200,1,25420,0,31630170,POINT (609527.5032815326 7810981.7173208725),C
2023,3106200,1,27406,0,30494170,POINT (609122.1981864319 7792525.142588442),C
2023,3106200,1,10911,0,30140100,POINT (611846.7412587393 7795467.108156069),C
2023,3106200,1,25390,0,30627172,POINT (602115.4156808543 7788323.917384665),C
2023,3106200,1,15211,0,31570500,POINT (606384.7490235154 7809574.246763311),C
2023,3106200,1,17311,0,30855075,POINT (602166.5093241229 7796274.376227353),C
2023,3106200,1,25993,0,30662435,POINT (599842.983206842 7789068.263471189),C
2023,3106200,1,33112,0,30512460,POINT (604748.1884253036 7793725.204934128),C
2023,3106200,1,20711,0,31230430,POINT (609203.6335217219 7799358.46870856),C
2023,3106200,1,25420,0,31720500,POINT (610142.690204442 7806195.646890653),C
2023,3106200,1,33147,0,30882550,POINT (603894.4975534428 7801284.204231332),C
2023,3106200,1,15297,0,30431285,POINT (607559.7348435299 7795059.392052592),C
2023,3106200,1,25926,0,30662710,POINT (599498.6304254759 7789318.140181003),C
2023,3106200,1,10911,0,30518280,POINT (603916.0842057593 7793679.3129333),C
2023,3106200,1,18130,0,31030430,POINT (612242.4938702934 7798912.254807575),C
2023,3106200,1,20291,0,30390090,POINT (607122.2197880353 7788102.524888249),C
2023,3106200,1,20517,0,31310260,POINT (607029.0916696028 7800397.861741317),C
2023,3106200,1,33139,0,30516170,POINT (605920.8585797974 7793658.0121055655),C
2023,3106200,1,25420,0,31535030,POINT (606710.9976177346 7808312.614509362),C
2023,3106200,1,26108,0,30494360,POINT (609035.6442280079 7791875.724257523),C
2023,3106200,1,25390,0,30750190,POINT (606663.3411611235 7799262.938331259),C
2023,3106200,1,18130,0,30720580,POINT (607114.4853038834 7798790.035338402),C
2023,3106200,1,31012,0,31930170,POINT (614740.4658306545 7802181.774513741),C
2023,3106200,1,16102,0,30570680,POINT (607308.4783215367 7792140.854281098),C
2023,3106200,1,32507,0,30494170,POINT (609122.1981864319 7792525.142588442),C
2023,3106200,1,23303,0,30510530,POINT (604751.3899727531 7794393.310769489),C
2023,3106200,1,33139,0,30690050,POINT (599966.8764863509 7790580.673287384),C
2023,3106200,1,33147,0,30820230,POINT (605115.2489180722 7798108.887101822),C
2023,3106200,1,33198,0,30421422,POINT (607529.680414168 7793973.955846056),C
2023,3106200,1,33147,0,31720485,POINT (610013.5306937633 7806005.325060012),C
2023,3106200,1,25420,0,31615250,POINT (607913.6597240956 7809501.351518203),C
2023,3106200,1,25390,0,30644210,POINT (602866.4803053428 7788752.09501316),C
2023,3106200,1,23915,0,31742052,POINT (611041.6170140074 7806519.822082043),C
2023,3106200,1,33295,0,31844250,POINT (613728.7628888891 7806006.113172287),C
2023,3106200,1,10911,0,30880133,POINT (602825.0019631722 7799132.20510816),C
2023,3106200,1,23303,0,31620380,POINT (608098.7709477362 7810103.1352739055),C
2023,3106200,1,15211,0,30881350,POINT (602679.7778223832 7799872.182336826),C
2023,3106200,1,33112,0,31744121,POINT (609856.5917986446 7807560.101940976),C
2023,3106200,1,23303,0,30180061,POINT (609331.7467976863 7795950.5234513255),C
2023,3106200,1,33198,0,31920280,POINT (613923.02251154 7801938.2882350385),C
2023,3106200,1,10911,0,31230200,POINT (608960.0776870205 7798830.6275830995),C
2023,3106200,1,33147,0,31742173,POINT (611778.1800041718 7807273.903328465),C
2023,3106200,1,18130,0,30180110,POINT (610590.2267319143 7797375.6470610015),C
2023,3106200,1,10911,0,30310120,POINT (612073.9299153237 7794418.24238774),C
2023,3106200,1,25420,0,31535300,POINT (606733.1980119561 7808007.656787522),C
2023,3106200,1,25390,0,31640120,POINT (607212.246952219 7810575.441542394),C
2023,3106200,1,10911,0,30421223,POINT (607521.7236442236 7795477.448000366),C
2023,3106200,1,20991,0,30530310,POINT (604639.3433295678 7795990.368531991),C
2023,3106200,1,33147,0,31515250,POINT (608673.578648468 7807438.841030793),C
2023,3106200,1,33210,0,31140500,POINT (612025.9957867267 7799840.952685932),C
2023,3106200,1,33295,0,30640140,POINT (602504.3581377916 7790777.018168239),C
2023,3106200,1,28216,0,30390530,POINT (608727.8671079442 7789117.193412604),C
2023,3106200,1,33295,0,31525090,POINT (608002.383133894 7807687.411496501),C
2023,3106200,1,32507,0,31015360,POINT (612029.1824714824 7798196.763467129),C
2023,3106200,1,23991,0,30421379,POINT (607397.2695104585 7794566.30130679),C
2023,3106200,1,20631,0,30668180,POINT (601096.4367763825 7788185.26575795),C
2023,3106200,1,25993,0,30390110,POINT (606824.7066184643 7788158.214549353),C
2023,3106200,1,23915,0,31998262,POINT (618575.1818308365 7806237.394872218),C
2023,3106200,1,33147,0,31550300,POINT (606492.0795560748 7805782.3684547655),C
2023,3106200,1,33147,0,30160048,POINT (610559.1132215369 7795154.100635167),C
2023,3106200,1,10911,0,31730600,POINT (610556.184154506 7806254.906137407),C
2023,3106200,1,20622,0,30530250,POINT (605207.3660654273 7795896.295047723),C
2023,3106200,1,18130,0,30140061,POINT (611042.3033317117 7796260.706350468),C
2023,3106200,1,33139,0,30160011,POINT (611201.9280530461 7796515.196846519),C
2023,3106200,1,23915,0,31250800,POINT (608604.5151306223 7800335.5805446785),C
2023,3106200,1,32507,0,31620430,POINT (607794.2556384496 7810074.087539181),C
2023,3106200,1,10911,0,30881350,POINT (602679.7778223832 7799872.182336826),C
2023,3106200,1,31012,0,31370430,POINT (603544.8924476642 7805747.492520285),C
2023,3106200,1,25390,0,31525210,POINT (607518.6152103497 7807459.674916686),C
2023,3106200,1,33121,0,31050550,POINT (615334.811528573 7799453.608261056),C
2023,3106200,1,32507,0,31620430,POINT (607794.2556384496 7810074.087539181),C
2023,3106200,1,10813,0,30180101,POINT (610498.3922693222 7796553.766112114),C
2023,3106200,1,16226,0,31742135,POINT (611423.9253005395 7806779.9640679825),C
2023,3106200,1,33147,0,30516210,POINT (605876.7092195528 7793779.978686909),C
2023,3106200,1,10996,0,31995080,POINT (615996.2004086823 7805099.909013641),C
2023,3106200,1,23915,0,30494080,POINT (608156.2294777605 7793074.274261529),C
2023,3106200,1,29506,0,31970082,POINT (615757.8180437462 7803726.265041164),C
2023,3106200,1,10911,0,31310430,POINT (606508.2699045854 7802699.575516669),C
2023,3106200,1,17320,0,31525010,POINT (607681.6063626513 7807989.88169962),C
2023,3106200,1,10911,0,31970705,POINT (616450.2610647886 7803388.367951646),C
2023,3106200,1,27104,0,30710050,POINT (610128.8895921358 7797674.865683958),C
2023,3106200,1,10911,0,30620060,POINT (604301.5522020524 7790295.479495581),C
2023,3106200,1,25420,0,30421112,POINT (606779.6407675076 7795323.177076077),C
2023,3106200,1,23915,0,31742278,POINT (610849.9288593167 7807047.797813276),C
2023,3106200,1,14134,0,30840560,POINT (605238.074283935 7799958.012942178),C
2023,3106200,1,18130,0,31070030,POINT (615198.0402775 7800511.384464732),C
2023,3106200,1,33295,0,31320110,POINT (606422.0268655402 7801297.693694191),C
2023,3106200,1,33147,0,30525160,POINT (603302.7392077266 7795285.584916663),C
2023,3106200,1,33121,0,30310670,POINT (611839.0574537866 7793597.746236727),C
2023,3106200,1,18113,0,30620490,POINT (604625.2168813266 7789361.755545846),C
2023,3106200,1,10911,0,30350070,POINT (610263.1616408345 7795018.79056582),C
2023,3106200,1,18211,0,30180005,POINT (610745.184670257 7796911.650417602),C
2023,3106200,1,10911,0,30112000,POINT (611151.5384321467 7794949.230272654),C
2023,3106200,1,15211,0,30730170,POINT (606271.217043165 7797691.033091614),C
2023,3106200,1,25128,0,31235130,POINT (608384.971759592 7799565.723217109),C
2023,3106200,1,33147,0,30820650,POINT (605020.4339811372 7799148.770430004),C
2023,3106200,1,17419,0,31060090,POINT (614076.4534075086 7799618.422707483),C
2023,3106200,1,31012,0,30830380,POINT (603977.649430834 7799268.680235893),C
2023,3106200,1,13120,0,30170050,POINT (609526.6715491452 7795643.907274347),C
2023,3106200,1,23915,0,31560050,POINT (607975.3054530269 7805793.969395871),C
2023,3106200,1,17311,0,31050690,POINT (614920.3482909042 7799238.432204502),C
2023,3106200,1,33295,0,30110036,POINT (612044.7844937923 7794866.624261487),C
2023,3106200,1,33147,0,30610010,POINT (604169.6626054518 7792889.395398121),C
2023,3106200,1,33210,0,30644220,POINT (602863.5199140181 7789278.310646024),C
2023,3106200,1,18211,0,30570000,POINT (606436.9700635921 7793272.774026895),C
2023,3106200,1,31012,0,30775360,POINT (608058.653941909 7799772.529953687),C
2023,3106200,1,25110,0,30664000,POINT (600401.747247779 7788334.724737674),C
2023,3106200,1,23192,0,30421067,POINT (606538.0912664332 7795849.6968196295),C
2023,3106200,1,10911,0,30670370,POINT (602996.7896034747 7787033.088405335),C
2023,3106200,1,18229,0,31910180,POINT (612860.6434634754 7802693.7650384465),C
2023,3106200,1,15297,0,31340230,POINT (605578.9783404666 7802720.266125673),C
2023,3106200,1,18130,0,30730530,POINT (606228.5860943276 7797805.109690879),C
2023,3106200,1,10317,0,30190118,POINT (609701.4188089722 7795718.03841701),C
2023,3106200,1,33147,0,31720260,POINT (609525.8433582331 7807515.828621773),C
2023,3106200,1,31012,0,31610580,POINT (609847.0757407628 7808479.421492127),C
2023,3106200,1,25128,0,31310070,POINT (606426.3549465623 7803008.790673833),C
2023,3106200,1,18130,0,30310360,POINT (612413.3927035203 7794040.158472616),C
2023,3106200,1,33121,0,30290610,POINT (617528.114851111 7796947.135745025),C
2023,3106200,1,33210,0,30421351,POINT (607359.4218212457 7794832.720029338),C
2023,3106200,1,33163,0,31260260,POINT (610930.7315272241 7803611.174721321),C
2023,3106200,1,31012,0,30628270,POINT (603289.8649481174 7787442.612114804),C
2023,3106200,1,32990,0,30180140,POINT (610725.1262302201 7795624.019103983),C
2023,3106200,1,10911,0,31530290,POINT (606601.5972239085 7807324.429110918),C
2023,3106200,1,27406,0,31615310,POINT (608547.6494005498 7808940.826777037),C
2023,3106200,1,33210,0,30520240,POINT (603181.7750909126 7794828.846132244),C
2023,3106200,1,25993,0,31530290,POINT (606601.5972239085 7807324.429110918),C
2023,3106200,1,33147,0,31655690,POINT (606063.0752859641 7811904.882426251),C
2023,3106200,1,22293,0,31970670,POINT (616825.5441837577 7803539.567124896),C
2023,3106200,1,32507,0,31110270,POINT (611091.3904326136 7798397.140536376),C
2023,3106200,1,33210,0,31970636,POINT (617941.2958616259 7803620.364061724),C
2023,3106200,1,10121,0,31250530,POINT (609750.1379555832 7801147.792192696),C
2023,3106200,1,33147,0,30640310,POINT (601935.5747541129 7790996.687312452),C
2023,3106200,1,32302,0,31210540,POINT (609501.3538467737 7798457.740801748),C
2023,3106200,1,10961,0,31155410,POINT (611008.6258257113 7802549.1970199365),C
2023,3106200,1,10929,0,31730728,POINT (610107.0971991168 7805725.393722983),C
2023,3106200,1,10961,0,31140270,POINT (611685.9210472022 7799704.172830438),C
2023,3106200,1,33295,0,31330530,POINT (605800.1980145504 7801954.744368913),C
2023,3106200,1,18130,0,30111070,POINT (610954.8812692775 7797729.680454508),C
2023,3106200,1,33139,0,30690000,POINT (600195.1299162583 7790606.412097498),C
2023,3106200,1,10317,0,30750000,POINT (606368.363878046 7798429.173169944),C
2023,3106200,1,10139,0,30490290,POINT (607278.0330280637 7793548.445590564),C
2023,3106200,1,10961,0,30644160,POINT (603026.0003267413 7788824.879658528),C
2023,3106200,1,24113,0,30140120,POINT (611513.5028615231 7795263.735089077),C
2023,3106200,1,13596,0,31110090,POINT (611537.2626413754 7798255.604937762),C
2023,3106200,1,18211,0,30575160,POINT (607609.7127538364 7791084.240089616),C
2023,3106200,1,32507,0,30720410,POINT (606871.367724471 7796946.376937835),C
2023,3106200,1,29506,0,31840220,POINT (613057.0761396745 7805420.145210075),C
2023,3106200,1,27406,0,31050070,POINT (616471.8948700865 7799651.720871865),C
2023,3106200,1,32116,0,30170131,POINT (610601.5686101562 7797217.134800181),C
2023,3106200,1,25420,0,31742114,POINT (611932.705121438 7806713.928486822),C
2023,3106200,1,14134,0,31130380,POINT (610638.5552430226 7799950.967331739),C
2023,3106200,1,18130,0,31270730,POINT (608983.2840546565 7804404.904861605),C
2023,3106200,1,25420,0,30295310,POINT (617059.6409352395 7797477.321264444),C
2023,3106200,1,31012,0,30750210,POINT (606618.6449285808 7799325.603021834),C
2023,3106200,1,18130,0,31710500,POINT (609310.3468737262 7805792.5747676855),C
2023,3106200,1,23915,0,30692641,POINT (599476.2987999794 7788638.558999278),C
2023,3106200,1,25438,0,30855440,POINT (602932.6160017076 7796183.523460009),C
2023,3106200,1,18211,0,31035540,POINT (612321.9805398625 7799364.769486804),C
2023,3106200,1,32507,0,31741480,POINT (611386.3244046692 7805556.444868285),C
2023,3106200,1,10911,0,30550740,POINT (606371.3267896923 7794002.764991874),C
2023,3106200,1,10996,0,30510390,POINT (605620.1580580997 7794483.469766138),C
2023,3106200,1,32990,0,30510470,POINT (604943.8876954827 7794567.780533516),C
2023,3106200,1,18229,0,30830233,POINT (604456.4357256277 7798782.369999008),C
2023,3106200,1,33121,0,31270250,POINT (609396.536708029 7803373.996410347),C
2023,3106200,1,18211,0,31035540,POINT (612321.9805398625 7799364.769486804),C
2023,3106200,1,32990,0,31310510,POINT (606054.4261860347 7802019.925036855),C
2023,3106200,1,33210,0,30855070,POINT (603353.8552964707 7796131.927439685),C
2023,3106200,1,32914,0,30881660,POINT (603037.1249658468 7800190.314816274),C
2023,3106200,1,23303,0,31742790,POINT (612468.2130822621 7808140.610954782),C
2023,3106200,1,10961,0,31250330,POINT (609184.9496096137 7800515.735084051),C
2023,3106200,1,25128,0,31950060,POINT (615216.5926797925 7802019.17490428),C
2023,3106200,1,33147,0,30530070,POINT (604209.0025569347 7796432.730968548),C
2023,3106200,1,25128,0,31565260,POINT (607945.7298277762 7806929.1723332275),C
2023,3106200,1,33295,0,30320140,POINT (610996.939964957 7792777.984735763),C
2023,3106200,1,31012,0,30130174,POINT (611114.7431662699 7795042.052634915),C
2023,3106200,1,25420,0,30525040,POINT (603601.5869027104 7795152.354196155),C
2023,3106200,1,15211,0,30870180,POINT (603419.8958909189 7798749.693230292),C
2023,3106200,1,33147,0,30662302,POINT (600671.4221830043 7788994.247231342),C
2023,3106200,1,14118,0,31150570,POINT (610659.8955571022 7801480.807238897),C
2023,3106200,1,18130,0,31748135,POINT (610849.8923385596 7809885.6974783465),C
2023,3106200,1,25128,0,30626720,POINT (603740.895668046 7787761.371794041),C
2023,3106200,1,33121,0,30525290,POINT (603129.7357185752 7795388.829336885),C
2023,3106200,1,31012,0,31950540,POINT (615180.1052543359 7803280.726683566),C
2023,3106200,1,33163,0,31710410,POINT (608401.1140174414 7804818.187234189),C
2023,3106200,1,25390,0,30620150,POINT (604364.4398840135 7789553.9322467),C
2023,3106200,1,11135,0,30390170,POINT (608726.9006449643 7789129.786804056),C
2023,3106200,1,33139,0,30421194,POINT (607366.9146796936 7795755.078006076),C
2023,3106200,1,10929,0,30880362,POINT (603036.5646103299 7798226.968275067),C
2023,3106200,1,32990,0,30441036,POINT (609154.3731103084 7795270.465264007),C
2023,3106200,1,31012,0,31330290,POINT (605159.5840212582 7801911.4952284265),C
2023,3106200,1,10911,0,30820170,POINT (605144.8142695861 7798832.641577246),C
2023,3106200,1,33121,0,30280530,POINT (615067.3348357591 7798499.172636782),C
2023,3106200,1,25420,0,31620030,POINT (608637.8851502448 7810363.200339839),C
2023,3106200,1,10139,0,31620500,POINT (608146.968094161 7809671.562830757),C
2023,3106200,1,32990,0,30510160,POINT (605286.0314968122 7794936.715040399),C
2023,3106200,1,18300,0,30360600,POINT (610141.7881036836 7791540.526170678),C
2023,3106200,1,10953,0,30770120,POINT (607259.9252535572 7797009.646287855),C
2023,3106200,1,18229,0,31741369,POINT (611095.0094618015 7804948.4598809285),C
2023,3106200,1,10112,0,30120040,POINT (610619.8675649213 7797118.131541537),C
2023,3106200,1,33295,0,30112000,POINT (611151.5384321467 7794949.230272654),C
2023,3106200,1,33210,0,31910380,POINT (613231.4469510813 7802651.6728366595),C
2023,3106200,1,10538,0,31580350,POINT (605220.8663513322 7807383.385027692),C
2023,3106200,1,10996,0,30285310,POINT (615793.0382137635 7798078.260868355),C
2023,3106200,1,28259,0,30870100,POINT (604095.4858176139 7798756.657046567),C
2023,3106200,1,33139,0,30610010,POINT (604169.6626054518 7792889.395398121),C
2023,3106200,1,31021,0,30411145,POINT (608931.4948132596 7796578.995734131),C
2023,3106200,1,25420,0,30260100,POINT (613799.0024802133 7797001.266690638),C
2023,3106200,1,33210,0,30493170,POINT (608311.7772792175 7791026.367982907),C
2023,3106200,1,17419,0,30525230,POINT (603145.861608471 7795380.76744581),C
2023,3106200,1,31012,0,30662600,POINT (599763.0023940327 7789569.799490933),C
2023,3106200,1,33147,0,31560150,POINT (607531.6307742549 7805857.177363198),C
2023,3106200,1,32990,0,30510140,POINT (605329.6011082965 7794883.945814997),C
2023,3106200,1,31012,0,30530070,POINT (604209.0025569347 7796432.730968548),C
2023,3106200,1,29506,0,30870100,POINT (604095.4858176139 7798756.657046567),C
2023,3106200,1,10911,0,30640070,POINT (602186.9622160551 7790830.181816423),C
2023,3106200,1,18229,0,30720310,POINT (607224.4108077529 7797356.898823267),C
2023,3106200,1,33210,0,30380262,POINT (609888.4565742248 7794404.181273234),C
2023,3106200,1,28127,0,31080060,POINT (614070.4242654038 7799952.204924674),C
2023,3106200,1,10112,0,30120010,POINT (612074.5678930909 7797084.182446393),C
2023,3106200,1,10813,0,31255160,POINT (609609.8520178599 7801935.170012089),C
2023,3106200,1,10911,0,30270180,POINT (614267.4230918861 7796816.879062989),C
2023,3106200,1,18211,0,31560300,POINT (607168.0989100318 7805970.031389961),C
2023,3106200,1,14142,0,31580440,POINT (604864.1342216744 7807220.789099655),C
2023,3106200,1,33147,0,31540570,POINT (611876.353216178 7805269.990631254),C
2023,3106200,1,31012,0,31110800,POINT (611067.1541213149 7799172.398802068),C
2023,3106200,1,33121,0,30870100,POINT (604095.4858176139 7798756.657046567),C
2023,3106200,1,10911,0,30550740,POINT (606371.3267896923 7794002.764991874),C
2023,3106200,1,14118,0,30882370,POINT (603407.3449246226 7801553.168370109),C
2023,3106200,1,25420,0,30285422,POINT (615538.0975248134 7797046.337660316),C
2023,3106200,1,13405,0,30662450,POINT (600252.82551015 7789222.119844586),C
2023,3106200,1,26400,0,30190000,POINT (611069.5145735417 7796494.02922526),C
2023,3106200,1,33210,0,30350130,POINT (610283.953500302 7794463.187984763),C
2023,3106200,1,10911,0,30320330,POINT (611042.4929230781 7791747.951089025),C
2023,3106200,1,10911,0,31970745,POINT (616141.4324318896 7803587.055461471),C
2023,3106200,1,33210,0,30575130,POINT (607815.4346289039 7791166.47981105),C
2023,3106200,1,33147,0,31844120,POINT (613378.7535257185 7806079.082981711),C
2023,3106200,1,31012,0,31741380,POINT (611138.2859450523 7804918.5927732065),C
2023,3106200,1,15319,0,31842330,POINT (612880.7228579404 7806234.224288846),C
2023,3106200,1,15319,0,31840360,POINT (611881.4658284809 7805917.4372547055),C
2023,3106200,1,33147,0,30280180,POINT (614801.5559219616 7798643.562445326),C
2023,3106200,1,33210,0,31655110,POINT (606649.9284777679 7811317.33305059),C
2023,3106200,1,18130,0,30880310,POINT (603301.8026028012 7799271.105404144),C
2023,3106200,1,24113,0,30170131,POINT (610601.5686101562 7797217.134800181),C
2023,3106200,1,25420,0,31250682,POINT (608715.6739583106 7800945.734577056),C
2023,3106200,1,28216,0,30730090,POINT (606281.0622665536 7797252.663700815),C
2023,3106200,1,33147,0,31742058,POINT (611312.7258463465 7806343.1905503),C
2023,3106200,1,33121,0,30310130,POINT (612123.2169132861 7794532.822317202),C
2023,3106200,1,10961,0,31080150,POINT (614122.9943986813 7800702.298165232),C
2023,3106200,1,10317,0,31255160,POINT (609609.8520178599 7801935.170012089),C
2023,3106200,1,25420,0,31990550,POINT (616227.3805156588 7804764.451463339),C
2023,3106200,1,31012,0,31110300,POINT (610834.2704975891 7798234.352572842),C
2023,3106200,1,32990,0,30260270,POINT (614149.8401792693 7796468.7463457845),C
2023,3106200,1,33210,0,30310480,POINT (610634.6706662152 7797880.315475018),C
2023,3106200,1,14142,0,31155320,POINT (610414.5763283238 7802379.426356971),C
2023,3106200,1,33198,0,31320460,POINT (606380.5616628907 7799762.102675511),C
2023,3106200,1,13511,0,30180090,POINT (609670.7056510712 7796683.52324542),C
2023,3106200,1,18229,0,31870620,POINT (614719.8537369409 7806231.460470314),C
2023,3106200,1,27104,0,31741615,POINT (611116.3458328233 7806098.059994619),C
2023,3106200,1,33147,0,30870110,POINT (604159.6500698305 7798273.611356724),C
2023,3106200,1,22293,0,30550170,POINT (606690.2727686148 7794878.8348360155),C
2023,3106200,1,31021,0,31365090,POINT (604629.090017447 7802806.937915837),C
2023,3106200,1,33295,0,30810330,POINT (605584.3098886311 7799575.4161214195),C
2023,3106200,1,33198,0,31872040,POINT (615480.9667038183 7806614.649787705),C
2023,3106200,1,33295,0,31035560,POINT (612791.63880517 7799659.4496692065),C
2023,3106200,1,10911,0,30130174,POINT (611114.7431662699 7795042.052634915),C
2023,3106200,1,18229,0,31910690,POINT (613434.0310349425 7802948.086140461),C
2023,3106200,1,33121,0,31810290,POINT (611678.7702674977 7804011.7245913185),C
2023,3106200,1,10139,0,31950390,POINT (615500.5910629558 7803008.917476371),C
2023,3106200,1,26701,0,31530300,POINT (606896.7157927814 7807114.309991638),C
2023,3106200,1,31012,0,30510780,POINT (605199.531772197 7794180.772861999),C
2023,3106200,1,23494,0,30140000,POINT (612645.9402221107 7796416.812156928),C
2023,3106200,1,31012,0,31520120,POINT (608206.7785203786 7808085.107018532),C
2023,3106200,1,33147,0,31990030,POINT (615330.7707072204 7804397.178166756),C
2023,3106200,1,25110,0,30610110,POINT (603652.933328021 7792958.136157483),C
2023,3106200,1,26400,0,30810000,POINT (606748.5182189122 7799645.723718284),C
2023,3106200,1,33121,0,31250400,POINT (609215.1156128994 7800677.278761797),C
2023,3106200,1,14126,0,30411470,POINT (606999.9447966804 7796175.178850796),C
2023,3106200,1,14126,0,31250020,POINT (608881.8899694871 7799994.983454512),C
2023,3106200,1,14126,0,30455610,POINT (608423.4709020393 7791565.768265323),C
2023,3106200,1,14126,0,30190003,POINT (610017.5978690815 7796838.669406331),C
2023,3106200,1,14126,0,30240000,POINT (613149.1736968483 7794694.375399869),C
2023,3106200,1,14126,0,30411145,POINT (608931.4948132596 7796578.995734131),C
2023,3106200,1,14126,0,31360550,POINT (602618.0943791473 7803117.911093266),C
2023,3106200,1,14126,0,30350577,POINT (609470.6185640154 7791844.695916388),C
2023,3106200,1,14126,0,30670565,POINT (602625.1388490497 7787301.63205049),C
2023,3106200,1,14126,0,31730600,POINT (610556.184154506 7806254.906137407),C
2023,3106200,1,14126,0,30190002,POINT (610079.2202604454 7796789.725624727),C
2023,3106200,1,14126,0,31130760,POINT (611207.7406117157 7800748.520674673),C
2023,3106200,1,14126,0,30411174,POINT (608894.5341225297 7796207.6599387955),C
2023,3106200,1,14126,0,31210010,POINT (610184.1497750393 7799534.246177676),C
2023,3106200,1,14126,0,30330080,POINT (611200.3080183974 7794515.25333688),C
2023,3106200,1,14126,0,30130008,POINT (612803.9918471111 7794168.398605157),C
2023,3106200,1,14126,0,30431089,POINT (608383.7750159901 7795505.8258308),C
2023,3106200,1,14126,0,30180143,POINT (610377.6862896939 7795720.2189318985),C
2023,3106200,1,14126,0,30190080,POINT (610137.6807498672 7796805.249435494),C
2023,3106200,1,14126,0,31035580,POINT (612480.4327596725 7799549.814434677),C
2023,3106200,1,14126,0,30110043,POINT (610712.389256229 7794894.291777382),C
2023,3106200,1,14126,0,30421369,POINT (607658.0658660823 7794462.319572581),C
2023,3106200,1,14126,0,30350180,POINT (609883.8069594895 7794319.058587944),C
2023,3106200,1,14126,0,30710560,POINT (608532.1862748641 7797963.427054018),C
2023,3106200,1,14126,0,30494450,POINT (609201.7672904914 7791475.678771367),C
2023,3106200,1,14126,0,30240220,POINT (612918.1735480953 7795689.950150221),C
2023,3106200,1,14126,0,31710340,POINT (608916.1888996575 7805848.436405569),C
2023,3106200,1,14126,0,30855075,POINT (602166.5093241229 7796274.376227353),C
2023,3106200,1,14126,0,30411120,POINT (608377.4406181427 7796523.9267331725),C
2023,3106200,1,14126,0,30411213,POINT (608478.1753524834 7796098.686046548),C
2023,3106200,1,14126,0,31580570,POINT (604358.5009252472 7807573.827004047),C
2023,3106200,1,14126,0,31870250,POINT (614560.6080922098 7805266.672278716),C
2023,3106200,1,14126,0,31030050,POINT (613179.2664702134 7798089.914032076),C
2023,3106200,1,14126,0,30640050,POINT (603055.4333238321 7790985.467345793),C
2023,3106200,1,14126,0,31748207,POINT (611426.3422364347 7810477.078567695),C
2023,3106200,1,14126,0,30627095,POINT (602348.3130738059 7788539.275853815),C
2023,3106200,1,10911,21,30140100,POINT (611846.7412587393 7795467.108156069),C
2023,3106200,1,28291,76,30360740,POINT (610146.9311913848 7790990.696896018),C
2023,3106200,1,10911,13,30220000,POINT (612909.3467211042 7794956.31069012),C
2023,3106200,1,10911,53,31035400,POINT (612845.2934840854 7799378.615731515),C
2023,3106200,1,20631,12,31250535,POINT (609728.4225483058 7801309.595592602),C
2023,3106200,1,25128,15,30775450,POINT (608177.7475566095 7799873.865981628),C
2023,3106200,1,18113,18,31150340,POINT (609772.9898948428 7799089.858532638),C
2023,3106200,1,27902,134,30575815,POINT (607321.1505097745 7790464.135914478),C
2023,3106200,1,10996,22,30580460,POINT (605765.8923768194 7792971.1665752),C
2023,3106200,1,33147,17,31255180,POINT (609435.7384449337 7802070.971322649),C
2023,3106200,1,23915,15,31210150,POINT (610235.1523120678 7798009.769866291),C
2023,3106200,1,18130,17,31814140,POINT (612539.8904838054 7804308.9803679455),C
2023,3106200,1,31012,16,30770100,POINT (607983.0698100317 7798526.820132935),C
2023,3106200,1,10911,16,30112011,POINT (611065.706465341 7795075.978803224),C
2023,3106200,1,25993,13,31575320,POINT (605059.7749988096 7809528.770671837),C
2023,3106200,1,20738,17,31150453,POINT (609841.4171059065 7801905.143762365),C
2023,3106200,1,20631,64,30421318,POINT (606986.654609467 7794954.899526847),C
2023,3106200,1,27511,963,30390150,POINT (607328.9127185603 7788164.989593828),C
2023,3106200,1,10961,35,31741609,POINT (611104.2662539097 7806131.447182978),C
2023,3106200,1,16226,13,30730500,POINT (605970.3254027179 7797761.954305671),C
2023,3106200,1,17427,26,31565030,POINT (608009.0675353539 7805920.343721557),C
2023,3106200,1,10911,20,30692455,POINT (599014.5487021457 7788625.794981265),C
2023,3106200,1,26213,12,30855110,POINT (603630.5824466862 7796174.809990548),C
2023,3106200,1,23303,24,30510040,POINT (606395.5623218509 7795476.510248473),C
2023,3106200,1,10911,21,31580000,POINT (605083.0739921834 7807741.498664096),C
2023,3106200,1,25322,13,30668274,POINT (601851.8329230439 7787731.584565116),C
2023,3106200,1,20631,19,31255060,POINT (608926.2234290242 7801457.166845976),C
2023,3106200,1,14134,20,30640480,POINT (603002.1801698065 7790722.617391132),C
2023,3106200,1,10911,38,30310370,POINT (611954.0962640623 7794202.108816568),C
2023,3106200,1,20312,33,30664004,POINT (600572.5373172355 7788334.692721503),C
2023,3106200,1,10139,29,31741401,POINT (611555.1112377226 7804427.094010269),C
2023,3106200,1,10538,24,31255160,POINT (609609.8520178599 7801935.170012089),C
2023,3106200,1,10911,31,30240060,POINT (613100.4040481428 7795081.471303275),C
2023,3106200,1,24318,119,31960275,POINT (615532.061005258 7804009.655329507),C
2023,3106200,1,10961,49,31210800,POINT (609696.4751130895 7801004.870106285),C
2023,3106200,1,25128,12,31910130,POINT (612773.4237219682 7802551.4326068275),C
2023,3106200,1,32507,16,30441025,POINT (609200.7560574291 7795590.66582462),C
2023,3106200,1,10139,38,30881460,POINT (603417.0718926949 7800298.870991822),C
2023,3106200,1,20622,16,30830340,POINT (604051.2414383296 7799019.727926119),C
2023,3106200,1,10911,13,31540550,POINT (606042.3023929991 7806645.182539675),C
2023,3106200,1,10996,20,31255170,POINT (609227.1011637574 7801658.210381579),C
2023,3106200,1,10911,19,30411020,POINT (608740.3135707672 7797066.121878765),C
2023,3106200,1,10911,17,31230120,POINT (608760.3752331393 7798751.8739949465),C
2023,3106200,1,27317,30,31250115,POINT (608590.3886568634 7799894.455335985),C
2023,3106200,1,25993,15,30285408,POINT (615065.3365176466 7797055.559453746),C
2023,3106200,1,33210,18,31573030,POINT (606236.8410100939 7809436.726062222),C
2023,3106200,1,32990,12,31130070,POINT (610722.5749683977 7799781.9862588495),C
2023,3106200,1,10911,21,31060330,POINT (615119.8978142984 7799938.274898393),C
2023,3106200,1,33121,27,31610110,POINT (608889.7897331389 7808860.1414217185),C
2023,3106200,1,31012,18,31255180,POINT (609435.7384449337 7802070.971322649),C
2023,3106200,1,10996,19,30692600,POINT (599409.276684549 7788821.189333835),C
2023,3106200,1,13405,24,31260460,POINT (611631.248385889 7803184.9522812925),C
2023,3106200,1,24113,26,30140130,POINT (612123.8822730288 7794962.645464011),C
2023,3106200,1,22226,79,31573100,POINT (606748.3321295874 7807594.9896080755),C
2023,3106200,1,10961,191,30350160,POINT (610180.2067682836 7794230.992182467),C
2023,3106200,1,26400,13,30882710,POINT (603438.4084052299 7801771.609768707),C
2023,3106200,1,10911,12,31210320,POINT (610201.4290293603 7798566.034677746),C
2023,3106200,1,10911,13,30421425,POINT (607432.3454892521 7794304.610765347),C
2023,3106200,1,32302,21,31535600,POINT (607374.2845943231 7809273.953903087),C
2023,3106200,1,25438,23,30668272,POINT (601324.7231788054 7788008.117334845),C
2023,3106200,1,26108,16,31310260,POINT (607029.0916696028 7800397.861741317),C
2023,3106200,1,10911,30,30310490,POINT (612229.6043150916 7793755.827973844),C
2023,3106200,1,10538,15,30690580,POINT (599358.6584405887 7790625.555471882),C
2023,3106200,1,10911,17,31570000,POINT (606527.5639315508 7809845.909868864),C
2023,3106200,1,33147,22,30130138,POINT (611703.8720876882 7795063.870987574),C
2023,3106200,1,26515,52,30710580,POINT (608645.4300796513 7797799.153700128),C
2023,3106200,1,24423,32,30380403,POINT (609214.9208984424 7794391.229745487),C
2023,3106200,1,10911,16,30692675,POINT (600016.2129733626 7788439.090035167),C
2023,3106200,1,28224,23,30455610,POINT (608423.4709020393 7791565.768265323),C
2023,3106200,1,32507,38,30130001,POINT (610940.9095915728 7797283.569848858),C
2023,3106200,1,23915,13,31330430,POINT (605399.8550685986 7800590.12580206),C
2023,3106200,1,18229,21,31255160,POINT (609609.8520178599 7801935.170012089),C
2023,3106200,1,10996,21,31330145,POINT (604162.1729719501 7801073.673584897),C
2023,3106200,1,14126,13,31610110,POINT (608889.7897331389 7808860.1414217185),C
2023,3106200,1,14126,18,30411135,POINT (608759.962039483 7796624.0978664905),C
2023,3106200,1,14126,15,30411110,POINT (608247.9585598421 7796122.666352922),C
2023,3106200,1,14126,12,30411120,POINT (608377.4406181427 7796523.9267331725),C
2023,3106200,1,14126,17,30360150,POINT (610243.1520180285 7792935.272290848),C
2023,3106200,1,14126,16,30350010,POINT (610511.6896176117 7794788.2768823765),C
2023,3106200,1,25136,0,30130138,POINT (611703.8720876882 7795063.870987574),C
2023,3106200,1,32990,0,31130420,POINT (610992.0944537977 7800045.4471550435),C
2023,3106200,1,15211,0,31610290,POINT (609489.2438076095 7808963.769941563),C
2023,3106200,1,33147,0,31515420,POINT (608373.0208642478 7807378.858865498),C
2023,3106200,1,23427,0,30570080,POINT (606506.1516727965 7792688.037866956),C
2023,3106200,1,33147,0,31330660,POINT (605342.4299404415 7802436.470211733),C
2023,3106200,1,28151,0,31255710,POINT (610090.3180170024 7803264.886266683),C
2023,3106200,1,33147,0,30120010,POINT (612074.5678930909 7797084.182446393),C
2023,3106200,1,10911,0,31250130,POINT (608631.5444573899 7800114.132212527),C
2023,3106200,1,20622,0,30421340,POINT (606534.4919691192 7801374.517571393),C
2023,3106200,1,32990,0,30421450,POINT (607502.1237886046 7794999.129879849),C
2023,3106200,1,16226,0,30881292,POINT (603300.7136398238 7799755.4194579795),C
2023,3106200,1,18130,0,30690510,POINT (599524.6142919584 7791182.5465060435),C
2023,3106200,1,31012,0,30180114,POINT (610479.042675574 7797019.867941896),C
2023,3106200,1,33147,0,30626260,POINT (603530.2212869942 7788322.7470109),C
2023,3106200,1,23427,0,30492025,POINT (608026.8933523349 7791641.488899337),C
2023,3106200,1,23915,0,31560200,POINT (607673.8073741391 7806531.948137606),C
2023,3106200,1,31012,0,30575760,POINT (606902.9427963356 7791583.218381558),C
2023,3106200,1,33210,0,31330230,POINT (604594.8716574146 7801631.197624744),C
2023,3106200,1,19217,0,31270020,POINT (609593.5739464924 7803003.559899336),C
2023,3106200,1,32507,0,30140069,POINT (610735.2785343122 7796327.158368234),C
2023,3106200,1,18300,0,30494270,POINT (609194.0584368882 7791863.435797977),C
2023,3106200,1,33121,0,30530440,POINT (604489.2806951868 7795730.117389761),C
2023,3106200,1,13405,0,30411120,POINT (608377.4406181427 7796523.9267331725),C
2023,3106200,1,32400,0,31255170,POINT (609227.1011637574 7801658.210381579),C
2023,3106200,1,10996,0,30550120,POINT (606351.2095833487 7794860.2437624745),C
2023,3106200,1,33121,0,30640640,POINT (601868.9158066255 7790134.335469327),C
2023,3106200,1,33121,0,30494060,POINT (608135.3026325086 7792594.329330077),C
2023,3106200,1,31012,0,31980160,POINT (613374.2223196703 7804047.3366921125),C
2023,3106200,1,32302,0,30810330,POINT (605584.3098886311 7799575.4161214195),C
2023,3106200,1,18113,0,31170030,POINT (612349.8512721914 7800053.169823759),C
2023,3106200,1,31012,0,30575817,POINT (607264.5915313372 7790428.156236669),C
2023,3106200,1,33147,0,30690010,POINT (600104.3832989482 7790603.003017418),C
2023,3106200,1,28259,0,30610080,POINT (603435.9942712086 7792927.254642865),C
2023,3106200,1,33147,0,30855075,POINT (602166.5093241229 7796274.376227353),C
2023,3106200,1,31012,0,31995360,POINT (616436.2141477132 7805917.407644252),C
2023,3106200,1,18229,0,31330430,POINT (605399.8550685986 7800590.12580206),C
2023,3106200,1,31012,0,31570480,POINT (606504.035429161 7809575.636260662),C
2023,3106200,1,31012,0,30285080,POINT (615256.2361432153 7797667.833703182),C
2023,3106200,1,25993,0,31630000,POINT (609356.7852150444 7810397.643618915),C
2023,3106200,1,32507,0,30160011,POINT (611201.9280530461 7796515.196846519),C
2023,3106200,1,10112,0,31980110,POINT (613086.6290567078 7803845.023620515),C
2023,3106200,1,32124,0,30350130,POINT (610283.953500302 7794463.187984763),C
2023,3106200,1,23915,0,31950280,POINT (614838.8723693249 7802772.591976969),C
2023,3106200,1,10961,0,31150460,POINT (610300.7126754695 7801770.612771958),C
2023,3106200,1,30920,0,31620030,POINT (608637.8851502448 7810363.200339839),C
2023,3106200,1,15211,0,31842260,POINT (613025.5007559041 7806544.832033968),C
2023,3106200,1,25390,0,31615450,POINT (608558.6899625893 7809495.8787851),C
2023,3106200,1,14118,0,31741455,POINT (611378.2451686669 7805338.509415593),C
2023,3106200,1,18229,0,31110640,POINT (611273.9972010136 7799956.724742958),C
2023,3106200,1,32507,0,30870020,POINT (604091.2372317275 7798506.226858875),C
2023,3106200,1,13405,0,30518280,POINT (603916.0842057593 7793679.3129333),C
2023,3106200,1,16226,0,31655230,POINT (606173.5202376362 7811539.256308735),C
2023,3106200,1,29506,0,30720470,POINT (606926.1268273266 7797993.169534772),C
2023,3106200,1,33121,0,30280530,POINT (615067.3348357591 7798499.172636782),C
2023,3106200,1,10996,0,30730470,POINT (605531.368617838 7797766.88476924),C
2023,3106200,1,13511,0,31510130,POINT (607990.3062553693 7809047.040770901),C
2023,3106200,1,11135,0,31365190,POINT (604058.2653671457 7802746.423972301),C
2023,3106200,1,11135,0,30330160,POINT (611036.3742859678 7794255.3333402965),C
2023,3106200,1,32507,0,31330260,POINT (604959.7171299629 7801643.375209414),C
2023,3106200,1,25128,0,30810350,POINT (605755.4788908098 7799618.056669485),C
2023,3106200,1,25420,0,31749045,POINT (610266.9213329391 7810685.228713926),C
2023,3106200,1,25322,0,31990055,POINT (616217.0019699165 7805049.280408451),C
2023,3106200,1,10139,0,31360110,POINT (603665.668491903 7802317.953893974),C
2023,3106200,1,20622,0,31255200,POINT (608851.5216657304 7801730.820281412),C
2023,3106200,1,33147,0,31365000,POINT (604772.197253948 7802678.029542802),C
2023,3106200,1,31012,0,30830330,POINT (604108.0367158846 7798900.365199172),C
2023,3106200,1,25390,0,31720620,POINT (609871.328155926 7805964.000648872),C
2023,3106200,1,33295,0,30575300,POINT (607254.4289897436 7791222.434829138),C
2023,3106200,1,10911,0,31130230,POINT (609984.6884433378 7800738.028940193),C
2023,3106200,1,29441,0,30610240,POINT (604359.746259262 7792813.347464184),C
2023,3106200,1,25420,0,30260220,POINT (613827.8036861052 7796477.294484867),C
2023,3106200,1,22293,0,31615250,POINT (607913.6597240956 7809501.351518203),C
2023,3106200,1,10911,0,30626110,POINT (603087.3379287161 7788110.493471497),C
2023,3106200,1,10813,0,30310710,POINT (611723.432649463 7793807.58733632),C
2023,3106200,1,25390,0,31970745,POINT (616141.4324318896 7803587.055461471),C
2023,3106200,1,20631,0,31015090,POINT (612971.391340894 7797679.176332332),C
2023,3106200,1,10911,0,30160046,POINT (610749.4576688642 7795889.605284542),C
2023,3106200,1,31012,0,31320560,POINT (606310.3790182993 7800261.63138668),C
2023,3106200,1,14134,0,30870040,POINT (604239.4220452468 7798089.237937293),C
2023,3106200,1,22293,0,31530070,POINT (607430.1701231422 7807108.845051739),C
2023,3106200,1,33147,0,30855075,POINT (602166.5093241229 7796274.376227353),C
2023,3106200,1,25390,0,31540000,POINT (605711.9491886019 7807514.131684845),C
2023,3106200,1,10945,0,30710543,POINT (609178.9915031848 7798119.879584735),C
2023,3106200,1,22226,0,31812010,POINT (612128.4054149436 7804456.8087727325),C
2023,3106200,1,17311,0,30190050,POINT (611073.4546152669 7796686.136381081),C
2023,3106200,1,31012,0,30390220,POINT (607702.3882084267 7788345.069931133),C
2023,3106200,1,16226,0,30730440,POINT (606079.3579687728 7797668.464168083),C
2023,3106200,1,18229,0,30580003,POINT (605981.4274385398 7792633.827993095),C
2023,3106200,1,25128,0,30421452,POINT (607623.9633566336 7794150.764431743),C
2023,3106200,1,10139,0,30642060,POINT (603186.4038845961 7790304.115759846),C
2023,3106200,1,33147,0,31812270,POINT (612020.2579660299 7805095.937837312),C
2023,3106200,1,27902,0,30882150,POINT (603927.3584674483 7800640.463441629),C
2023,3106200,1,33198,0,30662060,POINT (600432.9959300732 7789229.748579523),C
2023,3106200,1,31012,0,30626210,POINT (602939.1479262526 7787931.551699353),C
2023,3106200,1,10911,0,31130250,POINT (610370.1463024342 7800520.4766429495),C
2023,3106200,1,25390,0,30628000,POINT (603871.7220697864 7787371.250852637),C
2023,3106200,1,15211,0,30421125,POINT (606598.7275843442 7795555.675893429),C
2023,3106200,1,26515,0,30421422,POINT (607529.680414168 7793973.955846056),C
2023,3106200,1,33163,0,30668190,POINT (601041.2157901963 7788034.430664806),C
2023,3106200,1,10953,0,31930650,POINT (613590.2209960973 7803443.202270841),C
2023,3106200,1,25420,0,31535000,POINT (606484.1341635237 7808216.418691343),C
2023,3106200,1,32990,0,30520250,POINT (602703.1926880698 7794529.001175021),C
2023,3106200,1,10911,0,30150100,POINT (612046.9840136032 7797305.2332341755),C
2023,3106200,1,17427,0,30710550,POINT (608932.2061959209 7798066.795821777),C
2023,3106200,1,25926,0,31255160,POINT (609609.8520178599 7801935.170012089),C
2023,3106200,1,10929,0,30160033,POINT (611074.7975381577 7796575.533266822),C
2023,3106200,1,15319,0,30130004,POINT (611424.3110056104 7796532.299754267),C
2023,3106200,1,14223,0,30494225,POINT (608196.2237259325 7792415.682762485),C
2023,3106200,1,10911,0,31155290,POINT (610946.5291154243 7802168.100539277),C
2023,3106200,1,32116,0,30130008,POINT (612803.9918471111 7794168.398605157),C
2023,3106200,1,25390,0,31060240,POINT (614546.8193280706 7800102.763949854),C
2023,3106200,1,14118,0,30530390,POINT (604158.5662241065 7796075.436479558),C
2023,3106200,1,10945,0,30140138,POINT (611096.5399984787 7795235.7833865695),C
2023,3106200,1,32302,0,30570550,POINT (606970.4009292407 7792203.193219554),C
2023,3106200,1,33147,0,31580000,POINT (605083.0739921834 7807741.498664096),C
2023,3106200,1,33147,0,31580250,POINT (605335.1955374362 7808304.919234015),C
2023,3106200,1,22293,0,31515232,POINT (608770.8321781249 7807348.225840159),C
2023,3106200,1,23915,0,31260000,POINT (610713.8255285172 7803544.999171257),C
2023,3106200,1,10911,0,31270218,POINT (609095.8856617934 7803413.882619588),C
2023,3106200,1,15319,0,31615460,POINT (608388.381205484 7809281.859481426),C
2023,3106200,1,14134,0,30575460,POINT (606739.6842581878 7791468.844385471),C
2023,3106200,1,33210,0,30860160,POINT (604072.5723710574 7797717.741809949),C
2023,3106200,1,33139,0,30330210,POINT (610941.1352526735 7794547.136265645),C
2023,3106200,1,15297,0,30750000,POINT (606368.363878046 7798429.173169944),C
2023,3106200,1,33121,0,31230240,POINT (609158.2899201019 7800235.375844529),C
2023,3106200,1,15394,0,30710440,POINT (608378.9212626969 7797692.983599978),C
2023,3106200,1,18130,0,31130680,POINT (610969.1963779688 7800646.523022792),C
2023,3106200,1,28691,0,30320690,POINT (610447.5460859232 7790806.0348538635),C
2023,3106200,1,33147,0,31170620,POINT (612811.0083693358 7801277.526075141),C
2023,3106200,1,33210,0,30110072,POINT (609626.6869249954 7797270.000199093),C
2023,3106200,1,10317,0,30720580,POINT (607114.4853038834 7798790.035338402),C
2023,3106200,1,33210,0,31520390,POINT (607323.4531400481 7808460.500928682),C
2023,3106200,1,22293,0,30570680,POINT (607308.4783215367 7792140.854281098),C
2023,3106200,1,10911,0,31080150,POINT (614122.9943986813 7800702.298165232),C
2023,3106200,1,25420,0,31150032,POINT (609850.5662130523 7801101.480617771),C
2023,3106200,1,32507,0,30110028,POINT (612541.8210463314 7795553.076146237),C
2023,3106200,1,11135,0,30530560,POINT (604625.666799091 7795470.137384398),C
2023,3106200,1,31012,0,31210150,POINT (610235.1523120678 7798009.769866291),C
2023,3106200,1,18113,0,30260350,POINT (613997.9673558329 7796136.460478539),C
2023,3106200,1,10953,0,30855240,POINT (603262.9291031968 7796892.023504492),C
2023,3106200,1,14134,0,30626280,POINT (603662.3205475778 7787463.357702589),C
2023,3106200,1,11119,0,31930660,POINT (613485.0742245812 7803566.980901909),C
2023,3106200,1,23494,0,30140001,POINT (612452.878911367 7796319.022285043),C
2023,3106200,1,23303,0,30390000,POINT (608267.0808348136 7788337.049362039),C
2023,3106200,1,33139,0,31580480,POINT (604667.1542890873 7807209.893922534),C
2023,3106200,1,10911,0,30520150,POINT (603287.4145039847 7794401.599535104),C
2023,3106200,1,25420,0,31150420,POINT (609958.6516541904 7801830.325363651),C
2023,3106200,1,33121,0,30411052,POINT (608959.2586000129 7796789.538000815),C
2023,3106200,1,32400,0,31610040,POINT (609783.0777961224 7808857.342393454),C
2023,3106200,1,10911,0,31015365,POINT (612349.4863513233 7797800.190919818),C
2023,3106200,1,10911,0,30350040,POINT (610378.4098944613 7794751.50149556),C
2023,3106200,1,26515,0,31110390,POINT (610961.0315191392 7798584.322930147),C
2023,3106200,1,32507,0,30720410,POINT (606871.367724471 7796946.376937835),C
2023,3106200,1,18130,0,30692500,POINT (599265.5935162213 7789198.481181366),C
2023,3106200,1,14134,0,30140080,POINT (612336.3748091867 7795969.54760741),C
2023,3106200,1,31021,0,31742008,POINT (611114.7002425918 7806819.43653924),C
2023,3106200,1,10911,0,30295410,POINT (617125.2449537339 7797483.598501075),C
2023,3106200,1,11135,0,30624080,POINT (605077.5980290084 7788708.309781812),C
2023,3106200,1,20916,0,31620610,POINT (607759.3344520568 7809738.150930081),C
2023,3106200,1,15394,0,30710540,POINT (608653.4466533285 7798173.639026779),C
2023,3106200,1,18211,0,30550000,POINT (606384.411850431 7794530.053901665),C
2023,3106200,1,11119,0,30310360,POINT (612413.3927035203 7794040.158472616),C
2023,3106200,1,25420,0,31742406,POINT (612100.2981451743 7807751.0801673625),C
2023,3106200,1,31012,0,30626440,POINT (603794.1225683349 7787657.031065909),C
2023,3106200,1,10538,0,30881643,POINT (602879.6988115506 7800154.230685173),C
2023,3106200,1,31021,0,30610040,POINT (603870.3966778318 7792987.8213312905),C
2023,3106200,1,15211,0,30775030,POINT (607638.7168464588 7799277.421391735),C
2023,3106200,1,32990,0,30770135,POINT (608053.8039744424 7798341.779902429),C
2023,3106200,1,33121,0,31730560,POINT (610835.8607148621 7806591.731772518),C
2023,3106200,1,33210,0,31030035,POINT (613558.2165073364 7798199.915170779),C
2023,3106200,1,31012,0,31748190,POINT (611333.8899341114 7810094.547908552),C
2023,3106200,1,10538,0,30622020,POINT (605558.4156894133 7789820.821902302),C
2023,3106200,1,20142,0,30170008,POINT (609756.9865681406 7795542.851740453),C
2023,3106200,1,33121,0,30530120,POINT (604519.5387668791 7796264.35312054),C
2023,3106200,1,11135,0,30390552,POINT (608885.833451424 7789014.262772143),C
2023,3106200,1,33210,0,30750450,POINT (607325.8518910995 7799261.35756111),C
2023,3106200,1,33147,0,31560112,POINT (607302.8984217929 7805379.780728881),C
2023,3106200,1,10139,0,30880440,POINT (602306.2982517233 7798892.871276483),C
2023,3106200,1,18130,0,31155140,POINT (610907.2845079886 7801956.191563394),C
2023,3106200,1,31012,0,30390590,POINT (608350.985837361 7788962.56461526),C
2023,3106200,1,13405,0,30180003,POINT (609977.0423765152 7796482.923357677),C
2023,3106200,1,33210,0,31210570,POINT (609454.4558823709 7798593.359986104),C
2023,3106200,1,17311,0,31050690,POINT (614920.3482909042 7799238.432204502),C
2023,3106200,1,33198,0,31015025,POINT (613407.5374869603 7798032.022641376),C
2023,3106200,1,16293,0,30720420,POINT (607038.9819150227 7797051.67920152),C
2023,3106200,1,31012,0,30670830,POINT (606460.6092868602 7807167.794530401),C
2023,3106200,1,13511,0,31640090,POINT (607198.633841824 7810483.179820461),C
2023,3106200,1,10961,0,30512330,POINT (604618.8784500846 7793941.50615582),C
2023,3106200,1,16293,0,30620580,POINT (605479.9681781731 7791524.58956395),C
2023,3106200,1,33147,0,30580420,POINT (606012.6055892567 7792947.83995275),C
2023,3106200,1,15319,0,30270440,POINT (615008.4397437873 7796770.539686833),C
2023,3106200,1,14134,0,31814200,POINT (612530.6150354352 7804541.109040114),C
2023,3106200,1,23915,0,31910610,POINT (613327.0803672281 7803319.125676516),C
2023,3106200,1,33198,0,30555040,POINT (606882.6374449963 7793501.656688751),C
2023,3106200,1,22293,0,31210590,POINT (609349.7181771875 7798801.3966302425),C
2023,3106200,1,10911,0,30575365,POINT (607532.1760958887 7791678.61899287),C
2023,3106200,1,28330,0,30310040,POINT (611931.9946466649 7794695.373768346),C
2023,3106200,1,18211,0,31330350,POINT (604607.7113835881 7801802.5756595805),C
2023,3106200,1,28135,0,31970670,POINT (616825.5441837577 7803539.567124896),C
2023,3106200,1,33121,0,30627215,POINT (602236.7721759052 7788755.4099635845),C
2023,3106200,1,10911,0,30575380,POINT (606792.6401483499 7791836.605909701),C
2023,3106200,1,14134,0,31990605,POINT (616159.8026548608 7804990.36076666),C
2023,3106200,1,10911,0,30870100,POINT (604095.4858176139 7798756.657046567),C
2023,3106200,1,23303,0,30662060,POINT (600432.9959300732 7789229.748579523),C
2023,3106200,1,33139,0,31990160,POINT (615976.3472871104 7804423.316677573),C
2023,3106200,1,33147,0,31710350,POINT (609176.7268602467 7805617.931400115),C
2023,3106200,1,25128,0,31710690,POINT (608994.9813216865 7805889.090315474),C
2023,3106200,1,33295,0,31985540,POINT (614637.2168895723 7804081.7193537485),C
2023,3106200,1,10317,0,30690050,POINT (599966.8764863509 7790580.673287384),C
2023,3106200,1,10139,0,31540190,POINT (605556.7927534641 7807277.723088235),C
2023,3106200,1,31012,0,31985480,POINT (615094.1927064742 7804451.390980646),C
2023,3106200,1,25420,0,30626360,POINT (603780.5572421686 7788125.692450644),C
2023,3106200,1,23915,0,31260530,POINT (611582.6108486142 7802976.840024585),C
2023,3106200,1,32990,0,30555040,POINT (606882.6374449963 7793501.656688751),C
2023,3106200,1,18130,0,30525290,POINT (603129.7357185752 7795388.829336885),C
2023,3106200,1,33147,0,30575000,POINT (607896.3833078237 7792098.154242387),C
2023,3106200,1,33147,0,31080150,POINT (614122.9943986813 7800702.298165232),C
2023,3106200,1,18130,0,30180076,POINT (609186.6742971772 7795956.621450351),C
2023,3106200,1,33198,0,30690050,POINT (599966.8764863509 7790580.673287384),C
2023,3106200,1,25934,0,31748185,POINT (611101.4621887614 7809692.931962005),C
2023,3106200,1,33163,0,30580570,POINT (605481.1229426777 7792760.172743661),C
2023,3106200,1,20622,0,30810310,POINT (605723.002353114 7799630.69495853),C
2023,3106200,1,25128,0,31515252,POINT (608448.4493866414 7807168.3252567835),C
2023,3106200,1,29506,0,30530100,POINT (604410.7101300618 7796281.736681464),C
2023,3106200,1,27317,0,30532170,POINT (604185.3038938601 7794659.525416176),C
2023,3106200,1,10333,0,30140069,POINT (610735.2785343122 7796327.158368234),C
2023,3106200,1,10961,0,31235100,POINT (609580.0785177043 7800203.147909231),C
2023,3106200,1,10911,0,30880590,POINT (602206.1371890452 7798639.055080835),C
2023,3106200,1,23915,0,31741401,POINT (611555.1112377226 7804427.094010269),C
2023,3106200,1,10538,0,31030140,POINT (612660.2754319295 7798088.05042778),C
2023,3106200,1,32116,0,30170000,POINT (611373.6937874126 7796469.637980655),C
2023,3106200,1,15319,0,30720060,POINT (607417.8990288755 7797487.1735474225),C
2023,3106200,1,10911,0,30865000,POINT (602784.7024395778 7798382.007867946),C
2023,3106200,1,33147,0,30660640,POINT (601185.9458197013 7789049.255632857),C
2023,3106200,1,26108,0,31340270,POINT (605398.8539640062 7802815.254716456),C
2023,3106200,1,10139,0,31744063,POINT (609784.3749761857 7807925.433314355),C
2023,3106200,1,23303,0,30660050,POINT (601585.2413775437 7789941.571886832),C
2023,3106200,1,20631,0,31985400,POINT (615205.5859598499 7804079.676536605),C
2023,3106200,1,29506,0,30624080,POINT (605077.5980290084 7788708.309781812),C
2023,3106200,1,25128,0,31255050,POINT (608695.6375656308 7801464.084976735),C
2023,3106200,1,13511,0,30644010,POINT (603234.5546860198 7789059.681398008),C
2023,3106200,1,25420,0,31920460,POINT (614023.9145909618 7802491.560051609),C
2023,3106200,1,31012,0,31515200,POINT (609278.3153140051 7807817.0868899515),C
2023,3106200,1,18229,0,30820580,POINT (604476.1865661453 7798975.418450566),C
2023,3106200,1,18113,0,31150570,POINT (610659.8955571022 7801480.807238897),C
2023,3106200,1,18211,0,30530090,POINT (604436.394942672 7796474.805426439),C
2023,3106200,1,25390,0,30610190,POINT (604136.3405654985 7793022.04572436),C
2023,3106200,1,18130,0,30512000,POINT (604556.8290206951 7794356.929566653),C
2023,3106200,1,33210,0,30441028,POINT (609066.2252468547 7795506.982691594),C
2023,3106200,1,10911,0,31540480,POINT (605400.2042878243 7806962.241807515),C
2023,3106200,1,25128,0,30580530,POINT (605458.0233279561 7792695.965827156),C
2023,3106200,1,16226,0,30421125,POINT (606598.7275843442 7795555.675893429),C
2023,3106200,1,32507,0,31840430,POINT (612971.8577695523 7805412.230676547),C
2023,3106200,1,11119,0,30570720,POINT (607390.5329242843 7792432.987495131),C
2023,3106200,1,33210,0,31742114,POINT (611932.705121438 7806713.928486822),C
2023,3106200,1,33295,0,30622020,POINT (605558.4156894133 7789820.821902302),C
2023,3106200,1,33147,0,31550300,POINT (606492.0795560748 7805782.3684547655),C
2023,3106200,1,31012,0,31330290,POINT (605159.5840212582 7801911.4952284265),C
2023,3106200,1,26515,0,31230410,POINT (608902.2276010787 7799410.5903733075),C
2023,3106200,1,10911,0,31210640,POINT (609809.5861628646 7798684.64397203),C
2023,3106200,1,13511,0,31255190,POINT (609286.6668451901 7802061.355898442),C
2023,3106200,1,18113,0,31110310,POINT (610707.6397720462 7798313.0013891915),C
2023,3106200,1,32507,0,30720410,POINT (606871.367724471 7796946.376937835),C
2023,3106200,1,33210,0,31150130,POINT (610055.6281230628 7801388.658372844),C
2023,3106200,1,10139,0,31742324,POINT (611484.7845479767 7807399.65025804),C
2023,3106200,1,32507,0,30170133,POINT (610828.2761808513 7796667.523886204),C
2023,3106200,1,25390,0,31130250,POINT (610370.1463024342 7800520.4766429495),C
2023,3106200,1,33210,0,30575180,POINT (607667.3987230305 7790867.846350442),C
2023,3106200,1,18229,0,31210560,POINT (609492.4723151914 7798523.91160178),C
2023,3106200,1,33210,0,30130138,POINT (611703.8720876882 7795063.870987574),C
2023,3106200,1,14126,0,30640170,POINT (602792.7956346256 7791403.725740176),C
2023,3106200,1,14126,0,30170124,POINT (610780.3676922158 7797053.733559791),C
2023,3106200,1,14126,0,30190110,POINT (610020.6128987402 7796908.619789165),C
2023,3106200,1,14126,0,30431290,POINT (607577.1481524478 7794894.114220651),C
2023,3106200,1,14126,0,30220150,POINT (612664.0036215257 7794595.914226302),C
2023,3106200,1,14126,0,30640630,POINT (601997.3484876383 7790102.8495406695),C
2023,3106200,1,14126,0,31360160,POINT (603751.0028767439 7802476.913765449),C
2023,3106200,1,14126,0,30626002,POINT (602617.8544723865 7788735.049651094),C
2023,3106200,1,14126,0,30710045,POINT (610018.5896768577 7797412.89935611),C
2023,3106200,1,14126,0,30120064,POINT (610868.0769561391 7797153.421819221),C
2023,3106200,1,14126,0,31814050,POINT (612432.1920918869 7804139.7231695615),C
2023,3106200,1,14126,0,30710500,POINT (608105.0078098387 7797503.630997352),C
2023,3106200,1,14126,0,30170128,POINT (610390.1232740317 7795589.081557529),C
2023,3106200,1,14126,0,30380230,POINT (609524.4831019824 7794435.789384288),C
2023,3106200,1,14126,0,30411197,POINT (608426.4038143925 7796113.329965999),C
2023,3106200,1,14126,0,31520060,POINT (608412.9034216248 7808200.622960952),C
2023,3106200,1,14126,0,30570390,POINT (606783.6005613105 7792927.212617643),C
2023,3106200,1,14126,0,30170088,POINT (610242.4541111315 7795586.966286982),C
2023,3106200,1,14126,0,30820170,POINT (605144.8142695861 7798832.641577246),C
2023,3106200,1,14126,0,30494360,POINT (609035.6442280079 7791875.724257523),C
2023,3106200,1,14126,0,31660000,POINT (606967.7668524551 7809889.611454338),C
2023,3106200,1,14126,0,31130550,POINT (610804.2619977344 7800046.582958511),C
2023,3106200,1,14126,0,30620080,POINT (604291.806939054 7790118.250779817),C
2023,3106200,1,14126,0,31270750,POINT (608692.760238625 7804519.820289112),C
2023,3106200,1,14126,0,30190081,POINT (610057.6005786577 7796489.20826913),C
2023,3106200,1,14126,0,30441070,POINT (609394.0732375212 7795035.529933492),C
2023,3106200,1,14126,0,30431068,POINT (608246.3057726359 7795668.650310133),C
2023,3106200,1,33147,13,31110280,POINT (610893.3387393922 7798158.513730336),C
2023,3106200,1,28526,48,30664004,POINT (600572.5373172355 7788334.692721503),C
2023,3106200,1,31012,22,31515212,POINT (608948.9150161168 7807389.603202327),C
2023,3106200,1,31012,20,31010070,POINT (612605.6914509693 7797443.135626892),C
2023,3106200,1,10911,12,31742450,POINT (609394.9058746117 7802049.641632611),C
2023,3106200,1,10911,30,30590150,POINT (605451.1792723412 7792162.0940581355),C
2023,3106200,1,31012,12,30710430,POINT (608444.8720568761 7797691.136579532),C
2023,3106200,1,10911,26,31260230,POINT (610945.3431580407 7803949.0045983065),C
2023,3106200,1,10996,18,30855440,POINT (602932.6160017076 7796183.523460009),C
2023,3106200,1,25993,64,30140100,POINT (611846.7412587393 7795467.108156069),C
2023,3106200,1,10911,20,30290610,POINT (617528.114851111 7796947.135745025),C
2023,3106200,1,28291,45,30310030,POINT (611832.1930009689 7794733.085154831),C
2023,3106200,1,10911,12,31744012,POINT (610040.679368706 7808256.585112279),C
2023,3106200,1,10821,36,31255170,POINT (609227.1011637574 7801658.210381579),C
2023,3106200,1,10911,16,30530010,POINT (604718.2300040917 7796608.920951487),C
2023,3106200,1,10121,225,30494310,POINT (609163.4165542865 7792395.940320821),C
2023,3106200,1,18130,20,30640470,POINT (603232.833978632 7790847.382468749),C
2023,3106200,1,27333,15,30520200,POINT (603330.6188859523 7794798.764716774),C
2023,3106200,1,21211,77,31910585,POINT (612844.7253093113 7803378.026956543),C
2023,3106200,1,10911,24,30520540,POINT (602605.1901610771 7795495.435011041),C
2023,3106200,1,32507,47,31050760,POINT (614873.8803206852 7799066.585377654),C
2023,3106200,1,10911,14,31872780,POINT (615991.2691705526 7808302.473693302),C
2023,3106200,1,32400,13,31255080,POINT (608961.2933021847 7801799.788460743),C
2023,3106200,1,28526,483,31710400,POINT (609483.2838780407 7805454.395819402),C
2023,3106200,1,31012,26,30421480,POINT (607875.7434766374 7793452.201505333),C
2023,3106200,1,10911,19,30220060,POINT (612756.748270659 7794784.68231079),C
2023,3106200,1,27104,13,31155410,POINT (611008.6258257113 7802549.1970199365),C
2023,3106200,1,10911,15,30720370,POINT (606659.6972310302 7797044.937972465),C
2023,3106200,1,32116,15,30120060,POINT (611263.5189024783 7797065.528301422),C
2023,3106200,1,10911,19,31540500,POINT (605952.9645718274 7807141.4867766835),C
2023,3106200,1,10139,14,31030525,POINT (611915.0486094803 7798713.304336516),C
2023,3106200,1,33147,63,30390085,POINT (607991.7886752043 7796755.870236513),C
2023,3106200,1,25128,12,30431420,POINT (607924.9512502186 7793977.189519709),C
2023,3106200,1,31021,15,31255310,POINT (610262.4832154629 7802578.627995353),C
2023,3106200,1,10911,15,31270414,POINT (609961.7747816163 7803990.503762195),C
2023,3106200,1,10911,31,31160240,POINT (611740.1583850461 7801334.983461941),C
2023,3106200,1,33210,14,31155370,POINT (610752.3179602777 7802532.277042984),C
2023,3106200,1,33147,17,31060380,POINT (614507.0990348116 7799564.151785483),C
2023,3106200,1,10961,27,30240350,POINT (613288.454394291 7796169.274046542),C
2023,3106200,1,10911,20,30882730,POINT (603190.5313207243 7801791.053673752),C
2023,3106200,1,11135,13,31535000,POINT (606484.1341635237 7808216.418691343),C
2023,3106200,1,29506,22,31110310,POINT (610707.6397720462 7798313.0013891915),C
2023,3106200,1,33147,51,30520220,POINT (603416.4556998515 7794810.877029536),C
2023,3106200,1,31012,13,30870260,POINT (603008.764729881 7798628.562390679),C
2023,3106200,1,20631,20,31030370,POINT (613021.5610660713 7798935.074047508),C
2023,3106200,1,32507,30,30160011,POINT (611201.9280530461 7796515.196846519),C
2023,3106200,1,10911,37,30140070,POINT (612355.1858281848 7795764.096383166),C
2023,3106200,1,28291,43,31250610,POINT (609430.7938698342 7801075.7826638445),C
2023,3106200,1,33121,14,31340240,POINT (605513.1493227989 7802739.762054676),C
2023,3106200,1,33139,34,30620120,POINT (604333.0778089478 7789748.718382735),C
2023,3106200,1,10660,14,30770550,POINT (608000.7416655023 7798553.280087883),C
2023,3106200,1,17311,57,30525320,POINT (603080.2252193962 7795564.306154147),C
2023,3106200,1,10937,12,31510130,POINT (607990.3062553693 7809047.040770901),C
2023,3106200,1,25322,12,30775390,POINT (608167.8700741124 7799856.7945059445),C
2023,3106200,1,22293,29,31255190,POINT (609286.6668451901 7802061.355898442),C
2023,3106200,1,14134,18,30720430,POINT (607120.0096088963 7797157.509788124),C
2023,3106200,1,29506,18,30532140,POINT (604148.8434279454 7794892.987070184),C
2023,3106200,1,29492,32,30390000,POINT (608267.0808348136 7788337.049362039),C
2023,3106200,1,10911,32,30130170,POINT (611401.7908287673 7796156.671033973),C
2023,3106200,1,10911,68,31035340,POINT (613222.2133733061 7799118.840288251),C
2023,3106200,1,10520,167,30441070,POINT (609394.0732375212 7795035.529933492),C
2023,3106200,1,10911,24,31170220,POINT (612492.69425667 7800770.374513211),C
2023,3106200,1,10929,13,30644220,POINT (602863.5199140181 7789278.310646024),C
2023,3106200,1,26604,17,30280080,POINT (614704.9562834918 7798580.384392994),C
2023,3106200,1,27406,22,30668150,POINT (601324.532757653 7788499.917371652),C
2023,3106200,1,25420,23,30662090,POINT (600109.8120370065 7789543.818927469),C
2023,3106200,1,10911,19,30494220,POINT (608294.1708431032 7792225.465838632),C
2023,3106200,1,20631,100,31250080,POINT (608534.4646312932 7800556.397528273),C
2023,3106200,1,10911,13,31630120,POINT (609706.5682866907 7810178.384355091),C
2023,3106200,1,10911,14,31530300,POINT (606896.7157927814 7807114.309991638),C
2023,3106200,1,14126,59,30411131,POINT (608578.2130959708 7796703.373339083),C
2023,3106200,1,14126,21,30421023,POINT (607216.118210076 7796201.382171855),C
2023,3106200,1,14126,16,30431048,POINT (608180.4764687552 7795531.284745106),C
2023,3106200,1,14126,24,30710410,POINT (608530.3138728867 7797839.104153311),C
2023,3106200,1,14126,93,30411028,POINT (608387.2272140092 7797204.233670708),C
2023,3106200,1,10961,0,30518070,POINT (604624.3110682981 7793185.1405121945),C
2023,3106200,1,25128,0,31870480,POINT (614910.1383192234 7806031.089973272),C
2023,3106200,1,27597,0,30710140,POINT (609826.0239704206 7797457.131751835),C
2023,3106200,1,25420,0,30421413,POINT (607500.182161967 7794324.479408209),C
2023,3106200,1,25128,0,31110600,POINT (611278.39045845 7798966.674485477),C
2023,3106200,1,33210,0,31160430,POINT (611912.6814879157 7801725.236998783),C
2023,3106200,1,10538,0,30850000,POINT (604876.7157205845 7797785.7134060245),C
2023,3106200,1,33112,0,31110590,POINT (611416.5540070938 7798911.228233583),C
2023,3106200,1,15211,0,30840220,POINT (604326.2798603091 7800447.927437746),C
2023,3106200,1,33139,0,31710420,POINT (608792.5201389755 7805412.5316379005),C
2023,3106200,1,33147,0,31742075,POINT (611514.7860742325 7806209.970691877),C
2023,3106200,1,23303,0,31615250,POINT (607913.6597240956 7809501.351518203),C
2023,3106200,1,33139,0,31160230,POINT (611810.0303804309 7801169.718916189),C
2023,3106200,1,14118,0,30190110,POINT (610020.6128987402 7796908.619789165),C
2023,3106200,1,33210,0,30492025,POINT (608026.8933523349 7791641.488899337),C
2023,3106200,1,33147,0,30530390,POINT (604158.5662241065 7796075.436479558),C
2023,3106200,1,28291,0,31250610,POINT (609430.7938698342 7801075.7826638445),C
2023,3106200,1,20134,0,30130174,POINT (611114.7431662699 7795042.052634915),C
2023,3106200,1,25390,0,30690480,POINT (599434.983366786 7790865.760898146),C
2023,3106200,1,25128,0,31812280,POINT (611999.8188464459 7804658.131879142),C
2023,3106200,1,32990,0,30664170,POINT (600479.6948760315 7787620.218061172),C
2023,3106200,1,13405,0,30180124,POINT (610433.9953644231 7795845.833775811),C
2023,3106200,1,17494,0,30380002,POINT (610127.2065761322 7794998.834678559),C
2023,3106200,1,33121,0,30880060,POINT (603733.5819955294 7799368.286576893),C
2023,3106200,1,33210,0,30555200,POINT (606933.8861902759 7793351.929657374),C
2023,3106200,1,10961,0,31610290,POINT (609489.2438076095 7808963.769941563),C
2023,3106200,1,23303,0,30644195,POINT (602528.203894826 7788935.470904099),C
2023,3106200,1,33147,0,30190062,POINT (609986.6842825616 7797121.324823307),C
2023,3106200,1,18113,0,31741570,POINT (610963.0218818944 7805787.801595484),C
2023,3106200,1,33147,0,31155700,POINT (611657.7152002843 7801949.164449179),C
2023,3106200,1,33139,0,30626000,POINT (603022.9040562299 7788308.041294649),C
2023,3106200,1,25420,0,31535600,POINT (607374.2845943231 7809273.953903087),C
2023,3106200,1,32400,0,30112020,POINT (612240.4039739686 7795453.213936026),C
2023,3106200,1,10911,0,30285170,POINT (616200.1716563764 7797950.476449845),C
2023,3106200,1,18113,0,30170131,POINT (610601.5686101562 7797217.134800181),C
2023,3106200,1,31012,0,30622110,POINT (605739.4742059369 7790020.5901367385),C
2023,3106200,1,27406,0,30660311,POINT (602584.0125347144 7789243.805615183),C
2023,3106200,1,33139,0,31720200,POINT (609083.8268966685 7806798.978634355),C
2023,3106200,1,33198,0,30130007,POINT (612058.9033586553 7795402.419131421),C
2023,3106200,1,25420,0,30880590,POINT (602206.1371890452 7798639.055080835),C
2023,3106200,1,33295,0,31330420,POINT (605183.0437556767 7802241.3893298255),C
2023,3106200,1,15297,0,31365140,POINT (604548.6917301569 7802654.528353779),C
2023,3106200,1,28216,0,30850222,POINT (604554.4471886968 7797688.135713555),C
2023,3106200,1,33295,0,31530410,POINT (606666.905286968 7807641.83749532),C
2023,3106200,1,25390,0,31655490,POINT (606092.0218537035 7811742.6121061165),C
2023,3106200,1,31012,0,30882730,POINT (603190.5313207243 7801791.053673752),C
2023,3106200,1,33295,0,31060440,POINT (614934.4625564426 7799910.087592268),C
2023,3106200,1,33147,0,30710180,POINT (609297.5492886758 7797553.93073993),C
2023,3106200,1,18130,0,30692455,POINT (599014.5487021457 7788625.794981265),C
2023,3106200,1,25420,0,30640340,POINT (603039.6623474687 7792259.957795169),C
2023,3106200,1,31012,0,30692140,POINT (598684.3628452221 7790386.728923004),C
2023,3106200,1,31039,0,31741442,POINT (611683.1698011896 7805256.811274728),C
2023,3106200,1,24521,0,31255070,POINT (609006.8364595185 7801559.366544357),C
2023,3106200,1,32990,0,30170130,POINT (611018.0487169141 7797413.578754906),C
2023,3106200,1,25420,0,30421015,POINT (607471.306236968 7796232.073179139),C
2023,3106200,1,18113,0,31255210,POINT (608975.5327576961 7802077.900814832),C
2023,3106200,1,10961,0,30220260,POINT (613335.5182307785 7794505.041962778),C
2023,3106200,1,25993,0,30520380,POINT (602283.5418093768 7794596.416508002),C
2023,3106200,1,33147,0,30510000,POINT (604943.6396112863 7795029.020040604),C
2023,3106200,1,25390,0,31550400,POINT (606038.0889296806 7806460.560112629),C
2023,3106200,1,15297,0,31550240,POINT (605920.0090838084 7805878.026682671),C
2023,3106200,1,33147,0,31741161,POINT (609647.8385946883 7806075.872852941),C
2023,3106200,1,32990,0,30150170,POINT (612180.5076971399 7797096.319488769),C
2023,3106200,1,10953,0,30770110,POINT (607815.7932978984 7798247.565296903),C
2023,3106200,1,18130,0,30575120,POINT (607767.9516363651 7791294.674183216),C
2023,3106200,1,31047,0,31130194,POINT (609914.7085226893 7800464.835599992),C
2023,3106200,1,15408,0,30775360,POINT (608058.653941909 7799772.529953687),C
2023,3106200,1,32990,0,30510140,POINT (605329.6011082965 7794883.945814997),C
2023,3106200,1,24113,0,30170011,POINT (610733.6259959885 7796131.208374753),C
2023,3106200,1,14134,0,30770180,POINT (607790.7515316736 7798309.891163776),C
2023,3106200,1,33147,0,31330380,POINT (604426.0340375943 7801863.862493418),C
2023,3106200,1,18229,0,31360130,POINT (603610.1795502413 7802545.631968473),C
2023,3106200,1,27317,0,30750270,POINT (606964.9050282297 7799384.557469351),C
2023,3106200,1,11135,0,30285612,POINT (616421.5194050712 7796323.139394225),C
2023,3106200,1,33210,0,30690080,POINT (599040.5189201115 7790715.024679085),C
2023,3106200,1,33295,0,31990230,POINT (615570.0269762393 7804451.118269139),C
2023,3106200,1,18211,0,31010220,POINT (613215.8969353039 7797415.119094711),C
2023,3106200,1,22293,0,30390422,POINT (608287.2084094972 7788468.025413267),C
2023,3106200,1,10911,0,30710590,POINT (609200.6470599183 7797446.13247242),C
2023,3106200,1,32124,0,31030220,POINT (612687.075909543 7798501.067432331),C
2023,3106200,1,23915,0,31975275,POINT (615922.561241381 7804429.448589625),C
2023,3106200,1,31012,0,31320360,POINT (606112.5846625887 7800910.380614733),C
2023,3106200,1,25322,0,31640630,POINT (607479.3985188163 7810730.239415548),C
2023,3106200,1,10996,0,31130650,POINT (610953.5017287013 7800662.159290415),C
2023,3106200,1,32922,0,31330430,POINT (605399.8550685986 7800590.12580206),C
2023,3106200,1,25420,0,31970705,POINT (616450.2610647886 7803388.367951646),C
2023,3106200,1,23915,0,31260000,POINT (610713.8255285172 7803544.999171257),C
2023,3106200,1,33198,0,30518030,POINT (604649.7390237583 7793395.704137213),C
2023,3106200,1,25110,0,30881480,POINT (603335.1905506997 7800091.320367512),C
2023,3106200,1,18229,0,31110650,POINT (610901.7202188314 7799969.4566870965),C
2023,3106200,1,32990,0,30590540,POINT (605147.7953011093 7792266.253233111),C
2023,3106200,1,10911,0,31360040,POINT (604079.4725298999 7802667.680891829),C
2023,3106200,1,24113,0,30170050,POINT (609526.6715491452 7795643.907274347),C
2023,3106200,1,28224,0,30190110,POINT (610020.6128987402 7796908.619789165),C
2023,3106200,1,33147,0,30620330,POINT (603788.9694509238 7789309.094565098),C
2023,3106200,1,32990,0,30532140,POINT (604148.8434279454 7794892.987070184),C
2023,3106200,1,33147,0,31846000,POINT (613839.9410652604 7806147.49562652),C
2023,3106200,1,23303,0,31615250,POINT (607913.6597240956 7809501.351518203),C
2023,3106200,1,29107,0,31310260,POINT (607029.0916696028 7800397.861741317),C
2023,3106200,1,25390,0,30660500,POINT (601384.4377764199 7789198.610340087),C
2023,3106200,1,29492,0,31560380,POINT (607481.1782438388 7806386.990992439),C
2023,3106200,1,33121,0,30280080,POINT (614704.9562834918 7798580.384392994),C
2023,3106200,1,23915,0,30690270,POINT (599510.9007660736 7790543.425732742),C
2023,3106200,1,27406,0,30530370,POINT (604069.8846376508 7795959.766298135),C
2023,3106200,1,33147,0,30220260,POINT (613335.5182307785 7794505.041962778),C
2023,3106200,1,23915,0,31270122,POINT (609328.8578083147 7802715.251780089),C
2023,3106200,1,33295,0,30310010,POINT (611669.6586448002 7794432.6552115735),C
2023,3106200,1,33295,0,31744570,POINT (611320.3766342825 7808349.272356607),C
2023,3106200,1,16226,0,30120010,POINT (612074.5678930909 7797084.182446393),C
2023,3106200,1,10112,0,31260490,POINT (611896.5361493656 7803117.967886934),C
2023,3106200,1,18130,0,30870180,POINT (603419.8958909189 7798749.693230292),C
2023,3106200,1,18113,0,30270020,POINT (614404.3714099324 7797485.579996834),C
2023,3106200,1,31012,0,31814520,POINT (612459.0695070598 7805226.216741458),C
2023,3106200,1,18130,0,30575100,POINT (607497.612136345 7791386.383879929),C
2023,3106200,1,25438,0,30610010,POINT (604169.6626054518 7792889.395398121),C
2023,3106200,1,32990,0,31130750,POINT (611049.6885634554 7800916.738234251),C
2023,3106200,1,16226,0,30820530,POINT (604670.1769539006 7798775.974143697),C
2023,3106200,1,18211,0,31170360,POINT (612283.3384973195 7800700.222548446),C
2023,3106200,1,32990,0,31990070,POINT (615928.4375008821 7804310.340153443),C
2023,3106200,1,32507,0,30180105,POINT (610764.2453086326 7796474.427647358),C
2023,3106200,1,32990,0,30580353,POINT (605997.8979144872 7792638.894664219),C
2023,3106200,1,33147,0,30881530,POINT (603384.5486333949 7800496.731650322),C
2023,3106200,1,32124,0,31110390,POINT (610961.0315191392 7798584.322930147),C
2023,3106200,1,31012,0,31555050,POINT (606471.7183642564 7805194.243279433),C
2023,3106200,1,11135,0,30330080,POINT (611200.3080183974 7794515.25333688),C
2023,3106200,1,22293,0,30620070,POINT (604511.1089864197 7790341.624690671),C
2023,3106200,1,18130,0,31130192,POINT (609964.8863336119 7800566.72297683),C
2023,3106200,1,33147,0,30520250,POINT (602703.1926880698 7794529.001175021),C
2023,3106200,1,18130,0,30882370,POINT (603407.3449246226 7801553.168370109),C
2023,3106200,1,32507,0,30770362,POINT (607257.5339041215 7798685.980720912),C
2023,3106200,1,14134,0,31330140,POINT (604289.8754949769 7801138.830372581),C
2023,3106200,1,32990,0,30285680,POINT (615638.1394685339 7798120.343786112),C
2023,3106200,1,25390,0,30880390,POINT (602527.598170709 7799004.818012936),C
2023,3106200,1,10996,0,30775390,POINT (608167.8700741124 7799856.7945059445),C
2023,3106200,1,14134,0,30668320,POINT (601050.094538057 7787629.738825262),C
2023,3106200,1,33147,0,31340060,POINT (605258.2149131343 7802632.231087277),C
2023,3106200,1,10911,0,31050610,POINT (615592.714822981 7799617.694853684),C
2023,3106200,1,33295,0,30720290,POINT (607263.7604144219 7797749.0280109225),C
2023,3106200,1,10911,0,31744093,POINT (610207.3455943321 7807771.230236858),C
2023,3106200,1,32302,0,31150540,POINT (610247.8668537376 7801217.425056048),C
2023,3106200,1,31012,0,30130138,POINT (611703.8720876882 7795063.870987574),C
2023,3106200,1,31012,0,31995190,POINT (615834.353813613 7806145.109968441),C
2023,3106200,1,33210,0,30535530,POINT (606042.2634061698 7796874.046500858),C
2023,3106200,1,26515,0,31310260,POINT (607029.0916696028 7800397.861741317),C
2023,3106200,1,32990,0,31578630,POINT (604631.9350213568 7808137.840245409),C
2023,3106200,1,11119,0,30150380,POINT (612091.9976247122 7798261.4551723255),C
2023,3106200,1,31012,0,31310190,POINT (606812.1677395286 7802578.515677121),C
2023,3106200,1,33121,0,31370150,POINT (604171.3283149614 7805974.421782578),C
2023,3106200,1,11135,0,30620180,POINT (604761.7549871485 7790124.862138405),C
2023,3106200,1,32990,0,31365180,POINT (604270.0464821006 7802566.993046431),C
2023,3106200,1,15394,0,30710410,POINT (608530.3138728867 7797839.104153311),C
2023,3106200,1,18300,0,31510260,POINT (608083.0390512792 7808756.726392308),C
2023,3106200,1,33210,0,30494270,POINT (609194.0584368882 7791863.435797977),C
2023,3106200,1,25390,0,31640550,POINT (607437.6691222808 7811060.743567968),C
2023,3106200,1,10911,0,30550740,POINT (606371.3267896923 7794002.764991874),C
2023,3106200,1,18130,0,31814164,POINT (612751.0881083179 7804246.198338516),C
2023,3106200,1,18130,0,31270055,POINT (609917.11779316 7802955.192683865),C
2023,3106200,1,10996,0,30590262,POINT (605049.837897899 7792490.2457734775),C
2023,3106200,1,18130,0,30610100,POINT (603609.358607244 7792916.040290019),C
2023,3106200,1,33121,0,31530020,POINT (607612.8989445799 7807139.136583399),C
2023,3106200,1,25420,0,31742308,POINT (611271.8417169349 7807779.791539937),C
2023,3106200,1,25390,0,31615140,POINT (609136.2037930083 7809730.271701977),C
2023,3106200,1,10929,0,31570380,POINT (606615.2494999284 7809411.470411036),C
2023,3106200,1,33121,0,31330180,POINT (604458.0310375944 7801328.176476445),C
2023,3106200,1,20932,0,31255080,POINT (608961.2933021847 7801799.788460743),C
2023,3106200,1,33139,0,31510430,POINT (608419.6668382131 7808358.7792495135),C
2023,3106200,1,10813,0,30720390,POINT (606927.7008015682 7796729.494241174),C
2023,3106200,1,33295,0,30411288,POINT (607938.856089284 7796239.476085467),C
2023,3106200,1,18130,0,30770360,POINT (607259.3444989445 7798761.862632051),C
2023,3106200,1,16218,0,30130138,POINT (611703.8720876882 7795063.870987574),C
2023,3106200,1,33147,0,30516550,POINT (607151.5735230717 7795338.299104226),C
2023,3106200,1,14134,0,31720050,POINT (609124.1027225357 7807195.5056483215),C
2023,3106200,1,33147,0,30720290,POINT (607263.7604144219 7797749.0280109225),C
2023,3106200,1,32124,0,30662072,POINT (600752.4828519153 7789692.862803834),C
2023,3106200,1,33147,0,30855075,POINT (602166.5093241229 7796274.376227353),C
2023,3106200,1,16226,0,31742093,POINT (611768.8173644242 7806417.878517763),C
2023,3106200,1,10945,0,30120058,POINT (610355.4928318718 7797163.575365672),C
2023,3106200,1,10961,0,30550120,POINT (606351.2095833487 7794860.2437624745),C
2023,3106200,1,27104,0,30610100,POINT (603609.358607244 7792916.040290019),C
2023,3106200,1,18211,0,30330240,POINT (610632.9171382475 7794538.847143021),C
2023,3106200,1,25390,0,30644015,POINT (603501.1272763078 7788874.762190379),C
2023,3106200,1,33147,0,30662670,POINT (599662.2546129961 7789092.878458199),C
2023,3106200,1,18211,0,31150130,POINT (610055.6281230628 7801388.658372844),C
2023,3106200,1,18113,0,31255100,POINT (609423.1643063932 7801832.970257283),C
2023,3106200,1,13545,0,30260510,POINT (614204.2483384028 7796210.378502209),C
2023,3106200,1,18211,0,31230060,POINT (608523.7676457941 7797848.233676499),C
2023,3106200,1,33147,0,31610430,POINT (609628.2827108518 7809280.723489916),C
2023,3106200,1,14134,0,30690570,POINT (599040.3287988278 7790988.6898573935),C
2023,3106200,1,33139,0,30690270,POINT (599510.9007660736 7790543.425732742),C
2023,3106200,1,33147,0,31580260,POINT (605311.9251701329 7808088.161685586),C
2023,3106200,1,18229,0,31540240,POINT (605416.2904074626 7807288.2526609665),C
2023,3106200,1,33210,0,31930220,POINT (614524.9407316255 7802852.857150912),C
2023,3106200,1,33112,0,31130602,POINT (610726.4446142837 7800603.942885922),C
2023,3106200,1,32507,0,31520250,POINT (607940.9554746215 7808536.538211447),C
2023,3106200,1,20932,0,30390530,POINT (608727.8671079442 7789117.193412604),C
2023,3106200,1,10996,0,31540270,POINT (605377.7871504447 7807610.91220059),C
2023,3106200,1,10953,0,31710380,POINT (609134.7663045534 7805661.717889934),C
2023,3106200,1,33210,0,30580310,POINT (606048.0434034939 7792653.230935823),C
2023,3106200,1,27406,0,31255090,POINT (609172.5777710284 7801843.303126637),C
2023,3106200,1,18211,0,30840340,POINT (604520.1482089184 7800552.929752789),C
2023,3106200,1,10996,0,31330290,POINT (605159.5840212582 7801911.4952284265),C
2023,3106200,1,14134,0,31270300,POINT (609677.5908621366 7803572.835066211),C
2023,3106200,1,10538,0,31580400,POINT (604659.919488618 7807244.065327325),C
2023,3106200,1,32990,0,30510280,POINT (605435.2158262194 7794828.855354768),C
2023,3106200,1,28224,0,30850230,POINT (603997.6868932345 7797296.640110951),C
2023,3106200,1,13405,0,30150331,POINT (612407.2773600803 7795563.783817563),C
2023,3106200,1,32990,0,31515400,POINT (608383.4910081179 7807567.7986655515),C
2023,3106200,1,23991,0,31260500,POINT (611689.7547076098 7803524.575649694),C
2023,3106200,1,18211,0,31930020,POINT (614695.6217394866 7802429.752352877),C
2023,3106200,1,31012,0,30570565,POINT (606821.7423015842 7792311.310970742),C
2023,3106200,1,18130,0,30525220,POINT (603200.7753855299 7795514.842826851),C
2023,3106200,1,33210,0,31210190,POINT (610074.6487010331 7798194.422601269),C
2023,3106200,1,18300,0,30170131,POINT (610601.5686101562 7797217.134800181),C
2023,3106200,1,31012,0,31930420,POINT (614421.6713065063 7803736.463679552),C
2023,3106200,1,17311,0,30850380,POINT (604440.9412409274 7797207.026753541),C
2023,3106200,1,25993,0,31255170,POINT (609227.1011637574 7801658.210381579),C
2023,3106200,1,25993,0,30380435,POINT (608805.4494262771 7793971.018203091),C
2023,3106200,1,29506,0,31960210,POINT (614744.8586540676 7803751.708347159),C
2023,3106200,1,18300,0,31030514,POINT (611976.2645785132 7798925.448963049),C
2023,3106200,1,10911,0,30493165,POINT (608269.6988361634 7791211.340439288),C
2023,3106200,1,14134,0,31260470,POINT (611705.4011216623 7803148.418350845),C
2023,3106200,1,32507,0,30882370,POINT (603407.3449246226 7801553.168370109),C
2023,3106200,1,33121,0,30112020,POINT (612240.4039739686 7795453.213936026),C
2023,3106200,1,10911,0,31730530,POINT (610459.7328209241 7806633.551112447),C
2023,3106200,1,26515,0,31015104,POINT (612928.8164154271 7797821.644379897),C
2023,3106200,1,18229,0,30610070,POINT (603353.2732065888 7792946.1987450365),C
2023,3106200,1,11135,0,31260280,POINT (611127.1099333648 7803613.604561156),C
2023,3106200,1,31012,0,30421360,POINT (607668.707967889 7794630.7059073895),C
2023,3106200,1,32990,0,31570120,POINT (606986.4360887611 7809465.3781579565),C
2023,3106200,1,30997,0,30140084,POINT (611423.8038610768 7795883.166026878),C
2023,3106200,1,23915,0,31730553,POINT (610962.2813024028 7806556.942426389),C
2023,3106200,1,32400,0,30310010,POINT (611669.6586448002 7794432.6552115735),C
2023,3106200,1,18113,0,30190110,POINT (610020.6128987402 7796908.619789165),C
2023,3106200,1,33147,0,31748260,POINT (611503.940711807 7810368.061968494),C
2023,3106200,1,14134,0,31840430,POINT (612971.8577695523 7805412.230676547),C
2023,3106200,1,31012,0,31990392,POINT (615602.385872004 7805202.072463833),C
2023,3106200,1,25420,0,30260520,POINT (614478.6514987105 7796176.169573994),C
2023,3106200,1,27406,0,30190120,POINT (609508.3591626949 7795804.08445538),C
2023,3106200,1,28127,0,30210490,POINT (613323.3176901386 7794145.6999435425),C
2023,3106200,1,10911,0,31310200,POINT (606718.8504130216 7802681.179847708),C
2023,3106200,1,25128,0,31070020,POINT (615515.9796802951 7800497.709875561),C
2023,3106200,1,10929,0,30525150,POINT (603388.9315232816 7795248.756892279),C
2023,3106200,1,23494,0,30220336,POINT (614174.3749179991 7794482.352834294),C
2023,3106200,1,33112,0,30720130,POINT (607887.7561174174 7797202.2841576375),C
2023,3106200,1,15211,0,31560410,POINT (607646.5082282998 7806472.209370032),C
2023,3106200,1,23494,0,31010080,POINT (612518.3010884654 7797175.744618021),C
2023,3106200,1,10911,0,30870360,POINT (603146.7474503128 7798568.781444518),C
2023,3106200,1,18130,0,31365450,POINT (605777.6942322804 7804735.314909885),C
2023,3106200,1,33139,0,31130250,POINT (610370.1463024342 7800520.4766429495),C
2023,3106200,1,20631,0,31814180,POINT (612781.0077458959 7804562.427292554),C
2023,3106200,1,10937,0,31255754,POINT (609922.4687369661 7803544.300865335),C
2023,3106200,1,33210,0,30140085,POINT (610022.2795129151 7796240.320642287),C
2023,3106200,1,10911,0,30220240,POINT (613098.6536345412 7794394.7686591465),C
2023,3106200,1,31012,0,30662600,POINT (599763.0023940327 7789569.799490933),C
2023,3106200,1,33139,0,31746105,POINT (611682.5588266422 7809207.5966709815),C
2023,3106200,1,33210,0,30660270,POINT (602123.1777830494 7789468.5942739695),C
2023,3106200,1,23303,0,30320570,POINT (610540.6820415074 7790907.247806389),C
2023,3106200,1,10937,0,30570510,POINT (606771.332886475 7792046.777575255),C
2023,3106200,1,25390,0,31255150,POINT (609656.1430663641 7801757.500493497),C
2023,3106200,1,15211,0,31710010,POINT (608331.2576246994 7805920.601593152),C
2023,3106200,1,33147,0,31035460,POINT (612918.7570727789 7799371.850027168),C
2023,3106200,1,33210,0,30770330,POINT (607479.7568139671 7798470.271910718),C
2023,3106200,1,10911,0,30330050,POINT (611337.4884690068 7794384.8425021265),C
2023,3106200,1,31012,0,31573510,POINT (605686.0121355853 7808682.1688303985),C
2023,3106200,1,18130,0,31555120,POINT (606607.6192589448 7805775.908086872),C
2023,3106200,1,10996,0,30110044,POINT (610824.8288502372 7794866.622822353),C
2023,3106200,1,10911,0,31035460,POINT (612918.7570727789 7799371.850027168),C
2023,3106200,1,31039,0,31741380,POINT (611138.2859450523 7804918.5927732065),C
2023,3106200,1,10911,0,30330220,POINT (610855.2245691118 7794184.503608286),C
2023,3106200,1,18130,0,31030030,POINT (613251.1912379571 7798088.525229501),C
2023,3106200,1,18113,0,31030370,POINT (613021.5610660713 7798935.074047508),C
2023,3106200,1,14118,0,31510000,POINT (607852.9304421886 7809201.077794662),C
2023,3106200,1,18211,0,31535510,POINT (607521.5365409584 7808715.593860485),C
2023,3106200,1,23303,0,30670565,POINT (602625.1388490497 7787301.63205049),C
2023,3106200,1,33295,0,30720380,POINT (606568.0787670844 7797191.142876053),C
2023,3106200,1,18211,0,30411325,POINT (607782.7419153426 7796543.206887738),C
2023,3106200,1,33147,0,30626440,POINT (603794.1225683349 7787657.031065909),C
2023,3106200,1,15394,0,30830150,POINT (604621.3434580069 7798380.00851131),C
2023,3106200,1,13405,0,31680150,POINT (605391.0979948699 7810109.033852169),C
2023,3106200,1,33139,0,31565050,POINT (607852.1661339976 7805963.656048473),C
2023,3106200,1,28291,0,30530040,POINT (604287.3461175201 7796657.127951108),C
2023,3106200,1,28232,0,30530000,POINT (604647.9434408122 7796401.661538703),C
2023,3106200,1,27317,0,31330382,POINT (604528.2723972069 7801927.47584663),C
2023,3106200,1,25934,0,31230420,POINT (608978.9194592062 7799364.45591912),C
2023,3106200,1,32507,0,30510490,POINT (604720.8755460235 7794670.956184469),C
2023,3106200,1,32990,0,31015080,POINT (613059.8157400996 7797650.494224591),C
2023,3106200,1,33139,0,31255200,POINT (608851.5216657304 7801730.820281412),C
2023,3106200,1,14118,0,31930700,POINT (614343.370018585 7803191.869551472),C
2023,3106200,1,32507,0,30140061,POINT (611042.3033317117 7796260.706350468),C
2023,3106200,1,10996,0,31080160,POINT (614170.2581533066 7800930.008645064),C
2023,3106200,1,23991,0,30160030,POINT (611296.2383509778 7797345.603084369),C
2023,3106200,1,10911,0,30285170,POINT (616200.1716563764 7797950.476449845),C
2023,3106200,1,33139,0,31660000,POINT (606967.7668524551 7809889.611454338),C
2023,3106200,1,10961,0,30590265,POINT (605117.928545513 7792518.769260425),C
2023,3106200,1,32124,0,30421125,POINT (606598.7275843442 7795555.675893429),C
2023,3106200,1,31012,0,30620650,POINT (605196.8022476393 7790321.213127075),C
2023,3106200,1,10911,0,31565150,POINT (608017.7574882311 7806503.911223775),C
2023,3106200,1,33210,0,30150323,POINT (612269.9847669968 7795559.6847686935),C
2023,3106200,1,18130,0,31575460,POINT (604873.046888609 7809936.51873046),C
2023,3106200,1,33147,0,31720360,POINT (609463.6971541839 7806680.802779794),C
2023,3106200,1,18229,0,30160031,POINT (611112.2430628429 7796666.621906817),C
2023,3106200,1,10911,0,31530000,POINT (607425.0477170832 7806918.022779653),C
2023,3106200,1,33121,0,30820272,POINT (604815.9090273551 7798316.57051305),C
2023,3106200,1,33147,0,31844152,POINT (613561.7200178977 7805774.612676624),C
2023,3106200,1,25993,0,30730690,POINT (606246.2855077622 7798496.231159788),C
2023,3106200,1,13405,0,30720320,POINT (607111.6898023773 7797387.858197708),C
2023,3106200,1,33147,0,30493165,POINT (608269.6988361634 7791211.340439288),C
2023,3106200,1,14126,0,31150690,POINT (611057.6530125282 7801776.07268036),C
2023,3106200,1,14126,0,31235100,POINT (609580.0785177043 7800203.147909231),C
2023,3106200,1,14126,0,30240420,POINT (613583.0993402321 7796162.209601905),C
2023,3106200,1,14126,0,30330000,POINT (611401.2760901097 7794059.346961405),C
2023,3106200,1,14126,0,30720450,POINT (607192.7130670492 7797376.379527844),C
2023,3106200,1,14126,0,30411197,POINT (608426.4038143925 7796113.329965999),C
2023,3106200,1,14126,0,30190050,POINT (611073.4546152669 7796686.136381081),C
2023,3106200,1,14126,0,30220060,POINT (612756.748270659 7794784.68231079),C
2023,3106200,1,14126,0,30550140,POINT (606553.5564675058 7794836.6284201145),C
2023,3106200,1,14126,0,30411189,POINT (608660.3992768443 7795979.186682075),C
2023,3106200,1,14126,0,30110043,POINT (610712.389256229 7794894.291777382),C
2023,3106200,1,14126,0,30140124,POINT (611810.3806325782 7795204.551748086),C
2023,3106200,1,14126,0,30770500,POINT (608048.8085700385 7798685.3859758675),C
2023,3106200,1,14126,0,31540240,POINT (605416.2904074626 7807288.2526609665),C
2023,3106200,1,14126,0,30320670,POINT (610663.712773355 7790872.69603222),C
2023,3106200,1,14126,0,30350140,POINT (610301.7627941634 7794380.406859815),C
2023,3106200,1,14126,0,30530170,POINT (604707.1767273333 7795862.310702859),C
2023,3106200,1,14126,0,30640000,POINT (602652.3660664924 7790798.705227359),C
2023,3106200,1,14126,0,30170131,POINT (610601.5686101562 7797217.134800181),C
2023,3106200,1,14126,0,30775240,POINT (608049.2749503546 7800240.971624865),C
2023,3106200,1,14126,0,30180005,POINT (610745.184670257 7796911.650417602),C
2023,3106200,1,14126,0,31010400,POINT (613967.4953006821 7797726.628034962),C
2023,3106200,1,14126,0,30360130,POINT (610155.4716546512 7793012.575352265),C
2023,3106200,1,14126,0,30380660,POINT (609850.9585817874 7793717.402883736),C
2023,3106200,1,14126,0,30622180,POINT (605267.701803144 7789944.456044698),C
2023,3106200,1,14126,0,30112010,POINT (611642.8994186741 7794955.801999249),C
2023,3106200,1,25390,32,31980180,POINT (613602.940077005 7804015.915598525),C
2023,3106200,1,29301,12,31130143,POINT (610115.6568432477 7799965.677470803),C
2023,3106200,1,10961,21,31255080,POINT (608961.2933021847 7801799.788460743),C
2023,3106200,1,21211,410,31560220,POINT (607358.8127808816 7805876.132037975),C
2023,3106200,1,16226,19,31844230,POINT (613916.6139439575 7805852.2150143655),C
2023,3106200,1,33210,13,30620180,POINT (604761.7549871485 7790124.862138405),C
2023,3106200,1,15211,12,31150040,POINT (609905.4807101112 7801251.928287696),C
2023,3106200,1,31012,13,31270760,POINT (608804.6552786821 7804447.409083368),C
2023,3106200,1,33147,39,31255210,POINT (608975.5327576961 7802077.900814832),C
2023,3106200,1,14134,27,31570010,POINT (607177.4548531013 7809310.37003534),C
2023,3106200,1,22293,21,31960280,POINT (614717.0431101926 7803729.5337886475),C
2023,3106200,1,10996,12,30330050,POINT (611337.4884690068 7794384.8425021265),C
2023,3106200,1,10911,14,30431320,POINT (607859.6174641392 7794605.180845284),C
2023,3106200,1,33147,12,30550550,POINT (606834.0764939128 7793985.764507278),C
2023,3106200,1,25390,47,30668000,POINT (601220.735954619 7788835.068955686),C
2023,3106200,1,16226,17,30880080,POINT (602751.7131270589 7797714.553884296),C
2023,3106200,1,32124,14,30710460,POINT (608285.9887852467 7797650.028518124),C
2023,3106200,1,32507,802,31310260,POINT (607029.0916696028 7800397.861741317),C
2023,3106200,1,10911,20,31910585,POINT (612844.7253093113 7803378.026956543),C
2023,3106200,1,22226,15,31970624,POINT (618196.5198913655 7803644.987214401),C
2023,3106200,1,27104,12,30770230,POINT (607632.2379660738 7798291.150716788),C
2023,3106200,1,10911,15,31710100,POINT (608685.9105716822 7806197.124917945),C
2023,3106200,1,10911,17,30110043,POINT (610712.389256229 7794894.291777382),C
2023,3106200,1,10911,34,31015280,POINT (612042.91277823 7797984.763979241),C
2023,3106200,1,10911,15,30870020,POINT (604091.2372317275 7798506.226858875),C
2023,3106200,1,10911,14,30350160,POINT (610180.2067682836 7794230.992182467),C
2023,3106200,1,18211,17,31255070,POINT (609006.8364595185 7801559.366544357),C
2023,3106200,1,33295,23,30575430,POINT (606885.8931533322 7791622.038492172),C
2023,3106200,1,18211,14,30150341,POINT (612658.5436793366 7795964.503027571),C
2023,3106200,1,10911,14,31560220,POINT (607358.8127808816 7805876.132037975),C
2023,3106200,1,20215,14,31255120,POINT (609466.501235881 7802057.4806745425),C
2023,3106200,1,10911,38,31710400,POINT (609483.2838780407 7805454.395819402),C
2023,3106200,1,31012,13,30865230,POINT (602321.8185106594 7797170.7633976685),C
2023,3106200,1,31012,13,31640000,POINT (607447.5713485577 7810112.019055694),C
2023,3106200,1,28291,12,30580002,POINT (605658.1366429963 7792355.626868982),C
2023,3106200,1,10911,23,30411298,POINT (607991.902176843 7796464.415520911),C
2023,3106200,1,25420,18,30532270,POINT (603860.144224825 7794471.519249815),C
2023,3106200,1,33139,14,31255170,POINT (609227.1011637574 7801658.210381579),C
2023,3106200,1,33112,61,31555200,POINT (606792.2356425831 7806063.813298638),C
2023,3106200,1,14134,119,30690000,POINT (600195.1299162583 7790606.412097498),C
2023,3106200,1,17494,13,30710040,POINT (610254.5586889372 7797643.486297099),C
2023,3106200,1,15319,29,31840450,POINT (611836.7089804674 7806278.340295766),C
2023,3106200,1,23303,18,30670565,POINT (602625.1388490497 7787301.63205049),C
2023,3106200,1,25993,32,30668273,POINT (601656.7346636312 7787769.053702449),C
2023,3106200,1,27104,38,30240230,POINT (612656.4922817667 7796481.447025116),C
2023,3106200,1,18113,13,30710290,POINT (609073.2852633041 7798022.512630798),C
2023,3106200,1,27902,20,31150380,POINT (610003.1819156614 7801693.530970604),C
2023,3106200,1,10911,18,30140061,POINT (611042.3033317117 7796260.706350468),C
2023,3106200,1,22293,26,30421125,POINT (606598.7275843442 7795555.675893429),C
2023,3106200,1,10911,13,30210590,POINT (613137.2617351023 7794057.71829447),C
2023,3106200,1,14134,18,31930330,POINT (614475.7067341661 7803208.588681341),C
2023,3106200,1,24318,124,30664000,POINT (600401.747247779 7788334.724737674),C
2023,3106200,1,18113,24,30150160,POINT (612038.0879909202 7797100.286166707),C
2023,3106200,1,14142,114,30285410,POINT (614850.9919192478 7795953.2049969975),C
2023,3106200,1,31012,13,30865230,POINT (602321.8185106594 7797170.7633976685),C
2023,3106200,1,33210,39,30535012,POINT (605055.0647579602 7797541.5767467255),C
2023,3106200,1,10929,14,30532190,POINT (604102.1331950178 7794553.22797283),C
2023,3106200,1,20631,115,31744592,POINT (610359.0704404798 7808852.715680373),C
2023,3106200,1,32990,36,31741401,POINT (611555.1112377226 7804427.094010269),C
2023,3106200,1,10911,17,30620180,POINT (604761.7549871485 7790124.862138405),C
2023,3106200,1,10911,28,31080255,POINT (614336.7583220076 7800630.545611938),C
2023,3106200,1,10911,26,30190001,POINT (611189.4195325695 7796512.689598657),C
2023,3106200,1,10996,15,31565040,POINT (607946.6113374223 7805889.778389528),C
2023,3106200,1,29301,13,30668274,POINT (601851.8329230439 7787731.584565116),C
2023,3106200,1,10911,28,30535540,POINT (606008.8381371738 7797132.14970175),C
2023,3106200,1,28143,40,30390080,POINT (608215.9343235318 7789452.77103061),C
2023,3106200,1,32507,35,30710460,POINT (608285.9887852467 7797650.028518124),C
2023,3106200,1,10911,19,31570160,POINT (606662.0418820864 7809200.491378249),C
2023,3106200,1,22293,14,31080210,POINT (612998.2898202073 7798579.5297317365),C
2023,3106200,1,10139,89,30820620,POINT (604389.3453922778 7799188.98294135),C
2023,3106200,1,10911,44,31030204,POINT (612468.4744481058 7798482.861385202),C
2023,3106200,1,28224,46,30668150,POINT (601324.532757653 7788499.917371652),C
2023,3106200,1,22196,26,30775400,POINT (608041.3111346439 7799763.449476883),C
2023,3106200,1,32507,14,30110012,POINT (612432.5367753574 7797092.962494083),C
2023,3106200,1,10961,89,31748013,POINT (610160.6811648046 7808920.4533088785),C
2023,3106200,1,10911,34,30820622,POINT (603948.3140719044 7799583.88044266),C
2023,3106200,1,10911,26,31365000,POINT (604772.197253948 7802678.029542802),C
2023,3106200,1,14126,19,31080040,POINT (613949.6830943408 7800518.385312729),C
2023,3106200,1,14126,12,30130174,POINT (611114.7431662699 7795042.052634915),C
2023,3106200,1,14126,50,30720430,POINT (607120.0096088963 7797157.509788124),C
2023,3106200,1,14126,49,30150160,POINT (612038.0879909202 7797100.286166707),C
2023,3106200,1,14126,83,30421031,POINT (607011.7203802426 7796137.145163001),C
2023,3106200,1,14126,21,30664792,POINT (601146.7968045159 7787210.446052103),C
2023,3106200,1,14126,18,30411197,POINT (608426.4038143925 7796113.329965999),C
2023,3106200,1,14126,14,30411189,POINT (608660.3992768443 7795979.186682075),C
2023,3106200,1,33210,0,30320670,POINT (610663.712773355 7790872.69603222),C
2023,3106200,1,33163,0,31540740,POINT (606045.5762720219 7808016.986400979),C
2023,3106200,1,10961,0,31741427,POINT (611382.4649203656 7805025.357232723),C
2023,3106200,1,33121,0,31130650,POINT (610953.5017287013 7800662.159290415),C
2023,3106200,1,33147,0,30810620,POINT (605505.4727662876 7800116.684745342),C
2023,3106200,1,33147,0,31030150,POINT (612903.2744648834 7798342.110225655),C
2023,3106200,1,10911,0,31170200,POINT (612529.5734852257 7800573.820770444),C
2023,3106200,1,16293,0,31260500,POINT (611689.7547076098 7803524.575649694),C
2023,3106200,1,23303,0,30150330,POINT (612647.7844173505 7796474.012750464),C
2023,3106200,1,33147,0,30494310,POINT (609163.4165542865 7792395.940320821),C
2023,3106200,1,17419,0,31210630,POINT (609466.8089361163 7798983.821754402),C
2023,3106200,1,18229,0,30411250,POINT (607978.9287566963 7795821.600673443),C
2023,3106200,1,33210,0,31960360,POINT (615026.5297494588 7803691.168498372),C
2023,3106200,1,25420,0,30570390,POINT (606783.6005613105 7792927.212617643),C
2023,3106200,1,32914,0,30280520,POINT (614740.821457156 7797426.5683266055),C
2023,3106200,1,11135,0,30180112,POINT (610266.2669531156 7796264.420340966),C
2023,3106200,1,18211,0,30880500,POINT (602111.9662227433 7798202.141064887),C
2023,3106200,1,33139,0,30626660,POINT (603667.3668152527 7787845.417033439),C
2023,3106200,1,18130,0,31530330,POINT (606630.2440406926 7807389.152662123),C
2023,3106200,1,31012,0,30411400,POINT (607286.2963115302 7796516.726632765),C
2023,3106200,1,32922,0,30170115,POINT (610137.9077051694 7796281.761822812),C
2023,3106200,1,25110,0,31255490,POINT (610422.4264096507 7802970.557861319),C
2023,3106200,1,31012,0,31140610,POINT (611787.4392161374 7800601.438226705),C
2023,3106200,1,31012,0,30421056,POINT (606589.9785291081 7795883.719093952),C
2023,3106200,1,13405,0,30610520,POINT (605069.8142608845 7791635.788240004),C
2023,3106200,1,33139,0,30626380,POINT (603963.478998627 7787605.635461241),C
2023,3106200,1,25993,0,30870240,POINT (603485.5705107948 7798611.16146796),C
2023,3106200,1,23494,0,31730750,POINT (610440.4835836058 7805828.085905567),C
2023,3106200,1,25420,0,31660200,POINT (606500.8013466173 7810411.210626929),C
2023,3106200,1,18130,0,31270383,POINT (609048.2977876114 7804152.7637102045),C
2023,3106200,1,18229,0,30180110,POINT (610590.2267319143 7797375.6470610015),C
2023,3106200,1,25128,0,30411560,POINT (606621.0979109079 7796296.473063605),C
2023,3106200,1,32507,0,31270860,POINT (609431.3486537592 7804230.941175293),C
2023,3106200,1,33121,0,31110272,POINT (611188.725453132 7798215.450371383),C
2023,3106200,1,10996,0,30350160,POINT (610180.2067682836 7794230.992182467),C
2023,3106200,1,33210,0,31920740,POINT (613912.9243691437 7802957.830146122),C
2023,3106200,1,10945,0,31748190,POINT (611333.8899341114 7810094.547908552),C
2023,3106200,1,33147,0,31741030,POINT (609186.4770206526 7805279.254719175),C
2023,3106200,1,33147,0,31150680,POINT (611408.6461136823 7801442.009174766),C
2023,3106200,1,33147,0,31985320,POINT (614828.3937200647 7804303.865120921),C
2023,3106200,1,10961,0,30421145,POINT (606762.3719878828 7795813.621368131),C
2023,3106200,1,10911,0,31573420,POINT (605443.892397867 7809005.86209018),C
2023,3106200,1,31021,0,30720100,POINT (607249.9574573492 7797598.11687608),C
2023,3106200,1,18130,0,31080420,POINT (613959.0045920132 7801509.233461952),C
2023,3106200,1,25390,0,31540570,POINT (611876.353216178 7805269.990631254),C
2023,3106200,1,18211,0,30431183,POINT (608399.2247352899 7794655.499864548),C
2023,3106200,1,32990,0,30120054,POINT (610731.163840765 7797072.393278531),C
2023,3106200,1,12204,0,31812240,POINT (611940.1967115222 7805023.3616696885),C
2023,3106200,1,14134,0,30310260,POINT (612650.0237871711 7794128.098423184),C
2023,3106200,1,31012,0,30575730,POINT (606710.104100576 7791050.092400046),C
2023,3106200,1,33295,0,30190064,POINT (610551.4641292032 7796977.823696824),C
2023,3106200,1,18130,0,30710440,POINT (608378.9212626969 7797692.983599978),C
2023,3106200,1,25420,0,31840220,POINT (613057.0761396745 7805420.145210075),C
2023,3106200,1,23915,0,31150032,POINT (609850.5662130523 7801101.480617771),C
2023,3106200,1,33198,0,30380435,POINT (608805.4494262771 7793971.018203091),C
2023,3106200,1,23915,0,31230230,POINT (609920.1270551763 7799649.470843494),C
2023,3106200,1,31012,0,31310580,POINT (606389.7916744152 7802280.112262638),C
2023,3106200,1,26515,0,31310260,POINT (607029.0916696028 7800397.861741317),C
2023,3106200,1,20622,0,30775180,POINT (607821.0340163097 7799927.1751230005),C
2023,3106200,1,32990,0,30730500,POINT (605970.3254027179 7797761.954305671),C
2023,3106200,1,13405,0,30320400,POINT (611084.6977800715 7791811.844185061),C
2023,3106200,1,33163,0,30850760,POINT (603703.0007841865 7796767.538917579),C
2023,3106200,1,14134,0,30840710,POINT (604919.9533601265 7799567.123165721),C
2023,3106200,1,11135,0,31260000,POINT (610713.8255285172 7803544.999171257),C
2023,3106200,1,33121,0,30525290,POINT (603129.7357185752 7795388.829336885),C
2023,3106200,1,31012,0,30550080,POINT (606438.6786774283 7795018.160551207),C
2023,3106200,1,10996,0,30750410,POINT (607014.8014551934 7799147.19211243),C
2023,3106200,1,10911,0,31010360,POINT (613858.5672455375 7797379.231435796),C
2023,3106200,1,31012,0,31570010,POINT (607177.4548531013 7809310.37003534),C
2023,3106200,1,23494,0,30493180,POINT (608278.4685467825 7790897.896313392),C
2023,3106200,1,25926,0,30640010,POINT (603442.9294785266 7790481.716787942),C
2023,3106200,1,18300,0,30150224,POINT (612591.7228965639 7796094.416571083),C
2023,3106200,1,25993,0,30670080,POINT (601593.0712414333 7788771.375220366),C
2023,3106200,1,10139,0,30720590,POINT (606957.7340945924 7799001.249409811),C
2023,3106200,1,31012,0,30570680,POINT (607308.4783215367 7792140.854281098),C
2023,3106200,1,10929,0,31330090,POINT (605326.3868246085 7801399.786225559),C
2023,3106200,1,10911,0,31910650,POINT (612937.9873122561 7802447.549558631),C
2023,3106200,1,18130,0,30580410,POINT (606043.5001066045 7793017.417478528),C
2023,3106200,1,18121,0,30110012,POINT (612432.5367753574 7797092.962494083),C
2023,3106200,1,20631,0,31810050,POINT (612110.4335485735 7803468.213362586),C
2023,3106200,1,25420,0,30421450,POINT (607502.1237886046 7794999.129879849),C
2023,3106200,1,33147,0,30280460,POINT (614646.9352811003 7797851.111271993),C
2023,3106200,1,33210,0,31140540,POINT (612024.606203493 7800242.133535996),C
2023,3106200,1,33147,0,30627215,POINT (602236.7721759052 7788755.4099635845),C
2023,3106200,1,14134,0,30110072,POINT (609626.6869249954 7797270.000199093),C
2023,3106200,1,31012,0,30555140,POINT (606868.7321208501 7793292.521983944),C
2023,3106200,1,18130,0,30180070,POINT (609393.9936113792 7796791.307565251),C
2023,3106200,1,26213,0,31744086,POINT (609863.5998444186 7807811.967794539),C
2023,3106200,1,22293,0,31310620,POINT (606315.4630832318 7801741.448739497),C
2023,3106200,1,31012,0,30170137,POINT (610458.3210237868 7795398.503869693),C
2023,3106200,1,10953,0,31720050,POINT (609124.1027225357 7807195.5056483215),C
2023,3106200,1,33121,0,30627205,POINT (602510.0565191854 7788769.947510574),C
2023,3106200,1,33295,0,30190064,POINT (610551.4641292032 7796977.823696824),C
2023,3106200,1,10961,0,31555370,POINT (606814.5544457675 7806264.525286804),C
2023,3106200,1,32990,0,30640070,POINT (602186.9622160551 7790830.181816423),C
2023,3106200,1,20631,0,30855445,POINT (602773.6884191784 7796038.302007045),C
2023,3106200,1,10953,0,30350160,POINT (610180.2067682836 7794230.992182467),C
2023,3106200,1,14134,0,30830490,POINT (603909.4544537368 7799843.633485543),C
2023,3106200,1,18211,0,30280480,POINT (614813.05966463 7797723.888956999),C
2023,3106200,1,10538,0,31540250,POINT (605337.2759405968 7807392.539517348),C
2023,3106200,1,15297,0,31652270,POINT (607108.980122109 7812160.537491469),C
2023,3106200,1,32507,0,31310240,POINT (606931.7425255117 7802302.940028834),C
2023,3106200,1,17311,0,30190120,POINT (609508.3591626949 7795804.08445538),C
2023,3106200,1,10333,0,31210150,POINT (610235.1523120678 7798009.769866291),C
2023,3106200,1,32116,0,30180126,POINT (609571.1886753531 7796065.064506479),C
2023,3106200,1,33198,0,31620315,POINT (607858.2187380913 7810491.565980386),C
2023,3106200,1,26604,0,31560300,POINT (607168.0989100318 7805970.031389961),C
2023,3106200,1,33147,0,31155320,POINT (610414.5763283238 7802379.426356971),C
2023,3106200,1,10538,0,30620330,POINT (603788.9694509238 7789309.094565098),C
2023,3106200,1,13405,0,31110050,POINT (611724.3454627277 7798270.49813969),C
2023,3106200,1,18211,0,30280380,POINT (614766.6209792927 7797842.936092511),C
2023,3106200,1,33295,0,30190110,POINT (610020.6128987402 7796908.619789165),C
2023,3106200,1,18211,0,31015141,POINT (612566.0837237332 7797729.32605744),C
2023,3106200,1,18130,0,30575817,POINT (607264.5915313372 7790428.156236669),C
2023,3106200,1,13511,0,31555440,POINT (607039.4623146416 7806613.926060367),C
2023,3106200,1,33295,0,31360420,POINT (602805.724358866 7802892.05027925),C
2023,3106200,1,27902,0,30530170,POINT (604707.1767273333 7795862.310702859),C
2023,3106200,1,18229,0,30550012,POINT (606731.9944457278 7795107.270295742),C
2023,3106200,6,22293,0,30330900,POINT (600600.2179333066 7786519.320012659),C
2023,3106200,1,14134,0,30775460,POINT (608031.4228957066 7799417.581243201),C
2023,3106200,1,18229,0,31812110,POINT (611648.7757211223 7804456.735843854),C
2023,3106200,1,13405,0,31540280,POINT (605849.1382111139 7807686.413774333),C
2023,3106200,1,25926,0,31535094,POINT (608093.3711884678 7808552.8417243585),C
2023,3106200,1,18130,0,30580070,POINT (606070.2135070539 7791893.395029932),C
2023,3106200,1,20720,0,30820530,POINT (604670.1769539006 7798775.974143697),C
2023,3106200,1,25420,0,30662412,POINT (600090.0473095104 7788852.766778828),C
2023,3106200,1,31012,0,31110050,POINT (611724.3454627277 7798270.49813969),C
2023,3106200,1,10911,0,31270310,POINT (609404.8488701548 7803570.120010533),C
2023,3106200,1,23303,0,30628260,POINT (604196.5022933166 7786475.124050332),C
2023,3106200,1,17311,0,30870125,POINT (603940.2460808358 7798251.210309153),C
2023,3106200,1,15408,0,30626010,POINT (602792.138982703 7788452.4635632),C
2023,3106200,1,25390,0,30692662,POINT (599873.489580245 7788438.593850476),C
2023,3106200,1,14134,0,30421418,POINT (607455.0898948925 7794104.782108674),C
2023,3106200,1,33139,0,30620010,POINT (604374.5896447604 7790584.220106907),C
2023,3106200,1,18130,0,31330220,POINT (604543.1472363346 7801571.358560153),C
2023,3106200,1,33147,0,31742093,POINT (611768.8173644242 7806417.878517763),C
2023,3106200,1,10911,0,30692220,POINT (598922.2581663575 7789985.05232317),C
2023,3106200,1,10945,0,30672510,POINT (602051.692835355 7785421.558882931),C
2023,3106200,1,25128,0,31910175,POINT (612737.2500116595 7802802.293976657),C
2023,3106200,1,33295,0,31035540,POINT (612321.9805398625 7799364.769486804),C
2023,3106200,1,10911,0,30666472,POINT (601198.1646318599 7786684.171019485),C
2023,3106200,1,25934,0,30775060,POINT (607682.3480977415 7799333.511356653),C
2023,3106200,1,33210,0,31910520,POINT (612916.7862198554 7802150.8663604),C
2023,3106200,1,18300,0,30575255,POINT (607905.1159555173 7790656.865723172),C
2023,3106200,1,33295,0,30320570,POINT (610540.6820415074 7790907.247806389),C
2023,3106200,1,14134,0,30720440,POINT (607116.0391490655 7797268.65058529),C
2023,3106200,1,20932,0,31910400,POINT (613357.8657783287 7802450.564545197),C
2023,3106200,1,10911,0,30130090,POINT (612494.892819289 7796153.492235249),C
2023,3106200,1,33147,0,31980560,POINT (613594.5705514841 7804453.335308867),C
2023,3106200,1,27317,0,30720562,POINT (606704.4233073792 7798384.267747773),C
2023,3106200,1,26515,0,31310260,POINT (607029.0916696028 7800397.861741317),C
2023,3106200,1,20631,0,31210620,POINT (609754.5823494382 7798758.699864661),C
2023,3106200,1,33295,0,31340000,POINT (605829.2231540967 7802291.369727751),C
2023,3106200,1,25390,0,30627145,POINT (602535.18569758 7788232.145582081),C
2023,3106200,1,18130,0,30360620,POINT (610057.1592977615 7791526.36247661),C
2023,3106200,1,26213,0,31230040,POINT (608732.4625758973 7798468.828850573),C
2023,3106200,1,25420,0,31160310,POINT (612296.2509281525 7801393.799669104),C
2023,3106200,1,10937,0,30660280,POINT (601975.5483886603 7789354.25501669),C
2023,3106200,1,27228,0,30664170,POINT (600479.6948760315 7787620.218061172),C
2023,3106200,1,32507,0,30140090,POINT (612264.4406944495 7795507.293246578),C
2023,3106200,1,25110,0,30870120,POINT (603789.408632537 7798459.210331794),C
2023,3106200,1,32507,0,31730050,POINT (610216.6243335604 7806694.240834918),C
2023,3106200,1,31012,0,31970735,POINT (616787.6850373644 7803369.765810686),C
2023,3106200,1,10961,0,31540610,POINT (606458.0880382793 7806259.700042948),C
2023,3106200,1,11135,0,30411125,POINT (608547.6090410014 7796329.040080361),C
2023,3106200,1,10139,0,30310403,POINT (612534.6634402205 7793428.474620034),C
2023,3106200,1,26108,0,31015104,POINT (612928.8164154271 7797821.644379897),C
2023,3106200,1,33163,0,31260270,POINT (611012.7332965038 7803584.804629499),C
2023,3106200,1,33121,0,30810640,POINT (605474.9926406859 7800239.394093327),C
2023,3106200,1,14134,0,30270250,POINT (614689.2718541604 7796539.22636215),C
2023,3106200,1,20193,0,30110044,POINT (610824.8288502372 7794866.622822353),C
2023,3106200,1,33112,0,31550090,POINT (605654.3667249494 7806404.322949436),C
2023,3106200,1,33147,0,30360270,POINT (610092.3986276265 7792466.931384932),C
2023,3106200,1,25322,0,30692675,POINT (600016.2129733626 7788439.090035167),C
2023,3106200,1,32507,0,31260020,POINT (610709.6329038064 7803797.298902685),C
2023,3106200,1,32124,0,30512700,POINT (604724.7509521361 7793532.27787252),C
2023,3106200,1,33147,0,31550250,POINT (605974.9871084199 7805891.7641533185),C
2023,3106200,1,15211,0,31930585,POINT (613696.1995169262 7803324.361242149),C
2023,3106200,1,11119,0,31930650,POINT (613590.2209960973 7803443.202270841),C
2023,3106200,1,26108,0,30880410,POINT (602386.5362315465 7798548.0387419425),C
2023,3106200,1,25926,0,31565150,POINT (608017.7574882311 7806503.911223775),C
2023,3106200,1,13596,0,31515270,POINT (608372.5225905618 7807747.448153915),C
2023,3106200,1,33147,0,31515080,POINT (609169.5476788554 7808119.933329461),C
2023,3106200,1,13511,0,31550275,POINT (606244.5785712652 7805566.820395247),C
2023,3106200,1,33121,0,30520330,POINT (602467.5516275716 7794760.078071804),C
2023,3106200,1,10911,0,30380752,POINT (610092.7207640163 7793654.69116649),C
2023,3106200,1,17494,0,31255720,POINT (610074.1753503636 7803315.678764916),C
2023,3106200,1,32116,0,30660134,POINT (602303.0551899293 7789661.268953743),C
2023,3106200,1,32990,0,30580490,POINT (605679.7964207111 7792830.787637599),C
2023,3106200,1,10911,0,31270330,POINT (609213.3782242552 7803905.242595975),C
2023,3106200,1,11119,0,30390550,POINT (608891.1450926573 7789375.177955309),C
2023,3106200,1,25390,0,30690730,POINT (598423.3322417676 7790947.205633573),C
2023,3106200,1,25128,0,30512000,POINT (604556.8290206951 7794356.929566653),C
2023,3106200,1,10961,0,31840160,POINT (612206.0897006167 7805497.62495097),C
2023,3106200,1,26108,0,30570068,POINT (605933.8749673244 7792506.424896814),C
2023,3106200,1,27317,0,30710230,POINT (609141.0382149869 7797598.617977897),C
2023,3106200,1,33147,0,30690100,POINT (600134.3790172111 7790517.0041952375),C
2023,3106200,1,33147,0,31720150,POINT (609310.9396045883 7806870.604186609),C
2023,3106200,1,28402,0,30532230,POINT (604114.6292818639 7794453.639841104),C
2023,3106200,1,25993,0,30285160,POINT (616048.9711298737 7798090.8931284845),C
2023,3106200,1,18229,0,31742045,POINT (611116.0295254095 7806336.841862714),C
2023,3106200,1,18211,0,30411160,POINT (608959.6408722972 7796186.960272474),C
2023,3106200,1,31012,0,30575460,POINT (606739.6842581878 7791468.844385471),C
2023,3106200,1,33210,0,30662360,POINT (600399.382469229 7789446.555835409),C
2023,3106200,1,18211,0,30421056,POINT (606589.9785291081 7795883.719093952),C
2023,3106200,1,18211,0,31210100,POINT (610171.1335042585 7798241.259748561),C
2023,3106200,1,22293,0,30380435,POINT (608805.4494262771 7793971.018203091),C
2023,3106200,1,33210,0,30730570,POINT (605751.7286273206 7801194.954524748),C
2023,3106200,1,26108,0,30881170,POINT (602716.8834441644 7799547.311011462),C
2023,3106200,1,33147,0,30510000,POINT (604943.6396112863 7795029.020040604),C
2023,3106200,1,33210,0,30170131,POINT (610601.5686101562 7797217.134800181),C
2023,3106200,1,14134,0,30170131,POINT (610601.5686101562 7797217.134800181),C
2023,3106200,1,23303,0,31730660,POINT (610692.821549881 7806521.758642195),C
2023,3106200,1,10996,0,30710020,POINT (610075.7142118912 7797724.562158667),C
2023,3106200,1,33147,0,31742036,POINT (611195.9289090278 7806513.813265962),C
2023,3106200,1,33210,0,30350210,POINT (610311.3946219521 7793976.402074225),C
2023,3106200,1,32507,0,30330150,POINT (611286.3569882561 7794173.6219758475),C
2023,3106200,1,31012,0,30730070,POINT (606212.531818509 7796947.148574159),C
2023,3106200,1,32116,0,30320670,POINT (610663.712773355 7790872.69603222),C
2023,3106200,1,31012,0,31930650,POINT (613590.2209960973 7803443.202270841),C
2023,3106200,1,18211,0,31630210,POINT (609530.6642995366 7809880.081650147),C
2023,3106200,1,32990,0,31545000,POINT (604874.0355886678 7806962.358475158),C
2023,3106200,1,27406,0,31160050,POINT (611259.5908935386 7800881.921975984),C
2023,3106200,1,15394,0,30830150,POINT (604621.3434580069 7798380.00851131),C
2023,3106200,1,25110,0,31540020,POINT (605926.8885979712 7808152.657648275),C
2023,3106200,1,25926,0,30690010,POINT (600104.3832989482 7790603.003017418),C
2023,3106200,1,18130,0,31573080,POINT (605607.5486187736 7809376.457708996),C
2023,3106200,1,10911,0,30570420,POINT (606741.20902268 7792697.653221345),C
2023,3106200,1,25390,0,30610030,POINT (603834.9829059865 7792736.433550415),C
2023,3106200,1,17311,0,31920200,POINT (613612.9621504227 7801750.364376519),C
2023,3106200,1,33147,0,30610040,POINT (603870.3966778318 7792987.8213312905),C
2023,3106200,1,25993,0,30775120,POINT (607802.8938053568 7799843.494903581),C
2023,3106200,1,15319,0,30590360,POINT (604963.8656832798 7792361.846862689),C
2023,3106200,1,29506,0,30190080,POINT (610137.6807498672 7796805.249435494),C
2023,3106200,1,33147,0,31520080,POINT (608294.0765297147 7808163.717405692),C
2023,3106200,1,26213,0,30390190,POINT (607527.5507736522 7788208.479739875),C
2023,3106200,1,11224,0,31710450,POINT (608843.7064655032 7805440.898341913),C
2023,3106200,1,10911,0,31035560,POINT (612791.63880517 7799659.4496692065),C
2023,3106200,1,15297,0,30810340,POINT (605778.8724616682 7799526.100999696),C
2023,3106200,1,10945,0,30720440,POINT (607116.0391490655 7797268.65058529),C
2023,3106200,1,25322,0,31730640,POINT (610785.604018369 7806239.155665088),C
2023,3106200,1,18130,0,30550760,POINT (606989.6866354388 7793784.133667847),C
2023,3106200,1,32990,0,30644100,POINT (603557.5437687801 7788515.618269934),C
2023,3106200,1,14134,0,30190002,POINT (610079.2202604454 7796789.725624727),C
2023,3106200,1,10911,0,30620410,POINT (604343.1280147934 7789134.495147769),C
2023,3106200,1,31012,0,31810130,POINT (611735.450590916 7803714.050399927),C
2023,3106200,1,16293,0,31748013,POINT (610160.6811648046 7808920.4533088785),C
2023,3106200,1,11224,0,30150341,POINT (612658.5436793366 7795964.503027571),C
2023,3106200,1,18211,0,30180114,POINT (610479.042675574 7797019.867941896),C
2023,3106200,1,33210,0,31030360,POINT (612853.6849847306 7798863.13762021),C
2023,3106200,1,32507,0,30130138,POINT (611703.8720876882 7795063.870987574),C
2023,3106200,1,25390,0,30668274,POINT (601851.8329230439 7787731.584565116),C
2023,3106200,1,32507,0,30514130,POINT (604776.8175048645 7793001.234994955),C
2023,3106200,1,10538,0,31015215,POINT (612209.4235930297 7797880.165828146),C
2023,3106200,1,32990,0,30431320,POINT (607859.6174641392 7794605.180845284),C
2023,3106200,1,23915,0,31560200,POINT (607673.8073741391 7806531.948137606),C
2023,3106200,1,25390,0,31746125,POINT (611466.3981461149 7808950.863237567),C
2023,3106200,1,33210,0,31330040,POINT (605081.8036963328 7801181.14724227),C
2023,3106200,1,26809,0,31255180,POINT (609435.7384449337 7802070.971322649),C
2023,3106200,1,31012,0,31814110,POINT (612644.1415049026 7804091.549959205),C
2023,3106200,1,25420,0,31255200,POINT (608851.5216657304 7801730.820281412),C
2023,3106200,1,15319,0,30820350,POINT (605106.9182502378 7798752.610025743),C
2023,3106200,1,18229,0,30180114,POINT (610479.042675574 7797019.867941896),C
2023,3106200,1,18130,0,30880410,POINT (602386.5362315465 7798548.0387419425),C
2023,3106200,1,18300,0,30421382,POINT (607314.1781912493 7794538.471310505),C
2023,3106200,1,28135,0,30640230,POINT (602335.3660003241 7791128.604285801),C
2023,3106200,1,33147,0,31870490,POINT (615129.2929734867 7805740.609924955),C
2023,3106200,1,25420,0,30260510,POINT (614204.2483384028 7796210.378502209),C
2023,3106200,1,18300,0,30881320,POINT (603348.4876205793 7800020.470040882),C
2023,3106200,1,25390,0,31310190,POINT (606812.1677395286 7802578.515677121),C
2023,3106200,1,33147,0,31560200,POINT (607673.8073741391 7806531.948137606),C
2023,3106200,1,14118,0,31030010,POINT (612597.0686379886 7798609.797620036),C
2023,3106200,1,31012,0,31846000,POINT (613839.9410652604 7806147.49562652),C
2023,3106200,1,18211,0,31340160,POINT (605921.4407945999 7802817.788502185),C
2023,3106200,1,33147,0,30610280,POINT (604743.4260524862 7792114.9345080955),C
2023,3106200,1,33121,0,31015380,POINT (611896.7527268667 7798271.150355895),C
2023,3106200,1,10911,0,31985430,POINT (615246.2082256773 7804187.73387756),C
2023,3106200,1,10945,0,30620060,POINT (604301.5522020524 7790295.479495581),C
2023,3106200,1,23303,0,30411210,POINT (608139.2185218525 7796151.362557115),C
2023,3106200,1,18211,0,30421480,POINT (607875.7434766374 7793452.201505333),C
2023,3106200,1,25390,0,30494270,POINT (609194.0584368882 7791863.435797977),C
2023,3106200,1,28623,0,30610270,POINT (604697.2798533292 7792331.86728231),C
2023,3106200,1,33295,0,31360340,POINT (602874.3245324991 7802431.842733743),C
2023,3106200,1,25420,0,31160110,POINT (611522.3740993496 7800981.484372931),C
2023,3106200,1,17214,0,31610210,POINT (609999.9230877941 7808592.0800546855),C
2023,3106200,1,16226,0,31230230,POINT (609920.1270551763 7799649.470843494),C
2023,3106200,1,32507,0,30431054,POINT (608252.1822665173 7795552.802541885),C
2023,3106200,1,28623,0,30180165,POINT (609854.9694916983 7795472.285496928),C
2023,3106200,1,31021,0,31870470,POINT (615149.5718085496 7805516.25555405),C
2023,3106200,1,25390,0,30610270,POINT (604697.2798533292 7792331.86728231),C
2023,3106200,1,10911,0,31320330,POINT (606154.4168657761 7800892.405961709),C
2023,3106200,1,33147,0,31610390,POINT (609467.4981865037 7809151.894307699),C
2023,3106200,1,32205,0,30180060,POINT (609550.994695025 7796725.768684431),C
2023,3106200,1,22293,0,31560200,POINT (607673.8073741391 7806531.948137606),C
2023,3106200,1,33121,0,30285090,POINT (615311.3889389895 7797744.492520509),C
2023,3106200,1,13405,0,31580000,POINT (605083.0739921834 7807741.498664096),C
2023,3106200,1,14134,0,30870240,POINT (603485.5705107948 7798611.16146796),C
2023,3106200,1,22293,0,31340240,POINT (605513.1493227989 7802739.762054676),C
2023,3106200,1,25128,0,30850160,POINT (604704.926370035 7797579.55343413),C
2023,3106200,1,10953,0,31573050,POINT (606048.210697755 7809445.011281457),C
2023,3106200,1,32124,0,31560300,POINT (607168.0989100318 7805970.031389961),C
2023,3106200,1,33147,0,30421335,POINT (607570.2242706576 7794416.855276363),C
2023,3106200,1,20631,0,30431420,POINT (607924.9512502186 7793977.189519709),C
2023,3106200,1,29492,0,30390180,POINT (607459.4551019197 7788232.816300016),C
2023,3106200,1,18211,0,31070020,POINT (615515.9796802951 7800497.709875561),C
2023,3106200,1,23303,0,31160440,POINT (611805.2351642217 7801742.997121556),C
2023,3106200,1,33147,0,30664260,POINT (600664.7193191432 7787146.608844763),C
2023,3106200,1,25314,0,31130670,POINT (611092.2199454246 7800785.889045232),C
2023,3106200,1,32990,0,31730730,POINT (610410.5777832537 7805486.022774056),C
2023,3106200,1,25390,0,30692030,POINT (598936.8220156791 7788980.879141329),C
2023,3106200,1,33147,0,31050270,POINT (615539.5665066637 7799093.9008673625),C
2023,3106200,1,33210,0,30310630,POINT (611896.724585413 7793327.030520333),C
2023,3106200,1,10929,0,30830360,POINT (604277.7163248139 7798686.571293578),C
2023,3106200,1,33210,0,31744777,POINT (611274.9513401737 7808739.610768113),C
2023,3106200,1,10813,0,30840710,POINT (604919.9533601265 7799567.123165721),C
2023,3106200,1,33210,0,30850630,POINT (603928.3139878057 7796659.388599398),C
2023,3106200,1,14126,0,31748096,POINT (610454.3179412888 7809906.148755143),C
2023,3106200,1,14126,0,30160011,POINT (611201.9280530461 7796515.196846519),C
2023,3106200,1,14126,0,31748025,POINT (610191.8150775263 7808892.158951329),C
2023,3106200,1,14126,0,31260000,POINT (610713.8255285172 7803544.999171257),C
2023,3106200,1,14126,0,30610290,POINT (604363.9116740227 7792395.646969486),C
2023,3106200,1,14126,0,30530290,POINT (604974.7471382609 7796118.628230754),C
2023,3106200,1,14126,0,31230580,POINT (614089.2125690286 7799200.823173436),C
2023,3106200,1,14126,0,30350140,POINT (610301.7627941634 7794380.406859815),C
2023,3106200,1,14126,0,30310360,POINT (612413.3927035203 7794040.158472616),C
2023,3106200,1,14126,0,30570220,POINT (607046.797525009 7792535.99251874),C
2023,3106200,1,14126,0,30516180,POINT (605893.3074745823 7793880.847785052),C
2023,3106200,1,14126,0,30160042,POINT (610872.9349222002 7796342.394877501),C
2023,3106200,1,14126,0,30170135,POINT (610591.8490594289 7795810.119746232),C
2023,3106200,1,14126,0,30110043,POINT (610712.389256229 7794894.291777382),C
2023,3106200,1,14126,0,30310110,POINT (612152.411376026 7794625.038527153),C
2023,3106200,1,14126,0,30720400,POINT (606962.3171578645 7796835.860552825),C
2023,3106200,1,14126,0,30642160,POINT (603206.8574466726 7789616.050584257),C
2023,3106200,1,14126,0,30180110,POINT (610590.2267319143 7797375.6470610015),C
2023,3106200,1,14126,0,30220310,POINT (613595.3188937774 7794729.2842847835),C
2023,3106200,1,14126,0,30190003,POINT (610017.5978690815 7796838.669406331),C
2023,3106200,1,14126,0,30190003,POINT (610017.5978690815 7796838.669406331),C
2023,3106200,1,14126,0,30640070,POINT (602186.9622160551 7790830.181816423),C
2023,3106200,1,14126,0,30170110,POINT (610341.2704439149 7796941.578858232),C
2023,3106200,1,14126,0,31170024,POINT (612205.4115617702 7800087.708668623),C
2023,3106200,1,32507,18,31130032,POINT (610307.8767762523 7799556.222029982),C
2023,3106200,1,10945,20,31255190,POINT (609286.6668451901 7802061.355898442),C
2023,3106200,1,31012,14,30110022,POINT (612837.2064286062 7795995.451096333),C
2023,3106200,1,33210,16,30421372,POINT (607464.8572573743 7794621.238604213),C
2023,3106200,1,29506,31,31210240,POINT (609990.2059321646 7798042.11042223),C
2023,3106200,1,10961,13,31710080,POINT (608507.2012739333 7806348.29657764),C
2023,3106200,1,23303,14,30494270,POINT (609194.0584368882 7791863.435797977),C
2023,3106200,1,26515,12,30575815,POINT (607321.1505097745 7790464.135914478),C
2023,3106200,1,10911,17,31998452,POINT (615656.6846463803 7805581.992654704),C
2023,3106200,1,11135,41,30390550,POINT (608891.1450926573 7789375.177955309),C
2023,3106200,1,22226,20,31990070,POINT (615928.4375008821 7804310.340153443),C
2023,3106200,1,33147,16,31985370,POINT (615099.2415657858 7804083.314282857),C
2023,3106200,1,25934,29,31230030,POINT (608646.9408773164 7798422.70538925),C
2023,3106200,1,22196,60,30670370,POINT (602996.7896034747 7787033.088405335),C
2023,3106200,1,33295,18,31812210,POINT (611897.2554825576 7804810.295404322),C
2023,3106200,1,10911,12,31155290,POINT (610946.5291154243 7802168.100539277),C
2023,3106200,1,10911,12,31140650,POINT (611408.2861835036 7800446.647792663),C
2023,3106200,1,10911,13,30280050,POINT (614449.8447600664 7798411.372968466),C
2023,3106200,1,33295,20,31330430,POINT (605399.8550685986 7800590.12580206),C
2023,3106200,1,23915,15,31150040,POINT (609905.4807101112 7801251.928287696),C
2023,3106200,1,30415,97,31035536,POINT (613762.3819830475 7801419.361824502),C
2023,3106200,1,33147,105,31170210,POINT (612619.2495434436 7800650.292491173),C
2023,3106200,1,28291,13,30350143,POINT (610011.9479304668 7794484.673946038),C
2023,3106200,1,25993,29,30575716,POINT (606581.7499022173 7789995.39099991),C
2023,3106200,1,10911,24,30310530,POINT (612133.0643876429 7793689.257310387),C
2023,3106200,1,25128,25,31742084,POINT (611522.8495041906 7806422.450685023),C
2023,3106200,1,28691,62,30664000,POINT (600401.747247779 7788334.724737674),C
2023,3106200,1,32914,16,30640120,POINT (602665.2296143582 7790694.212044084),C
2023,3106200,1,20622,20,30532190,POINT (604102.1331950178 7794553.22797283),C
2023,3106200,1,15297,15,31330430,POINT (605399.8550685986 7800590.12580206),C
2023,3106200,1,17419,18,31980660,POINT (613914.8984156073 7804275.469906681),C
2023,3106200,1,26213,42,30850000,POINT (604876.7157205845 7797785.7134060245),C
2023,3106200,1,10929,90,31515090,POINT (609320.2432375723 7808143.428499173),C
2023,3106200,1,10911,38,30111043,POINT (611095.3287391801 7797498.084071072),C
2023,3106200,1,10139,234,31910585,POINT (612844.7253093113 7803378.026956543),C
2023,3106200,1,20991,26,31255100,POINT (609423.1643063932 7801832.970257283),C
2023,3106200,1,17419,61,31250115,POINT (608590.3886568634 7799894.455335985),C
2023,3106200,1,31012,27,30411350,POINT (607731.0513779343 7796693.979554774),C
2023,3106200,1,10911,28,30870020,POINT (604091.2372317275 7798506.226858875),C
2023,3106200,1,25390,12,30670040,POINT (601518.3157554538 7788528.006495368),C
2023,3106200,1,32507,17,30260220,POINT (613827.8036861052 7796477.294484867),C
2023,3106200,1,32507,16,30330040,POINT (611306.798737982 7794643.111317784),C
2023,3106200,1,10961,17,30882710,POINT (603438.4084052299 7801771.609768707),C
2023,3106200,1,23915,19,30640240,POINT (602308.3382767267 7791376.110507819),C
2023,3106200,1,23303,12,30730600,POINT (606568.6597374966 7797842.400924543),C
2023,3106200,1,21211,60,30620070,POINT (604511.1089864197 7790341.624690671),C
2023,3106200,1,23991,27,30664004,POINT (600572.5373172355 7788334.692721503),C
2023,3106200,1,10945,12,31140310,POINT (611578.9894989452 7800234.828429147),C
2023,3106200,1,28143,49,31975334,POINT (616862.1144068601 7805514.28276489),C
2023,3106200,1,18130,14,31130032,POINT (610307.8767762523 7799556.222029982),C
2023,3106200,1,28291,22,30110044,POINT (610824.8288502372 7794866.622822353),C
2023,3106200,1,18229,21,31255090,POINT (609172.5777710284 7801843.303126637),C
2023,3106200,1,14134,41,30150321,POINT (612292.0180476271 7795621.858500531),C
2023,3106200,1,29492,14,31330382,POINT (604528.2723972069 7801927.47584663),C
2023,3106200,1,33163,22,31710410,POINT (608401.1140174414 7804818.187234189),C
2023,3106200,1,10911,59,30140100,POINT (611846.7412587393 7795467.108156069),C
2023,3106200,1,17419,12,30620060,POINT (604301.5522020524 7790295.479495581),C
2023,3106200,1,26515,182,30260070,POINT (613831.4281387837 7797151.409552865),C
2023,3106200,1,25926,15,31010245,POINT (612832.7897544047 7797116.681606981),C
2023,3106200,1,17311,44,31730748,POINT (610321.1919739833 7805775.277464872),C
2023,3106200,1,10961,19,30590265,POINT (605117.928545513 7792518.769260425),C
2023,3106200,1,26515,68,30455610,POINT (608423.4709020393 7791565.768265323),C
2023,3106200,1,24121,327,30610623,POINT (605530.1374104761 7791378.623829266),C
2023,3106200,1,25993,69,30622056,POINT (608619.2317037649 7794082.614766354),C
2023,3106200,1,10911,27,30431262,POINT (608067.2575785344 7794844.436423825),C
2023,3106200,1,23303,39,30664002,POINT (600311.939020059 7788639.400773471),C
2023,3106200,1,10911,21,31155290,POINT (610946.5291154243 7802168.100539277),C
2023,3106200,1,13596,19,30750190,POINT (606663.3411611235 7799262.938331259),C
2023,3106200,1,26221,85,31560000,POINT (607657.7674539279 7805372.7747740485),C
2023,3106200,1,33121,17,30390070,POINT (608376.799285211 7789645.826218522),C
2023,3106200,1,32507,12,30260120,POINT (611826.7727929704 7797022.065608181),C
2023,3106200,1,27597,30,30180090,POINT (609670.7056510712 7796683.52324542),C
2023,3106200,1,10911,19,30882560,POINT (603852.0670593004 7801562.947138259),C
2023,3106200,1,13405,18,30520330,POINT (602467.5516275716 7794760.078071804),C
2023,3106200,1,10996,28,31741401,POINT (611555.1112377226 7804427.094010269),C
2023,3106200,1,26515,44,31365250,POINT (603619.9740915477 7802370.071304174),C
2023,3106200,1,29492,22,31060090,POINT (614076.4534075086 7799618.422707483),C
2023,3106200,1,10911,14,30620480,POINT (604608.2039653665 7789246.127561552),C
2023,3106200,1,33121,33,31270250,POINT (609396.536708029 7803373.996410347),C
2023,3106200,1,14126,32,30662390,POINT (600240.3696673532 7789458.032072952),C
2023,3106200,1,14126,81,30530240,POINT (605265.9247864587 7795854.892096592),C
2023,3106200,1,14126,14,30411137,POINT (608653.4694456152 7796294.743961436),C
2023,3106200,1,14126,22,30190062,POINT (609986.6842825616 7797121.324823307),C
2023,3106200,1,14126,20,31210380,POINT (609836.2422336161 7797775.63849749),C
2023,3106200,1,14126,22,30110059,POINT (609407.7937213378 7795620.108114386),C
2023,3106200,1,32990,0,30820485,POINT (604916.382130177 7798599.795782892),C
2023,3106200,1,25420,0,31565140,POINT (607909.3779385488 7806313.713179679),C
2023,3106200,1,33210,0,30881010,POINT (602226.7198425308 7799093.838245014),C
2023,3106200,1,18130,0,31230360,POINT (609038.4758150274 7799047.441687781),C
2023,3106200,1,14134,0,30492025,POINT (608026.8933523349 7791641.488899337),C
2023,3106200,1,33210,0,31742168,POINT (611702.8498721216 7807008.255975908),C
2023,3106200,1,33121,0,31560420,POINT (607349.8534335209 7806682.036348244),C
2023,3106200,1,25390,0,30692260,POINT (599080.1948329231 7790028.40704759),C
2023,3106200,1,22293,0,30431045,POINT (608102.7115616724 7795560.475000564),C
2023,3106200,1,18130,0,30410650,POINT (607672.1275243555 7796976.364800687),C
2023,3106200,1,18130,0,30180080,POINT (609297.2604785489 7796892.381366356),C
2023,3106200,1,12204,0,30494170,POINT (609122.1981864319 7792525.142588442),C
2023,3106200,1,18300,0,31080160,POINT (614170.2581533066 7800930.008645064),C
2023,3106200,1,31012,0,30624020,POINT (604097.3291234127 7788922.039901417),C
2023,3106200,1,14134,0,30692000,POINT (598937.7811405349 7790162.896922402),C
2023,3106200,1,25390,0,31812060,POINT (612171.7394336372 7804528.386581119),C
2023,3106200,1,32990,0,30190002,POINT (610079.2202604454 7796789.725624727),C
2023,3106200,1,33198,0,30220320,POINT (613689.4193678951 7794718.895684704),C
2023,3106200,1,23915,0,31744592,POINT (610359.0704404798 7808852.715680373),C
2023,3106200,1,33295,0,31360100,POINT (603729.0801395982 7802275.310369251),C
2023,3106200,1,18229,0,30285340,POINT (615739.7353107495 7797761.691987257),C
2023,3106200,1,31012,0,30730130,POINT (606152.1727406164 7797430.030427769),C
2023,3106200,1,13596,0,30421260,POINT (607086.8679964157 7795147.704179674),C
2023,3106200,1,10911,0,30210490,POINT (613323.3176901386 7794145.6999435425),C
2023,3106200,1,33147,0,31230520,POINT (609048.7528730698 7799296.5179156605),C
2023,3106200,1,33295,0,31050270,POINT (615539.5665066637 7799093.9008673625),C
2023,3106200,1,33210,0,31260130,POINT (610539.9875213512 7803745.6174098365),C
2023,3106200,1,14118,0,30620700,POINT (605197.9172336657 7790035.065410371),C
2023,3106200,1,33147,0,30620580,POINT (605479.9681781731 7791524.58956395),C
2023,3106200,1,33210,0,31110170,POINT (611484.7981074248 7798509.590531129),C
2023,3106200,1,10929,0,30120060,POINT (611263.5189024783 7797065.528301422),C
2023,3106200,1,10121,0,30670565,POINT (602625.1388490497 7787301.63205049),C
2023,3106200,1,31012,0,31340050,POINT (605690.8459906426 7802560.290422314),C
2023,3106200,1,33210,0,30620390,POINT (604164.2434802819 7789036.291808974),C
2023,3106200,1,18130,0,30640420,POINT (601667.9957923152 7790687.517725024),C
2023,3106200,1,33147,0,30692180,POINT (598800.8099527645 7790063.671903565),C
2023,3106200,1,33121,0,30640050,POINT (603055.4333238321 7790985.467345793),C
2023,3106200,1,10911,0,31910400,POINT (613357.8657783287 7802450.564545197),C
2023,3106200,1,18130,0,31170193,POINT (612652.9615392361 7799944.807059988),C
2023,3106200,1,33121,0,31030211,POINT (612625.0998108608 7798463.330728171),C
2023,3106200,1,18130,0,30720476,POINT (607033.3314153756 7798576.208656186),C
2023,3106200,1,26213,0,31270310,POINT (609404.8488701548 7803570.120010533),C
2023,3106200,1,26400,0,31170610,POINT (612732.1235348076 7800948.995936615),C
2023,3106200,1,10911,0,30575834,POINT (607018.0249357931 7790968.711421739),C
2023,3106200,1,18229,0,30493175,POINT (608186.5799734689 7791116.025116796),C
2023,3106200,1,18130,0,31565080,POINT (607730.8514222486 7806065.16688936),C
2023,3106200,1,25390,0,30610000,POINT (603684.26034498 7792838.836918727),C
2023,3106200,1,33147,0,30390230,POINT (607722.224415831 7788424.701441208),C
2023,3106200,1,25322,0,30620710,POINT (603757.9897575787 7790014.459608792),C
2023,3106200,1,18211,0,31920200,POINT (613612.9621504227 7801750.364376519),C
2023,3106200,1,25993,0,30285180,POINT (616234.2261009205 7798196.531082828),C
2023,3106200,1,13511,0,30421012,POINT (607306.7126237021 7795903.196601201),C
2023,3106200,1,23915,0,31930730,POINT (613696.1943616892 7803269.758310679),C
2023,3106200,1,25993,0,30160040,POINT (611175.5834257342 7797453.71424054),C
2023,3106200,1,14118,0,31030010,POINT (612597.0686379886 7798609.797620036),C
2023,3106200,1,18130,0,30590210,POINT (605608.8741309153 7792497.591093188),C
2023,3106200,1,33139,0,31050610,POINT (615592.714822981 7799617.694853684),C
2023,3106200,1,10911,0,31080150,POINT (614122.9943986813 7800702.298165232),C
2023,3106200,1,32507,0,30627230,POINT (602383.5320869096 7788548.471126246),C
2023,3106200,1,33198,0,30662519,POINT (599268.4965519158 7789877.70676595),C
2023,3106200,1,18300,0,30880440,POINT (602306.2982517233 7798892.871276483),C
2023,3106200,1,14134,0,30190081,POINT (610057.6005786577 7796489.20826913),C
2023,3106200,1,33147,0,30882370,POINT (603407.3449246226 7801553.168370109),C
2023,3106200,1,16226,0,30350180,POINT (609883.8069594895 7794319.058587944),C
2023,3106200,1,23494,0,30620590,POINT (604937.0560654245 7790107.065177627),C
2023,3106200,1,25438,0,30431191,POINT (608213.2981990755 7794700.14857377),C
2023,3106200,1,10945,0,31535170,POINT (606604.8388650104 7808597.379761452),C
2023,3106200,1,33295,0,30112021,POINT (611671.9588733024 7795173.966528732),C
2023,3106200,1,18229,0,30662320,POINT (600868.3506174091 7789370.130347381),C
2023,3106200,1,10139,0,31870690,POINT (615033.6620095662 7806483.128241213),C
2023,3106200,1,31012,0,31140410,POINT (611938.5344042894 7800219.164146259),C
2023,3106200,1,18130,0,31360290,POINT (603204.7240621276 7802373.261781173),C
2023,3106200,1,31012,0,31950550,POINT (615496.822169157 7803357.646366142),C
2023,3106200,1,33210,0,31080160,POINT (614170.2581533066 7800930.008645064),C
2023,3106200,1,11135,0,30775240,POINT (608049.2749503546 7800240.971624865),C
2023,3106200,1,10961,0,30180006,POINT (610637.130850555 7796851.807595323),C
2023,3106200,1,14134,0,31070415,POINT (615755.424547596 7799852.231696051),C
2023,3106200,1,18211,0,30880410,POINT (602386.5362315465 7798548.0387419425),C
2023,3106200,1,11224,0,30720360,POINT (606796.3685638392 7797729.171215143),C
2023,3106200,1,16293,0,31990040,POINT (615639.9365074014 7804266.54017565),C
2023,3106200,1,25128,0,30130009,POINT (612669.4471831546 7794400.514723807),C
2023,3106200,1,33147,0,30660010,POINT (601464.5010280553 7789855.626247244),C
2023,3106200,1,11135,0,30360650,POINT (610175.0590366517 7791403.609303478),C
2023,3106200,1,33210,0,30130138,POINT (611703.8720876882 7795063.870987574),C
2023,3106200,1,33295,0,31270270,POINT (609273.995465412 7803435.2616263535),C
2023,3106200,1,32507,0,31170024,POINT (612205.4115617702 7800087.708668623),C
2023,3106200,1,26515,0,31035009,POINT (613598.2545025507 7798451.455883771),C
2023,3106200,1,33147,0,30510000,POINT (604943.6396112863 7795029.020040604),C
2023,3106200,1,30997,0,30570720,POINT (607390.5329242843 7792432.987495131),C
2023,3106200,1,32400,0,31080330,POINT (614109.981978667 7801101.446153481),C
2023,3106200,1,25420,0,30520420,POINT (602685.9082530567 7794703.842594849),C
2023,3106200,1,25128,0,30518070,POINT (604624.3110682981 7793185.1405121945),C
2023,3106200,1,25420,0,30411450,POINT (607600.4640924456 7796244.03769976),C
2023,3106200,1,10112,0,31260490,POINT (611896.5361493656 7803117.967886934),C
2023,3106200,1,33210,0,30575010,POINT (608032.6618421732 7792248.407717064),C
2023,3106200,1,29301,0,31255180,POINT (609435.7384449337 7802070.971322649),C
2023,3106200,1,28691,0,30840030,POINT (604238.5557198136 7799902.381106524),C
2023,3106200,1,31012,0,31365160,POINT (604442.2254034983 7802546.67901855),C
2023,3106200,1,33147,0,31975270,POINT (617033.8667124241 7805176.208688125),C
2023,3106200,1,33147,0,31744777,POINT (611274.9513401737 7808739.610768113),C
2023,3106200,1,12204,0,30830233,POINT (604456.4357256277 7798782.369999008),C
2023,3106200,1,21106,0,31035536,POINT (613762.3819830475 7801419.361824502),C
2023,3106200,1,10911,0,30130090,POINT (612494.892819289 7796153.492235249),C
2023,3106200,1,16293,0,31030514,POINT (611976.2645785132 7798925.448963049),C
2023,3106200,1,11135,0,31545210,POINT (603612.5810835352 7806242.660781547),C
2023,3106200,1,10996,0,31170193,POINT (612652.9615392361 7799944.807059988),C
2023,3106200,1,26221,0,31060090,POINT (614076.4534075086 7799618.422707483),C
2023,3106200,1,18229,0,30130160,POINT (611451.3440858969 7795735.166762402),C
2023,3106200,1,10911,0,30620720,POINT (605147.8825653588 7790087.242109805),C
2023,3106200,1,28224,0,30575180,POINT (607667.3987230305 7790867.846350442),C
2023,3106200,1,33198,0,31235130,POINT (608384.971759592 7799565.723217109),C
2023,3106200,1,32507,0,30640100,POINT (602782.3274247011 7790804.629966367),C
2023,3106200,1,33147,0,30310760,POINT (611896.4475356215 7794151.3650440825),C
2023,3106200,1,29506,0,31210240,POINT (609990.2059321646 7798042.11042223),C
2023,3106200,1,15211,0,30180110,POINT (610590.2267319143 7797375.6470610015),C
2023,3106200,1,33210,0,31340020,POINT (605919.7120739132 7802283.40063963),C
2023,3106200,1,32922,0,30190082,POINT (610035.3578400059 7796597.902611225),C
2023,3106200,1,32507,0,31515300,POINT (609251.4940790934 7807508.929640653),C
2023,3106200,1,33147,0,31540620,POINT (606584.6755271467 7806530.514467748),C
2023,3106200,1,32116,0,31360300,POINT (603084.8097422805 7802378.013460079),C
2023,3106200,1,31012,0,31970617,POINT (617979.0102607924 7803838.507987332),C
2023,3106200,1,26108,0,30421015,POINT (607471.306236968 7796232.073179139),C
2023,3106200,1,10996,0,30260290,POINT (613911.5040335648 7796343.748617781),C
2023,3106200,1,10945,0,31130580,POINT (611145.9116493928 7800220.66397696),C
2023,3106200,1,27597,0,30150370,POINT (611887.8276507661 7795205.375329239),C
2023,3106200,1,31012,0,31814120,POINT (612221.3099166482 7804202.905799235),C
2023,3106200,1,10911,0,30620830,POINT (604139.2982128867 7789533.466052069),C
2023,3106200,1,14134,0,30692180,POINT (598800.8099527645 7790063.671903565),C
2023,3106200,1,27317,0,30516070,POINT (605769.1719524842 7793728.358244369),C
2023,3106200,1,33155,0,30170081,POINT (610427.8867061986 7796271.220746754),C
2023,3106200,1,24229,0,30112010,POINT (611642.8994186741 7794955.801999249),C
2023,3106200,1,15211,0,30840220,POINT (604326.2798603091 7800447.927437746),C
2023,3106200,1,33147,0,30520480,POINT (602583.7039288641 7794886.883717552),C
2023,3106200,1,10317,0,30380640,POINT (609829.7698358423 7794062.4811598705),C
2023,3106200,1,10911,0,31565312,POINT (608025.4451742532 7807192.156222668),C
2023,3106200,1,32116,0,30170131,POINT (610601.5686101562 7797217.134800181),C
2023,3106200,1,25322,0,31610300,POINT (609437.1664663152 7809012.266059164),C
2023,3106200,1,25993,0,31255050,POINT (608695.6375656308 7801464.084976735),C
2023,3106200,1,18229,0,31160620,POINT (611991.7915015295 7802562.752712434),C
2023,3106200,1,10953,0,31741155,POINT (609994.3664005715 7805538.174493732),C
2023,3106200,1,31012,0,31575440,POINT (604866.9957419374 7809812.475281531),C
2023,3106200,1,10911,0,31573080,POINT (605607.5486187736 7809376.457708996),C
2023,3106200,1,33139,0,31710690,POINT (608994.9813216865 7805889.090315474),C
2023,3106200,1,31012,0,30421473,POINT (607960.9604540295 7793432.825992651),C
2023,3106200,1,25110,0,30855250,POINT (603329.7272241779 7796813.671155961),C
2023,3106200,1,33198,0,31310140,POINT (606617.3733255245 7802826.975444227),C
2023,3106200,1,25128,0,30270190,POINT (614905.492379046 7796861.799965872),C
2023,3106200,1,25128,0,30810110,POINT (606236.9425964688 7799378.081250254),C
2023,3106200,1,25993,0,30810000,POINT (606748.5182189122 7799645.723718284),C
2023,3106200,1,13405,0,31015430,POINT (611860.5029398801 7798638.310906922),C
2023,3106200,1,18130,0,30320000,POINT (610925.8311542092 7793138.406820326),C
2023,3106200,1,25420,0,30840500,POINT (605176.5337573253 7800523.842520183),C
2023,3106200,1,33210,0,30662690,POINT (599485.7370202538 7789625.358516644),C
2023,3106200,1,18300,0,30411023,POINT (608936.3878728054 7797075.463359485),C
2023,3106200,1,18300,0,30770180,POINT (607790.7515316736 7798309.891163776),C
2023,3106200,1,25420,0,31565140,POINT (607909.3779385488 7806313.713179679),C
2023,3106200,1,32124,0,30810460,POINT (606326.60199328 7799859.705687395),C
2023,3106200,1,27406,0,31320560,POINT (606310.3790182993 7800261.63138668),C
2023,3106200,1,13511,0,30315510,POINT (611330.8795703826 7793046.319024468),C
2023,3106200,1,14134,0,30190051,POINT (610468.5867204958 7796840.921517029),C
2023,3106200,1,10911,0,31540000,POINT (605711.9491886019 7807514.131684845),C
2023,3106200,1,33147,0,31995115,POINT (615659.5187148534 7805364.682860084),C
2023,3106200,1,10911,0,31370210,POINT (603790.8928575871 7805891.538833791),C
2023,3106200,1,25390,0,30610100,POINT (603609.358607244 7792916.040290019),C
2023,3106200,1,22293,0,30642190,POINT (603447.5936151975 7790168.010863734),C
2023,3106200,1,10911,0,31270383,POINT (609048.2977876114 7804152.7637102045),C
2023,3106200,1,32507,0,31030010,POINT (612597.0686379886 7798609.797620036),C
2023,3106200,1,25390,0,30530210,POINT (605111.645624019 7795825.704550481),C
2023,3106200,1,33147,0,31210560,POINT (609492.4723151914 7798523.91160178),C
2023,3106200,1,33295,0,30570500,POINT (607447.0143804366 7792127.274023585),C
2023,3106200,1,14134,0,31110150,POINT (611239.9465796842 7798311.079609532),C
2023,3106200,1,25390,0,30390590,POINT (608350.985837361 7788962.56461526),C
2023,3106200,1,18211,0,30720310,POINT (607224.4108077529 7797356.898823267),C
2023,3106200,1,10317,0,31255160,POINT (609609.8520178599 7801935.170012089),C
2023,3106200,1,33121,0,30110067,POINT (609145.3742562808 7796901.704399298),C
2023,3106200,1,25420,0,30610280,POINT (604743.4260524862 7792114.9345080955),C
2023,3106200,1,25110,0,30112000,POINT (611151.5384321467 7794949.230272654),C
2023,3106200,1,10139,0,30411107,POINT (608230.1599822723 7796650.50087157),C
2023,3106200,1,20631,0,30570720,POINT (607390.5329242843 7792432.987495131),C
2023,3106200,1,26515,0,30575834,POINT (607018.0249357931 7790968.711421739),C
2023,3106200,1,33147,0,31920150,POINT (613701.4674216538 7801630.894956186),C
2023,3106200,1,31012,0,31910710,POINT (613100.0850895625 7802921.637064351),C
2023,3106200,1,15319,0,30590360,POINT (604963.8656832798 7792361.846862689),C
2023,3106200,1,18130,0,30315382,POINT (612139.751335985 7793167.077263744),C
2023,3106200,1,33210,0,30690270,POINT (599510.9007660736 7790543.425732742),C
2023,3106200,1,33210,0,30575360,POINT (607987.3736407368 7790611.190404152),C
2023,3106200,1,10325,0,30660308,POINT (602255.4945485143 7789415.70464332),C
2023,3106200,1,25322,0,31578430,POINT (604140.8417136758 7808958.965786722),C
2023,3106200,1,10911,0,30575857,POINT (607061.3924369352 7790511.090319094),C
2023,3106200,1,32507,0,30380720,POINT (609930.8781285781 7793697.839740284),C
2023,3106200,1,33139,0,31525365,POINT (606830.7204866039 7807532.20706388),C
2023,3106200,1,10945,0,30720440,POINT (607116.0391490655 7797268.65058529),C
2023,3106200,1,25390,0,31540350,POINT (606311.3716403955 7807577.242913939),C
2023,3106200,1,23915,0,31535450,POINT (606774.3818419036 7808797.558192038),C
2023,3106200,1,25322,0,30575716,POINT (606581.7499022173 7789995.39099991),C
2023,3106200,1,33210,0,31160440,POINT (611805.2351642217 7801742.997121556),C
2023,3106200,1,14134,0,31710620,POINT (609153.7783239024 7806322.626445513),C
2023,3106200,1,33121,0,31150270,POINT (610799.2613457054 7801482.288987549),C
2023,3106200,1,20631,0,30670565,POINT (602625.1388490497 7787301.63205049),C
2023,3106200,1,33295,0,31160470,POINT (611770.658602689 7801896.907485614),C
2023,3106200,1,20631,0,30494270,POINT (609194.0584368882 7791863.435797977),C
2023,3106200,1,32990,0,30590500,POINT (604650.6355406755 7792636.467373859),C
2023,3106200,1,16293,0,30710360,POINT (608741.2923500605 7798167.325317426),C
2023,3106200,1,15211,0,30170002,POINT (610819.4790782396 7796168.182994846),C
2023,3106200,1,14134,0,30190051,POINT (610468.5867204958 7796840.921517029),C
2023,3106200,1,13405,0,31170440,POINT (613115.1705664077 7800783.955592692),C
2023,3106200,1,18211,0,30160030,POINT (611296.2383509778 7797345.603084369),C
2023,3106200,1,10911,0,31930350,POINT (614480.8219932211 7803337.136369068),C
2023,3106200,1,24512,0,30170011,POINT (610733.6259959885 7796131.208374753),C
2023,3106200,1,18130,0,31814164,POINT (612751.0881083179 7804246.198338516),C
2023,3106200,1,18130,0,30112021,POINT (611671.9588733024 7795173.966528732),C
2023,3106200,1,10139,0,31620520,POINT (608056.7947953048 7809603.347492581),C
2023,3106200,1,22196,0,30668273,POINT (601656.7346636312 7787769.053702449),C
2023,3106200,1,26108,0,31310010,POINT (607048.3489322518 7803174.861442361),C
2023,3106200,1,10937,0,30220000,POINT (612909.3467211042 7794956.31069012),C
2023,3106200,1,32990,0,31150690,POINT (611057.6530125282 7801776.07268036),C
2023,3106200,1,33198,0,30140085,POINT (610022.2795129151 7796240.320642287),C
2023,3106200,1,33210,0,31140270,POINT (611685.9210472022 7799704.172830438),C
2023,3106200,1,10911,0,30642130,POINT (603252.5814050663 7790209.602002338),C
2023,3106200,1,32990,0,30350180,POINT (609883.8069594895 7794319.058587944),C
2023,3106200,1,33121,0,30775330,POINT (607926.1953868801 7799782.281670458),C
2023,3106200,1,25390,0,30620330,POINT (603788.9694509238 7789309.094565098),C
2023,3106200,1,33121,0,31741570,POINT (610963.0218818944 7805787.801595484),C
2023,3106200,1,23915,0,30865030,POINT (602446.8775576684 7798063.114750335),C
2023,3106200,1,18130,0,31565170,POINT (608246.8297947902 7806628.665666591),C
2023,3106200,1,13405,0,30160040,POINT (611175.5834257342 7797453.71424054),C
2023,3106200,1,23303,0,31742052,POINT (611041.6170140074 7806519.822082043),C
2023,3106200,1,25128,0,30850300,POINT (604668.1995103332 7797169.2553636655),C
2023,3106200,1,33139,0,30130138,POINT (611703.8720876882 7795063.870987574),C
2023,3106200,1,22196,0,30170120,POINT (610924.8440915012 7797600.709663179),C
2023,3106200,1,10911,0,30140094,POINT (609965.9360840621 7796117.372163674),C
2023,3106200,1,33295,0,30280430,POINT (614824.466061852 7798103.224646028),C
2023,3106200,1,18211,0,31030370,POINT (613021.5610660713 7798935.074047508),C
2023,3106200,1,10996,0,31030080,POINT (612984.4684136269 7798177.703440128),C
2023,3106200,1,28291,0,31035512,POINT (612233.919213601 7799321.604297699),C
2023,3106200,1,31012,0,30690420,POINT (598839.838918947 7790657.673781157),C
2023,3106200,1,19322,0,30170133,POINT (610828.2761808513 7796667.523886204),C
2023,3106200,1,31012,0,31870700,POINT (615309.1136197464 7806331.784327226),C
2023,3106200,1,31012,0,31250400,POINT (609215.1156128994 7800677.278761797),C
2023,3106200,1,31012,0,31540000,POINT (605711.9491886019 7807514.131684845),C
2023,3106200,1,10911,0,30720120,POINT (607846.3209173005 7797273.923776288),C
2023,3106200,1,25420,0,30421490,POINT (607799.8624175527 7793430.877875173),C
2023,3106200,1,10911,0,30865530,POINT (602208.0635709665 7797889.092927948),C
2023,3106200,1,32990,0,31840110,POINT (612621.5908478183 7805546.254117053),C
2023,3106200,1,22196,0,31560200,POINT (607673.8073741391 7806531.948137606),C
2023,3106200,1,18211,0,30421124,POINT (606790.7007796791 7795480.162768282),C
2023,3106200,1,26400,0,30525020,POINT (603741.8887818345 7795120.747601584),C
2023,3106200,1,33147,0,31570000,POINT (606527.5639315508 7809845.909868864),C
2023,3106200,1,10911,0,30330050,POINT (611337.4884690068 7794384.8425021265),C
2023,3106200,1,14142,0,31545000,POINT (604874.0355886678 7806962.358475158),C
2023,3106200,1,25420,0,31748203,POINT (611265.5648620304 7810228.57970229),C
2023,3106200,1,23915,0,31560300,POINT (607168.0989100318 7805970.031389961),C
2023,3106200,1,10945,0,31748190,POINT (611333.8899341114 7810094.547908552),C
2023,3106200,1,23303,0,30494360,POINT (609035.6442280079 7791875.724257523),C
2023,3106200,1,32990,0,30180005,POINT (610745.184670257 7796911.650417602),C
2023,3106200,1,31012,0,30610020,POINT (603824.254873805 7792805.255315116),C
2023,3106200,1,31012,0,31870590,POINT (614644.7808231699 7806300.008641724),C
2023,3106200,1,32990,0,30570590,POINT (607288.1205388171 7792408.463416997),C
2023,3106200,1,16293,0,31950020,POINT (614968.1679763125 7802216.812450256),C
2023,3106200,1,32990,0,30642400,POINT (603551.5866002867 7789754.982316736),C
2023,3106200,1,18211,0,30170131,POINT (610601.5686101562 7797217.134800181),C
2023,3106200,1,10911,0,31570050,POINT (607029.5059798959 7809286.775891216),C
2023,3106200,1,10317,0,31250310,POINT (608896.9223117235 7801064.044977717),C
2023,3106200,1,32990,0,30710260,POINT (608941.8750750115 7797473.761393821),C
2023,3106200,1,10961,0,30881320,POINT (603348.4876205793 7800020.470040882),C
2023,3106200,1,32205,0,30820110,POINT (605457.7484663241 7798686.784302924),C
2023,3106200,1,32990,0,30668272,POINT (601324.7231788054 7788008.117334845),C
2023,3106200,1,15211,0,30810580,POINT (605584.2201884979 7799960.297429029),C
2023,3106200,1,10911,0,30870020,POINT (604091.2372317275 7798506.226858875),C
2023,3106200,1,33147,0,30494270,POINT (609194.0584368882 7791863.435797977),C
2023,3106200,1,31047,0,31255180,POINT (609435.7384449337 7802070.971322649),C
2023,3106200,1,33121,0,31050690,POINT (614920.3482909042 7799238.432204502),C
2023,3106200,1,25420,0,31130710,POINT (610717.5849825743 7800980.4697178),C
2023,3106200,1,10961,0,30310010,POINT (611669.6586448002 7794432.6552115735),C
2023,3106200,1,25390,0,30750183,POINT (606643.3507340379 7799016.1270467695),C
2023,3106200,1,33147,0,30431008,POINT (607692.2139693601 7795485.336915644),C
2023,3106200,1,10911,0,30180060,POINT (609550.994695025 7796725.768684431),C
2023,3106200,1,18130,0,30664792,POINT (601146.7968045159 7787210.446052103),C
2023,3106200,1,32922,0,30411137,POINT (608653.4694456152 7796294.743961436),C
2023,3106200,1,25390,0,30532060,POINT (604182.8855034108 7795033.010483275),C
2023,3106200,1,25390,0,31580080,POINT (604964.551260739 7808111.4266688125),C
2023,3106200,1,25390,0,30666470,POINT (600845.2339230566 7786800.1768315155),C
2023,3106200,1,33147,0,31610244,POINT (609724.637832136 7808701.260165987),C
2023,3106200,1,25110,0,30855240,POINT (603262.9291031968 7796892.023504492),C
2023,3106200,1,10945,0,30730430,POINT (605927.2164084428 7797595.948033502),C
2023,3106200,1,28291,0,30575835,POINT (606867.5170535569 7790856.6777340155),C
2023,3106200,1,16293,0,31842210,POINT (612867.5618469551 7806695.686362867),C
2023,3106200,1,33147,0,30555140,POINT (606868.7321208501 7793292.521983944),C
2023,3106200,1,25390,0,30865030,POINT (602446.8775576684 7798063.114750335),C
2023,3106200,1,33121,0,30532230,POINT (604114.6292818639 7794453.639841104),C
2023,3106200,1,16293,0,30690130,POINT (599638.7030111821 7790489.47038281),C
2023,3106200,1,33147,0,30570020,POINT (606316.5151311163 7793163.110640684),C
2023,3106200,1,33210,0,30570080,POINT (606506.1516727965 7792688.037866956),C
2023,3106200,1,18130,0,31844090,POINT (613330.3505625217 7805950.004995583),C
2023,3106200,1,29506,0,31255210,POINT (608975.5327576961 7802077.900814832),C
2023,3106200,1,24521,0,30881560,POINT (603295.1248857541 7800620.939455384),C
2023,3106200,1,22226,0,31744590,POINT (610759.6393223123 7808594.248370767),C
2023,3106200,1,20142,0,30170008,POINT (609756.9865681406 7795542.851740453),C
2023,3106200,1,33295,0,30626400,POINT (603720.481739379 7788263.801378217),C
2023,3106200,1,18113,0,31110750,POINT (610669.9160511559 7799329.548202507),C
2023,3106200,1,10961,0,31578410,POINT (604089.0905988298 7809119.587221706),C
2023,3106200,1,28330,0,30620090,POINT (604339.0815215543 7789970.409783619),C
2023,3106200,1,33147,0,31555330,POINT (606811.4038648639 7806146.629777831),C
2023,3106200,1,33210,0,30520050,POINT (603640.0963257805 7794319.281319425),C
2023,3106200,1,10911,0,31270065,POINT (609914.2733495876 7803305.552921947),C
2023,3106200,1,33295,0,30622350,POINT (605147.1599183967 7789595.218479019),C
2023,3106200,1,33147,0,30270480,POINT (615108.5610327065 7796792.337958347),C
2023,3106200,1,22293,0,30130141,POINT (611623.2563022304 7795304.397508532),C
2023,3106200,1,10961,0,30882370,POINT (603407.3449246226 7801553.168370109),C
2023,3106200,1,25390,0,31744590,POINT (610759.6393223123 7808594.248370767),C
2023,3106200,1,25128,0,31250430,POINT (609342.2897789645 7800861.328014515),C
2023,3106200,1,29301,0,31610220,POINT (609968.3356101515 7808674.844616608),C
2023,3106200,1,25322,0,30575716,POINT (606581.7499022173 7789995.39099991),C
2023,3106200,1,32990,0,31746140,POINT (611552.4845061599 7808537.487169512),C
2023,3106200,1,10538,0,31742324,POINT (611484.7845479767 7807399.65025804),C
2023,3106200,1,18300,0,31255180,POINT (609435.7384449337 7802070.971322649),C
2023,3106200,1,14126,0,31155570,POINT (611766.5106126588 7802785.166167326),C
2023,3106200,1,14126,0,30620090,POINT (604339.0815215543 7789970.409783619),C
2023,3106200,1,14126,0,31130680,POINT (610969.1963779688 7800646.523022792),C
2023,3106200,1,14126,0,30530310,POINT (604639.3433295678 7795990.368531991),C
2023,3106200,1,14126,0,30720390,POINT (606927.7008015682 7796729.494241174),C
2023,3106200,1,14126,0,30664792,POINT (601146.7968045159 7787210.446052103),C
2023,3106200,1,14126,0,31015150,POINT (612477.1630226554 7797698.616031043),C
2023,3106200,1,14126,0,30411228,POINT (608074.4164608155 7795978.212271491),C
2023,3106200,1,14126,0,30431048,POINT (608180.4764687552 7795531.284745106),C
2023,3106200,1,14126,0,30140081,POINT (611774.3071463571 7795769.975742307),C
2023,3106200,1,14126,0,30220000,POINT (612909.3467211042 7794956.31069012),C
2023,3106200,1,14126,0,30411127,POINT (606924.0077265123 7794684.9279429205),C
2023,3106200,1,14126,0,31050200,POINT (616140.1551476994 7799143.615463249),C
2023,3106200,1,14126,0,30220000,POINT (612909.3467211042 7794956.31069012),C
2023,3106200,1,14126,0,30220060,POINT (612756.748270659 7794784.68231079),C
2023,3106200,1,14126,0,30411200,POINT (608358.7370542281 7796032.049548369),C
2023,3106200,1,14126,0,30668272,POINT (601324.7231788054 7788008.117334845),C
2023,3106200,1,14126,0,30170131,POINT (610601.5686101562 7797217.134800181),C
2023,3106200,1,14126,0,31170360,POINT (612283.3384973195 7800700.222548446),C
2023,3106200,1,14126,0,30668200,POINT (601158.007937541 7788311.421855679),C
2023,3106200,1,14126,0,31230450,POINT (609357.9789537207 7799686.851815447),C
2023,3106200,1,14126,0,30710050,POINT (610128.8895921358 7797674.865683958),C
2023,3106200,1,14126,0,31130560,POINT (610911.3490999773 7799910.583454495),C
2023,3106200,1,14126,0,31360090,POINT (603737.3026495228 7802211.221122577),C
2023,3106200,1,14126,0,31840040,POINT (612940.0328226201 7805514.159691291),C
2023,3106200,1,14126,0,30730670,POINT (606283.6943041629 7798335.829838028),C
2023,3106200,1,14126,0,31746065,POINT (611135.611327356 7809135.773701949),C
2023,3106200,1,14126,0,31110050,POINT (611724.3454627277 7798270.49813969),C
2023,3106200,1,14126,0,30710010,POINT (609859.2705173641 7797843.611382339),C
2023,3106200,1,14126,0,31030120,POINT (612677.2303905365 7798201.840368564),C
2023,3106200,1,14126,0,30575070,POINT (607792.7688572339 7791712.886108705),C
2023,3106200,1,14126,0,30441021,POINT (608922.3378271834 7795596.175059539),C
2023,3106200,1,14126,0,31950060,POINT (615216.5926797925 7802019.17490428),C
2023,3106200,1,10961,15,31746001,POINT (611082.3675802149 7809448.478181628),C
2023,3106200,1,25322,17,30692675,POINT (600016.2129733626 7788439.090035167),C
2023,3106200,1,27902,14,31130080,POINT (610361.3577386823 7800085.881122831),C
2023,3106200,1,18130,43,31130020,POINT (610450.2868759137 7800118.065887911),C
2023,3106200,1,10911,18,30881410,POINT (603263.0113017374 7800256.092648676),C
2023,3106200,1,10911,17,30532080,POINT (604240.7231217829 7795132.6194064235),C
2023,3106200,1,25438,17,31255180,POINT (609435.7384449337 7802070.971322649),C
2023,3106200,1,10911,62,30411450,POINT (607600.4640924456 7796244.03769976),C
2023,3106200,1,33210,14,30110072,POINT (609626.6869249954 7797270.000199093),C
2023,3106200,1,10911,56,31910585,POINT (612844.7253093113 7803378.026956543),C
2023,3106200,1,10911,46,30532210,POINT (604313.3269934595 7794736.029676156),C
2023,3106200,1,28232,12,31210030,POINT (610473.4696665148 7798323.4050673675),C
2023,3106200,1,10139,22,31814620,POINT (612500.986673834 7805310.113091268),C
2023,3106200,1,10139,137,31330142,POINT (604190.2882792256 7801536.951888979),C
2023,3106200,1,22226,33,30664000,POINT (600401.747247779 7788334.724737674),C
2023,3106200,1,27406,33,31710400,POINT (609483.2838780407 7805454.395819402),C
2023,3106200,1,32507,16,30170133,POINT (610828.2761808513 7796667.523886204),C
2023,3106200,1,31012,25,30662060,POINT (600432.9959300732 7789229.748579523),C
2023,3106200,1,33139,21,30710430,POINT (608444.8720568761 7797691.136579532),C
2023,3106200,1,25128,21,30431420,POINT (607924.9512502186 7793977.189519709),C
2023,3106200,1,11224,14,31255090,POINT (609172.5777710284 7801843.303126637),C
2023,3106200,1,10996,15,31742248,POINT (611289.4193671917 7807069.464336034),C
2023,3106200,1,10911,18,31535200,POINT (606470.9797317077 7808605.141818322),C
2023,3106200,1,10911,17,30190003,POINT (610017.5978690815 7796838.669406331),C
2023,3106200,1,10911,117,30575180,POINT (607667.3987230305 7790867.846350442),C
2023,3106200,1,22293,16,31080220,POINT (614164.9635509833 7800461.391195033),C
2023,3106200,1,33163,15,31270310,POINT (609404.8488701548 7803570.120010533),C
2023,3106200,1,32400,13,31260200,POINT (610572.8799781285 7803919.6165119875),C
2023,3106200,1,13596,15,31130750,POINT (611049.6885634554 7800916.738234251),C
2023,3106200,1,31012,12,31150040,POINT (609905.4807101112 7801251.928287696),C
2023,3106200,1,28542,12,30710140,POINT (609826.0239704206 7797457.131751835),C
2023,3106200,1,25993,15,31742370,POINT (611774.2814808106 7807597.078302119),C
2023,3106200,1,10911,53,30870100,POINT (604095.4858176139 7798756.657046567),C
2023,3106200,1,18130,34,30532140,POINT (604148.8434279454 7794892.987070184),C
2023,3106200,1,10911,13,31510480,POINT (608809.5701218012 7808151.083137518),C
2023,3106200,1,18130,16,30390120,POINT (607192.4385013673 7788021.3567444235),C
2023,3106200,1,20622,16,31255200,POINT (608851.5216657304 7801730.820281412),C
2023,3106200,1,13545,119,30390085,POINT (607991.7886752043 7796755.870236513),C
2023,3106200,1,10911,20,30710580,POINT (608645.4300796513 7797799.153700128),C
2023,3106200,1,11224,23,31255210,POINT (608975.5327576961 7802077.900814832),C
2023,3106200,1,33121,12,31150440,POINT (609964.3234360057 7801738.357234959),C
2023,3106200,1,10911,63,31255780,POINT (609993.5491579833 7803572.365639292),C
2023,3106200,1,10961,21,31814620,POINT (612500.986673834 7805310.113091268),C
2023,3106200,1,28542,23,30855075,POINT (602166.5093241229 7796274.376227353),C
2023,3106200,1,25322,32,31730553,POINT (610962.2813024028 7806556.942426389),C
2023,3106200,1,28615,109,30310030,POINT (611832.1930009689 7794733.085154831),C
2023,3106200,1,32507,179,30575815,POINT (607321.1505097745 7790464.135914478),C
2023,3106200,1,10911,25,30644010,POINT (603234.5546860198 7789059.681398008),C
2023,3106200,1,10996,13,31515200,POINT (609278.3153140051 7807817.0868899515),C
2023,3106200,1,10911,21,30330180,POINT (610982.8051060706 7794581.421476648),C
2023,3106200,1,10911,13,30730400,POINT (605378.3046202667 7797591.206480481),C
2023,3106200,1,10911,27,30441110,POINT (608990.1763404558 7795213.0370167205),C
2023,3106200,1,10112,238,31260490,POINT (611896.5361493656 7803117.967886934),C
2023,3106200,1,29492,12,31130194,POINT (609914.7085226893 7800464.835599992),C
2023,3106200,1,13405,144,30626480,POINT (603971.2665401213 7787924.638619622),C
2023,3106200,1,10996,15,30110071,POINT (609339.1448539246 7797268.5207721535),C
2023,3106200,1,27104,85,30668277,POINT (601757.5898812293 7786912.287255617),C
2023,3106200,1,32990,14,30850290,POINT (604633.5135650516 7797251.596856117),C
2023,3106200,1,33121,16,30620180,POINT (604761.7549871485 7790124.862138405),C
2023,3106200,1,25993,12,31540610,POINT (606458.0880382793 7806259.700042948),C
2023,3106200,1,33147,49,31330430,POINT (605399.8550685986 7800590.12580206),C
2023,3106200,1,10911,12,30575100,POINT (607497.612136345 7791386.383879929),C
2023,3106200,1,26515,307,30455610,POINT (608423.4709020393 7791565.768265323),C
2023,3106200,1,10911,19,31080150,POINT (614122.9943986813 7800702.298165232),C
2023,3106200,1,25390,15,30855075,POINT (602166.5093241229 7796274.376227353),C
2023,3106200,1,10911,12,31255780,POINT (609993.5491579833 7803572.365639292),C
2023,3106200,1,10112,32,30620330,POINT (603788.9694509238 7789309.094565098),C
2023,3106200,1,18113,16,30421448,POINT (607552.9790295131 7793969.629045379),C
2023,3106200,1,33121,19,30280180,POINT (614801.5559219616 7798643.562445326),C
2023,3106200,1,26400,167,30810000,POINT (606748.5182189122 7799645.723718284),C
2023,3106200,1,25993,14,30810000,POINT (606748.5182189122 7799645.723718284),C
2023,3106200,1,33121,14,31140030,POINT (611951.4550706983 7799188.14204379),C
2023,3106200,1,27902,25,30494280,POINT (611099.9851163704 7802704.814226203),C
2023,3106200,1,10911,18,30110005,POINT (611733.4325626278 7797706.4536249265),C
2023,3106200,1,10945,33,31570140,POINT (606681.4691262849 7808982.162887461),C
2023,3106200,1,20622,28,30512750,POINT (604298.9374400357 7793954.535414392),C
2023,3106200,1,24229,286,30110044,POINT (610824.8288502372 7794866.622822353),C
2023,3106200,1,10911,17,30320060,POINT (611217.6255828653 7792857.117105709),C
2023,3106200,1,18300,14,30494080,POINT (608156.2294777605 7793074.274261529),C
2023,3106200,1,32990,15,30642400,POINT (603551.5866002867 7789754.982316736),C
2023,3106200,1,32116,22,30240360,POINT (613291.467536167 7796307.023732036),C
2023,3106200,1,29417,14,31990055,POINT (616217.0019699165 7805049.280408451),C
2023,3106200,1,25993,102,31170210,POINT (612619.2495434436 7800650.292491173),C
2023,3106200,1,32922,21,31230000,POINT (608376.9122705897 7798971.719173583),C
2023,3106200,1,10911,12,30150221,POINT (612339.2300559066 7796548.671680529),C
2023,3106200,1,22293,105,31872800,POINT (612812.3070687593 7807311.693983128),C
2023,3106200,1,10139,19,31160670,POINT (612065.2857311361 7802694.084113402),C
2023,3106200,1,10945,24,30775330,POINT (607926.1953868801 7799782.281670458),C
2023,3106200,1,16226,40,31578540,POINT (604416.3058473036 7808626.093512535),C
2023,3106200,1,23991,44,30390085,POINT (607991.7886752043 7796755.870236513),C
2023,3106200,1,10911,25,31230240,POINT (609158.2899201019 7800235.375844529),C
2023,3106200,1,25322,12,31730640,POINT (610785.604018369 7806239.155665088),C
2023,3106200,1,10911,12,30180130,POINT (610522.6655275377 7795760.468384217),C
2023,3106200,1,25322,77,30870100,POINT (604095.4858176139 7798756.657046567),C
2023,3106200,1,10961,55,31515200,POINT (609278.3153140051 7807817.0868899515),C
2023,3106200,1,10911,38,31310130,POINT (606561.445321804 7802746.795307605),C
2023,3106200,1,10911,25,30320570,POINT (610540.6820415074 7790907.247806389),C
2023,3106200,1,31012,22,31680350,POINT (605687.3816203476 7810585.041394808),C
2023,3106200,1,14126,31,30190111,POINT (609777.3458425642 7796031.324799054),C
2023,3106200,1,14126,15,30514130,POINT (604776.8175048645 7793001.234994955),C
2023,3106200,1,14126,38,30855075,POINT (602166.5093241229 7796274.376227353),C
2023,3106200,1,14126,159,30411030,POINT (608473.8862351825 7797083.621063193),C
2023,3106200,1,10911,0,30575500,POINT (606635.058080887 7791346.403415339),C
2023,3106200,1,25390,0,30855445,POINT (602773.6884191784 7796038.302007045),C
2023,3106200,1,32400,0,31150620,POINT (611021.6838349066 7801333.78903761),C
2023,3106200,1,33147,0,30525490,POINT (602596.396970981 7795199.030604951),C
2023,3106200,1,33295,0,31515225,POINT (609116.7520869675 7807622.43937345),C
2023,3106200,1,33147,0,31578500,POINT (604220.184359241 7808590.724695073),C
2023,3106200,1,18130,0,31520000,POINT (607976.6224041866 7808360.5809374275),C
2023,3106200,1,33163,0,31655230,POINT (606173.5202376362 7811539.256308735),C
2023,3106200,1,31012,0,30580020,POINT (606365.5567681289 7792101.258567938),C
2023,3106200,1,14134,0,30285420,POINT (615347.0748480924 7796995.596916285),C
2023,3106200,1,18211,0,30180000,POINT (608686.9574974033 7797575.502738768),C
2023,3106200,1,23303,0,31950020,POINT (614968.1679763125 7802216.812450256),C
2023,3106200,1,31012,0,30610560,POINT (604888.4052032249 7791279.694336228),C
2023,3106200,1,18113,0,31620380,POINT (608098.7709477362 7810103.1352739055),C
2023,3106200,1,33121,0,30575847,POINT (606838.3749250032 7790222.36298201),C
2023,3106200,1,31012,0,31870150,POINT (614587.0071962248 7804941.398024837),C
2023,3106200,1,18300,0,31170210,POINT (612619.2495434436 7800650.292491173),C
2023,3106200,1,33147,0,31814090,POINT (612546.6133723044 7804208.857691856),C
2023,3106200,1,18211,0,30520460,POINT (602698.714340496 7794979.650738188),C
2023,3106200,1,14134,0,31130192,POINT (609964.8863336119 7800566.72297683),C
2023,3106200,1,20916,0,31060460,POINT (614784.5174737403 7799931.000013251),C
2023,3106200,1,25390,0,30610270,POINT (604697.2798533292 7792331.86728231),C
2023,3106200,1,23915,0,30390010,POINT (606851.2640922598 7787686.63930339),C
2023,3106200,1,33147,0,31573300,POINT (605555.1178977479 7809133.58060289),C
2023,3106200,1,15211,0,31660000,POINT (606967.7668524551 7809889.611454338),C
2023,3106200,1,33139,0,30710470,POINT (608143.7327940238 7797937.019194316),C
2023,3106200,1,18229,0,30285080,POINT (615256.2361432153 7797667.833703182),C
2023,3106200,1,28402,0,31980180,POINT (613602.940077005 7804015.915598525),C
2023,3106200,1,33147,0,31255180,POINT (609435.7384449337 7802070.971322649),C
2023,3106200,1,18229,0,31160240,POINT (611740.1583850461 7801334.983461941),C
2023,3106200,1,18113,0,31330142,POINT (604190.2882792256 7801536.951888979),C
2023,3106200,1,33210,0,31010430,POINT (613816.003215062 7797949.437479721),C
2023,3106200,1,16226,0,31744335,POINT (610730.1823557201 7807567.956540606),C
2023,3106200,1,33147,0,31741161,POINT (609647.8385946883 7806075.872852941),C
2023,3106200,1,33147,0,30550390,POINT (606265.335201818 7793586.441944443),C
2023,3106200,1,28224,0,31742790,POINT (612468.2130822621 7808140.610954782),C
2023,3106200,1,10961,0,30620030,POINT (604405.5426017607 7790690.66410213),C
2023,3106200,1,31012,0,30644090,POINT (603276.2059826059 7788934.429126895),C
2023,3106200,1,10961,0,30516030,POINT (605905.5874292662 7793386.747240872),C
2023,3106200,1,10911,0,31585310,POINT (604100.337779527 7808012.089018199),C
2023,3106200,1,18229,0,30180110,POINT (610590.2267319143 7797375.6470610015),C
2023,3106200,1,32116,0,31360190,POINT (603697.4969235734 7802070.490698505),C
2023,3106200,1,15211,0,30320400,POINT (611084.6977800715 7791811.844185061),C
2023,3106200,1,21238,0,31035536,POINT (613762.3819830475 7801419.361824502),C
2023,3106200,1,33147,0,31070460,POINT (615805.6312593301 7800139.282025095),C
2023,3106200,1,28127,0,31270790,POINT (609746.4606839895 7803390.87862567),C
2023,3106200,1,10911,0,30295190,POINT (616853.1216634717 7797391.3593160445),C
2023,3106200,1,33147,0,31970695,POINT (616671.6205979723 7803387.384653379),C
2023,3106200,1,10911,0,30580040,POINT (606100.0195078974 7792194.646923586),C
2023,3106200,1,18130,0,30575180,POINT (607667.3987230305 7790867.846350442),C
2023,3106200,1,25390,0,30830510,POINT (603965.0470432278 7799888.462461035),C
2023,3106200,1,29506,0,31550550,POINT (606560.2660136593 7806424.185174387),C
2023,3106200,1,32507,0,30190050,POINT (611073.4546152669 7796686.136381081),C
2023,3106200,1,10911,0,30130148,POINT (611566.1010260034 7794992.114328375),C
2023,3106200,1,16234,0,30380260,POINT (609743.6317387008 7794331.721722767),C
2023,3106200,1,25390,0,31810260,POINT (611733.3609213362 7803866.600903478),C
2023,3106200,1,33121,0,30421023,POINT (607216.118210076 7796201.382171855),C
2023,3106200,1,32990,0,30510290,POINT (605453.783732019 7794799.660257881),C
2023,3106200,1,10139,0,31270220,POINT (609246.678216413 7803322.249527147),C
2023,3106200,1,31012,0,31035070,POINT (613835.3400772979 7798862.763577872),C
2023,3106200,1,25390,0,30690480,POINT (599434.983366786 7790865.760898146),C
2023,3106200,1,33139,0,30820272,POINT (604815.9090273551 7798316.57051305),C
2023,3106200,1,10996,0,31230640,POINT (609395.6357194631 7799763.809579137),C
2023,3106200,1,10538,0,31980370,POINT (613510.5039075899 7804490.775394517),C
2023,3106200,1,32990,0,30575590,POINT (606422.1421991535 7791149.524157577),C
2023,3106200,1,10937,0,30220300,POINT (613481.3932065455 7794741.177053175),C
2023,3106200,1,14142,0,30411137,POINT (608653.4694456152 7796294.743961436),C
2023,3106200,1,25390,0,31365170,POINT (604428.7181586866 7802417.596335577),C
2023,3106200,1,10911,0,30820560,POINT (604644.3653426656 7798977.280754285),C
2023,3106200,1,31012,0,31015254,POINT (612347.307768153 7798117.579411653),C
2023,3106200,1,33147,0,31580500,POINT (604697.9673238986 7807473.379407806),C
2023,3106200,1,18211,0,31130020,POINT (610450.2868759137 7800118.065887911),C
2023,3106200,1,33198,0,31170750,POINT (612765.5629079834 7801549.953238074),C
2023,3106200,1,10911,0,30140084,POINT (611423.8038610768 7795883.166026878),C
2023,3106200,1,18130,0,30690620,POINT (599012.1009577336 7791183.271171642),C
2023,3106200,1,18130,0,30710070,POINT (610225.0339334316 7797499.555112356),C
2023,3106200,1,24113,0,30140120,POINT (611513.5028615231 7795263.735089077),C
2023,3106200,1,18211,0,31110656,POINT (611512.0241806068 7798757.396145284),C
2023,3106200,1,25322,0,30770310,POINT (607436.318110879 7798394.40696878),C
2023,3106200,1,31012,0,30810170,POINT (605852.3056743585 7799021.084926483),C
2023,3106200,1,10961,0,30775500,POINT (607729.0931255392 7799066.793002086),C
2023,3106200,1,18130,0,30710543,POINT (609178.9915031848 7798119.879584735),C
2023,3106200,1,18130,0,30770350,POINT (607625.9217390125 7798465.356636092),C
2023,3106200,1,25390,0,31130602,POINT (610726.4446142837 7800603.942885922),C
2023,3106200,1,18229,0,31015025,POINT (613407.5374869603 7798032.022641376),C
2023,3106200,1,27406,0,30530720,POINT (604099.2141637327 7795939.648013888),C
2023,3106200,1,25438,0,30610100,POINT (603609.358607244 7792916.040290019),C
2023,3106200,1,29506,0,31640007,POINT (607688.4239990121 7810060.013484908),C
2023,3106200,1,17419,0,31560200,POINT (607673.8073741391 7806531.948137606),C
2023,3106200,1,26515,0,30520090,POINT (603795.9852653041 7794439.405320058),C
2023,3106200,1,10911,0,31980670,POINT (614005.7736939671 7804291.551277896),C
2023,3106200,1,32990,0,30692500,POINT (599265.5935162213 7789198.481181366),C
2023,3106200,1,10961,0,30666340,POINT (600882.173689462 7786651.00966384),C
2023,3106200,1,14134,0,31844290,POINT (614069.9976499594 7805983.210972285),C
2023,3106200,1,25322,0,31255180,POINT (609435.7384449337 7802070.971322649),C
2023,3106200,1,33121,0,30535440,POINT (605449.9134015141 7796220.79311312),C
2023,3106200,1,25128,0,31950000,POINT (614771.1795141533 7802575.627140684),C
2023,3106200,1,32116,0,31230120,POINT (608760.3752331393 7798751.8739949465),C
2023,3106200,1,11119,0,30330160,POINT (611036.3742859678 7794255.3333402965),C
2023,3106200,1,33147,0,31930250,POINT (614614.0971109364 7803038.3525926145),C
2023,3106200,1,22226,0,30640240,POINT (602308.3382767267 7791376.110507819),C
2023,3106200,1,23303,0,31555000,POINT (606835.4327794883 7805179.9669651305),C
2023,3106200,1,25128,0,31110780,POINT (611051.2439472949 7799403.755201399),C
2023,3106200,1,31012,0,30620150,POINT (604364.4398840135 7789553.9322467),C
2023,3106200,1,32507,0,30110047,POINT (610394.5529297931 7795117.897693858),C
2023,3106200,1,33139,0,30610670,POINT (605202.8257887582 7790852.667869085),C
2023,3106200,1,33147,0,30692180,POINT (598800.8099527645 7790063.671903565),C
2023,3106200,1,16293,0,30626710,POINT (603900.5111056217 7787764.791336087),C
2023,3106200,1,18130,0,30610170,POINT (603543.3635024398 7792972.823486686),C
2023,3106200,1,18130,0,31910310,POINT (613092.8932280082 7802967.704979852),C
2023,3106200,1,25322,0,30668305,POINT (601338.2234430754 7787979.322477013),C
2023,3106200,1,25128,0,30881520,POINT (603190.1072825221 7799159.547194641),C
2023,3106200,1,31012,0,30575180,POINT (607667.3987230305 7790867.846350442),C
2023,3106200,1,33198,0,30140069,POINT (610735.2785343122 7796327.158368234),C
2023,3106200,1,28224,0,31578660,POINT (604051.8380966614 7808422.599756038),C
2023,3106200,1,25390,0,30668170,POINT (601241.6673547891 7788174.497433484),C
2023,3106200,1,22293,0,30640500,POINT (602229.7285956728 7790653.657122303),C
2023,3106200,1,33139,0,30840490,POINT (605109.4779254217 7800463.307626515),C
2023,3106200,1,10961,0,30710320,POINT (608747.3364515922 7797703.974026665),C
2023,3106200,1,33112,0,30530150,POINT (604629.3594815523 7796036.602951117),C
2023,3106200,1,33210,0,31730700,POINT (610615.8192149529 7806159.182674713),C
2023,3106200,1,33121,0,31255710,POINT (610090.3180170024 7803264.886266683),C
2023,3106200,1,23303,0,31160260,POINT (611838.7155493901 7801431.747008142),C
2023,3106200,1,10945,0,31110590,POINT (611416.5540070938 7798911.228233583),C
2023,3106200,1,33139,0,31170750,POINT (612765.5629079834 7801549.953238074),C
2023,3106200,1,32507,0,30170130,POINT (611018.0487169141 7797413.578754906),C
2023,3106200,1,31012,0,31655600,POINT (606490.2910117202 7811167.4277531095),C
2023,3106200,1,32990,0,30662320,POINT (600868.3506174091 7789370.130347381),C
2023,3106200,1,13529,0,31525200,POINT (607422.9292959636 7807527.830776541),C
2023,3106200,1,26108,0,30280220,POINT (614676.6762894238 7798518.342326816),C
2023,3106200,1,20631,0,31660270,POINT (606048.273953369 7810789.513021462),C
2023,3106200,1,18211,0,30180110,POINT (610590.2267319143 7797375.6470610015),C
2023,3106200,1,33147,0,30441036,POINT (609154.3731103084 7795270.465264007),C
2023,3106200,1,10520,0,30150150,POINT (611732.5608229954 7797051.034228997),C
2023,3106200,1,15319,0,30710560,POINT (608532.1862748641 7797963.427054018),C
2023,3106200,1,10911,0,31330250,POINT (604889.6456417392 7801611.336372934),C
2023,3106200,1,32116,0,30180121,POINT (609948.7116242187 7795971.235123023),C
2023,3106200,1,31012,0,30285280,POINT (615868.2805464576 7798401.717730435),C
2023,3106200,1,31012,0,30880320,POINT (602962.393610269 7798545.103156935),C
2023,3106200,1,33198,0,30350280,POINT (610483.8544606344 7793644.819722605),C
2023,3106200,1,22218,0,30710290,POINT (609073.2852633041 7798022.512630798),C
2023,3106200,1,10911,0,30130141,POINT (611623.2563022304 7795304.397508532),C
2023,3106200,1,25934,0,31230250,POINT (608745.0600936399 7799515.897026115),C
2023,3106200,1,10911,0,31530530,POINT (606808.1914362962 7807830.836438632),C
2023,3106200,1,33210,0,31250620,POINT (609255.3914133228 7801121.116943665),C
2023,3106200,1,33147,0,31748332,POINT (611378.0222682814 7809906.745369148),C
2023,3106200,1,33198,0,30411335,POINT (607550.9524373166 7796302.485156796),C
2023,3106200,1,25411,0,31250250,POINT (609039.3012767851 7800413.658195458),C
2023,3106200,1,33210,0,31960280,POINT (614717.0431101926 7803729.5337886475),C
2023,3106200,1,10911,0,31250130,POINT (608631.5444573899 7800114.132212527),C
2023,3106200,1,31012,0,31744570,POINT (611320.3766342825 7808349.272356607),C
2023,3106200,1,18130,0,31235000,POINT (609727.4246189316 7799791.613135659),C
2023,3106200,1,33147,0,31970617,POINT (617979.0102607924 7803838.507987332),C
2023,3106200,1,20631,0,31110750,POINT (610669.9160511559 7799329.548202507),C
2023,3106200,1,33295,0,31310200,POINT (606718.8504130216 7802681.179847708),C
2023,3106200,1,33147,0,31150380,POINT (610003.1819156614 7801693.530970604),C
2023,3106200,1,32990,0,30881060,POINT (602548.3877507427 7799151.823344428),C
2023,3106200,1,10911,0,31555200,POINT (606792.2356425831 7806063.813298638),C
2023,3106200,1,10945,0,30530130,POINT (604520.8089511236 7796132.1512635425),C
2023,3106200,1,25420,0,30855070,POINT (603353.8552964707 7796131.927439685),C
2023,3106200,1,10538,0,31565100,POINT (608150.6397655045 7806544.731713871),C
2023,3106200,1,33210,0,30620590,POINT (604937.0560654245 7790107.065177627),C
2023,3106200,1,10520,0,31360350,POINT (605064.9382830149 7804623.222432444),C
2023,3106200,1,10911,0,30840160,POINT (604464.0549204927 7800402.049978096),C
2023,3106200,1,28127,0,31255180,POINT (609435.7384449337 7802070.971322649),C
2023,3106200,1,25390,0,31744305,POINT (610299.5909027607 7807100.609798339),C
2023,3106200,1,24512,0,30170011,POINT (610733.6259959885 7796131.208374753),C
2023,3106200,1,10911,0,30530440,POINT (604489.2806951868 7795730.117389761),C
2023,3106200,1,29492,0,30710630,POINT (608613.2876478983 7797445.389217867),C
2023,3106200,1,32507,0,30441039,POINT (609385.1010810083 7795447.53293295),C
2023,3106200,1,28291,0,31741405,POINT (611514.3772631912 7804668.044513907),C
2023,3106200,1,17338,0,30640755,POINT (613407.6453949371 7804801.394789339),C
2023,3106200,1,10961,0,30840030,POINT (604238.5557198136 7799902.381106524),C
2023,3106200,1,25420,0,31872670,POINT (616143.1065990325 7808408.833570207),C
2023,3106200,1,10911,0,30775330,POINT (607926.1953868801 7799782.281670458),C
2023,3106200,1,18130,0,31910442,POINT (613189.8261452989 7802182.818767682),C
2023,3106200,1,26515,0,30520370,POINT (602440.5476762779 7794620.908414337),C
2023,3106200,1,14134,0,31150690,POINT (611057.6530125282 7801776.07268036),C
2023,3106200,1,33139,0,30840080,POINT (604477.6423933199 7799936.241765538),C
2023,3106200,1,18300,0,31160015,POINT (611475.0898606143 7800670.1533827735),C
2023,3106200,1,25420,0,31585200,POINT (603925.7610327915 7807721.525745833),C
2023,3106200,1,28216,0,30620150,POINT (604364.4398840135 7789553.9322467),C
2023,3106200,1,33147,0,30840630,POINT (604843.3970308283 7799945.968807413),C
2023,3106200,1,33147,0,31230450,POINT (609357.9789537207 7799686.851815447),C
2023,3106200,1,25993,0,30150350,POINT (612873.3098438638 7796204.546729462),C
2023,3106200,1,10911,0,30662120,POINT (600221.9062509616 7789709.934808099),C
2023,3106200,1,32507,0,31560380,POINT (607481.1782438388 7806386.990992439),C
2023,3106200,1,31012,0,31370641,POINT (603721.6879175603 7807248.845279584),C
2023,3106200,1,15211,0,31980300,POINT (613435.603274215 7804284.557652464),C
2023,3106200,1,32507,0,31840110,POINT (612621.5908478183 7805546.254117053),C
2023,3106200,1,25128,0,31842610,POINT (613211.1467180141 7805963.0705221165),C
2023,3106200,1,33198,0,31660000,POINT (606967.7668524551 7809889.611454338),C
2023,3106200,1,25420,0,31035350,POINT (613149.5314160131 7799176.02867816),C
2023,3106200,1,33210,0,30720320,POINT (607111.6898023773 7797387.858197708),C
2023,3106200,1,33139,0,30441194,POINT (608795.7941972077 7793950.743699938),C
2023,3106200,1,25993,0,31610120,POINT (609806.0269648768 7808411.5477859285),C
2023,3106200,1,10911,0,30411335,POINT (607550.9524373166 7796302.485156796),C
2023,3106200,1,27902,0,31310260,POINT (607029.0916696028 7800397.861741317),C
2023,3106200,1,23303,0,30882400,POINT (603608.1003643943 7801291.971086203),C
2023,3106200,1,33147,0,30180003,POINT (609977.0423765152 7796482.923357677),C
2023,3106200,1,15297,0,30881320,POINT (603348.4876205793 7800020.470040882),C
2023,3106200,1,33147,0,30532290,POINT (603965.5888014829 7794283.692698639),C
2023,3106200,1,31012,0,31520395,POINT (607236.9016242375 7808526.337332586),C
2023,3106200,1,32507,0,31578510,POINT (604335.3818368604 7808789.759424575),C
2023,3106200,1,28232,0,31741110,POINT (609716.8210846769 7805407.5509932535),C
2023,3106200,1,33147,0,31130240,POINT (610153.5085814991 7800253.412363075),C
2023,3106200,1,33147,0,30666370,POINT (601035.271290738 7786540.456965113),C
2023,3106200,1,33121,0,30190002,POINT (610079.2202604454 7796789.725624727),C
2023,3106200,1,31012,0,30626470,POINT (603850.9651983917 7788072.923156159),C
2023,3106200,1,31012,0,30530130,POINT (604520.8089511236 7796132.1512635425),C
2023,3106200,1,14134,0,30285120,POINT (615537.3744697203 7798100.058404024),C
2023,3106200,1,25128,0,31540240,POINT (605416.2904074626 7807288.2526609665),C
2023,3106200,1,23915,0,31810280,POINT (611893.3296851609 7803377.569169767),C
2023,3106200,1,22293,0,31360280,POINT (603316.1610232469 7802400.336611465),C
2023,3106200,1,18211,0,30575080,POINT (607754.2269933701 7791600.251311405),C
2023,3106200,1,10139,0,30881170,POINT (602716.8834441644 7799547.311011462),C
2023,3106200,1,31012,0,31870540,POINT (615210.9194279688 7806086.154787097),C
2023,3106200,1,31012,0,31930585,POINT (613696.1995169262 7803324.361242149),C
2023,3106200,1,33139,0,30494270,POINT (609194.0584368882 7791863.435797977),C
2023,3106200,1,13511,0,30710543,POINT (609178.9915031848 7798119.879584735),C
2023,3106200,1,10139,0,31730760,POINT (610736.7420123621 7805545.650125942),C
2023,3106200,1,10911,0,31520020,POINT (608611.1228453319 7807967.469825048),C
2023,3106200,1,25110,0,30627155,POINT (603493.2301239467 7789109.705254421),C
2023,3106200,1,31012,0,30865230,POINT (602321.8185106594 7797170.7633976685),C
2023,3106200,1,10911,0,31580000,POINT (605083.0739921834 7807741.498664096),C
2023,3106200,1,25390,0,30660311,POINT (602584.0125347144 7789243.805615183),C
2023,3106200,1,31012,0,30626004,POINT (602564.3215961473 7787926.86947651),C
2023,3106200,1,18130,0,30710270,POINT (609117.31679573 7797960.9866993595),C
2023,3106200,1,33210,0,30130174,POINT (611114.7431662699 7795042.052634915),C
2023,3106200,1,18113,0,30720270,POINT (607328.9574174018 7797210.435955943),C
2023,3106200,1,33147,0,30820272,POINT (604815.9090273551 7798316.57051305),C
2023,3106200,1,14134,0,31365230,POINT (604575.564342904 7802241.804560276),C
2023,3106200,1,31012,0,31525150,POINT (607584.472253258 7807293.521699808),C
2023,3106200,1,33210,0,30411570,POINT (606746.382238738 7796153.340572015),C
2023,3106200,1,32990,0,30570020,POINT (606316.5151311163 7793163.110640684),C
2023,3106200,1,33147,0,30575815,POINT (607321.1505097745 7790464.135914478),C
2023,3106200,1,23303,0,31360280,POINT (603316.1610232469 7802400.336611465),C
2023,3106200,1,31012,0,31870190,POINT (614439.4021931652 7805179.4990559425),C
2023,3106200,1,33139,0,31510430,POINT (608419.6668382131 7808358.7792495135),C
2023,3106200,1,10911,0,30120060,POINT (611263.5189024783 7797065.528301422),C
2023,3106200,1,33210,0,31210450,POINT (609463.4037249489 7797945.383897321),C
2023,3106200,1,14134,0,30150010,POINT (612003.1901355062 7797561.125724214),C
2023,3106200,1,25438,0,30626497,POINT (602740.5093545538 7787642.168714168),C
2023,3106200,1,33163,0,30730560,POINT (605979.9681307905 7797963.843517855),C
2023,3106200,1,18130,0,30710580,POINT (608645.4300796513 7797799.153700128),C
2023,3106200,1,16293,0,31340240,POINT (605513.1493227989 7802739.762054676),C
2023,3106200,1,25993,0,31655550,POINT (606025.2272200106 7811631.670563157),C
2023,3106200,1,32507,0,31710000,POINT (608449.5485371765 7806435.456478054),C
2023,3106200,1,33147,0,30512760,POINT (604368.726248284 7793855.730074776),C
2023,3106200,1,25420,0,31730560,POINT (610835.8607148621 7806591.731772518),C
2023,3106200,1,25128,0,30881212,POINT (602507.5225728967 7799766.714472062),C
2023,3106200,1,31012,0,30285470,POINT (615861.03349354 7797121.0837437045),C
2023,3106200,1,13308,0,31748141,POINT (610954.000027367 7809985.2380080875),C
2023,3106200,1,33163,0,30130145,POINT (611611.9641036309 7795149.321138),C
2023,3106200,1,10317,0,31110370,POINT (610990.0751944059 7798446.165150462),C
2023,3106200,1,33163,0,30380600,POINT (609456.2110889894 7793689.044209998),C
2023,3106200,1,33295,0,30360663,POINT (609542.4121331702 7793668.822861528),C
2023,3106200,1,19225,0,30664002,POINT (600311.939020059 7788639.400773471),C
2023,3106200,1,33210,0,31160080,POINT (611438.445847406 7800854.9704513885),C
2023,3106200,1,25390,0,30660270,POINT (602123.1777830494 7789468.5942739695),C
2023,3106200,1,10911,0,30514410,POINT (605474.8545995991 7793247.780846169),C
2023,3106200,1,10538,0,30455600,POINT (608786.5041173822 7791560.339645181),C
2023,3106200,1,10961,0,31840330,POINT (611593.6851897427 7805929.739035268),C
2023,3106200,1,14134,0,30610020,POINT (603824.254873805 7792805.255315116),C
2023,3106200,1,32507,0,30720100,POINT (607249.9574573492 7797598.11687608),C
2023,3106200,1,10139,0,30421270,POINT (607257.405461442 7795359.045105934),C
2023,3106200,1,10911,0,30310020,POINT (611933.320196798 7794603.75482242),C
2023,3106200,1,31012,0,30580050,POINT (606181.3887560865 7792020.324366827),C
2023,3106200,1,18229,0,30525210,POINT (603344.3165827338 7795545.474951111),C
2023,3106200,1,28224,0,31570230,POINT (607005.9235632033 7809705.310315731),C
2023,3106200,1,15211,0,31640330,POINT (607798.981618756 7810944.064128837),C
2023,3106200,1,33147,0,30620080,POINT (604291.806939054 7790118.250779817),C
2023,3106200,1,32116,0,30535610,POINT (605515.6041521295 7796505.438151167),C
2023,3106200,1,33147,0,31170030,POINT (612349.8512721914 7800053.169823759),C
2023,3106200,1,29506,0,31840050,POINT (613053.8280132645 7806147.677666195),C
2023,3106200,1,18229,0,31330420,POINT (605183.0437556767 7802241.3893298255),C
2023,3106200,1,32507,0,31035460,POINT (612918.7570727789 7799371.850027168),C
2023,3106200,1,10911,0,30870020,POINT (604091.2372317275 7798506.226858875),C
2023,3106200,1,26213,0,30140080,POINT (612336.3748091867 7795969.54760741),C
2023,3106200,1,10317,0,31250380,POINT (609213.7977762237 7800922.908105106),C
2023,3106200,1,25390,0,30642565,POINT (603757.7445336392 7789065.135461568),C
2023,3106200,1,32507,0,30260100,POINT (613799.0024802133 7797001.266690638),C
2023,3106200,1,18130,0,30570360,POINT (607582.4364874554 7792570.974384958),C
2023,3106200,1,25390,0,30627172,POINT (602115.4156808543 7788323.917384665),C
2023,3106200,1,31012,0,30626470,POINT (603850.9651983917 7788072.923156159),C
2023,3106200,1,33210,0,31555300,POINT (606840.4622671539 7805881.938393811),C
2023,3106200,1,23192,0,31742096,POINT (611797.7593677135 7806395.919479736),C
2023,3106200,1,33147,0,31620300,POINT (607813.9335660132 7810433.421180617),C
2023,3106200,1,14134,0,30570740,POINT (606811.7635402364 7792144.359745392),C
2023,3106200,1,33147,0,30820230,POINT (605115.2489180722 7798108.887101822),C
2023,3106200,1,18130,0,31210420,POINT (609659.8760221757 7798498.136949042),C
2023,3106200,1,33147,0,30644260,POINT (602734.0641229489 7789604.66346167),C
2023,3106200,1,18130,0,31110090,POINT (611537.2626413754 7798255.604937762),C
2023,3106200,1,33147,0,30350630,POINT (609840.6145669452 7792087.255424524),C
2023,3106200,1,25438,0,30525030,POINT (603669.9891710316 7795131.616520809),C
2023,3106200,1,33139,0,30525190,POINT (603509.2240176853 7795508.0926361745),C
2023,3106200,1,32990,0,30642470,POINT (603265.7743628088 7789545.174530573),C
2023,3106200,1,10996,0,30310490,POINT (612229.6043150916 7793755.827973844),C
2023,3106200,1,33210,0,31872650,POINT (615933.7139002549 7808520.5297844075),C
2023,3106200,1,33147,0,30190080,POINT (610137.6807498672 7796805.249435494),C
2023,3106200,1,10911,0,31710690,POINT (608994.9813216865 7805889.090315474),C
2023,3106200,1,31012,0,31742218,POINT (611755.551740177 7807181.62379697),C
2023,3106200,1,25390,0,30692646,POINT (599854.2930290836 7788487.316633651),C
2023,3106200,1,32990,0,31530190,POINT (607117.1837977442 7807091.46468437),C
2023,3106200,1,22293,0,30530720,POINT (604099.2141637327 7795939.648013888),C
2023,3106200,1,25993,0,30520000,POINT (603642.5687750804 7793930.521275878),C
2023,3106200,1,10961,0,31920280,POINT (613923.02251154 7801938.2882350385),C
2023,3106200,1,16226,0,30510710,POINT (605014.7429209113 7794140.805684805),C
2023,3106200,1,25128,0,31150210,POINT (610424.4829793458 7801020.755112829),C
2023,3106200,1,17419,0,30550370,POINT (606034.4262214878 7794115.184518399),C
2023,3106200,1,25390,0,31235120,POINT (609219.396620753 7799903.295321938),C
2023,3106200,1,14126,0,30310480,POINT (610634.6706662152 7797880.315475018),C
2023,3106200,1,14126,0,30130160,POINT (611451.3440858969 7795735.166762402),C
2023,3106200,1,14126,0,30110043,POINT (610712.389256229 7794894.291777382),C
2023,3106200,1,14126,0,30626660,POINT (603667.3668152527 7787845.417033439),C
2023,3106200,1,14126,0,30411148,POINT (608784.4782979287 7796490.125707407),C
2023,3106200,1,14126,0,30320765,POINT (609124.718010665 7789174.142474782),C
2023,3106200,1,14126,0,30431225,POINT (608153.3982248106 7795110.642468099),C
2023,3106200,1,14126,0,31920120,POINT (613394.143484139 7801816.513045385),C
2023,3106200,1,14126,0,31310110,POINT (606458.6551167741 7802882.363062682),C
2023,3106200,1,14126,0,30411262,POINT (607762.0368756355 7796207.681156432),C
2023,3106200,1,14126,0,30190118,POINT (609701.4188089722 7795718.03841701),C
2023,3106200,1,14126,0,30510200,POINT (605473.8582872158 7794865.271772061),C
2023,3106200,1,14126,0,30510550,POINT (604631.3509425453 7794622.275116598),C
2023,3106200,1,14126,0,30640000,POINT (602652.3660664924 7790798.705227359),C
2023,3106200,1,14126,0,30662750,POINT (599694.520326267 7789781.555038221),C
2023,3106200,1,14126,0,30575817,POINT (607264.5915313372 7790428.156236669),C
2023,3106200,1,14126,0,30431091,POINT (608421.0733013845 7795821.323782466),C
2023,3106200,1,14126,0,31560200,POINT (607673.8073741391 7806531.948137606),C
2023,3106200,1,14126,0,31260000,POINT (610713.8255285172 7803544.999171257),C
2023,3106200,1,14126,0,31652030,POINT (607815.0575060411 7811705.003194688),C
2023,3106200,1,14126,0,31560220,POINT (607358.8127808816 7805876.132037975),C
2023,3106200,1,14126,0,30190003,POINT (610017.5978690815 7796838.669406331),C
2023,3106200,1,14126,0,30431045,POINT (608102.7115616724 7795560.475000564),C
2023,3106200,1,14126,0,30882670,POINT (603762.3072512787 7801793.882850615),C
2023,3106200,1,14126,0,30170130,POINT (611018.0487169141 7797413.578754906),C
2023,3106200,1,14126,0,30330220,POINT (610855.2245691118 7794184.503608286),C
2023,3106200,1,14126,0,30140085,POINT (610022.2795129151 7796240.320642287),C
2023,3106200,1,14126,0,31980360,POINT (613253.9868014714 7804522.77632332),C
2023,3106200,1,14126,0,30190110,POINT (610020.6128987402 7796908.619789165),C
2023,3106200,1,14126,0,31255200,POINT (608851.5216657304 7801730.820281412),C
2023,3106200,1,14126,0,30350143,POINT (610011.9479304668 7794484.673946038),C
2023,3106200,1,14126,0,30690020,POINT (599326.7857133825 7790631.366809814),C
2023,3106200,1,14126,0,30441063,POINT (609223.2377228987 7795279.186085757),C
2023,3106200,1,14126,0,30150190,POINT (612241.4765912015 7797095.717911378),C
2023,3106200,1,14126,0,31990300,POINT (615528.5321332314 7804882.030649188),C
2023,3106200,1,25993,83,31255180,POINT (609435.7384449337 7802070.971322649),C
2023,3106200,1,32302,19,31515393,POINT (608493.570995013 7807512.046546759),C
2023,3106200,1,25128,35,30670040,POINT (601518.3157554538 7788528.006495368),C
2023,3106200,1,11119,28,30180080,POINT (609297.2604785489 7796892.381366356),C
2023,3106200,1,11135,66,30380403,POINT (609214.9208984424 7794391.229745487),C
2023,3106200,1,21238,199,31565130,POINT (608200.2645354813 7806103.5134324),C
2023,3106200,1,17419,16,31255210,POINT (608975.5327576961 7802077.900814832),C
2023,3106200,1,10911,12,30280450,POINT (614859.63421373 7797947.9723238805),C
2023,3106200,1,10911,23,31910520,POINT (612916.7862198554 7802150.8663604),C
2023,3106200,1,33147,39,31741609,POINT (611104.2662539097 7806131.447182978),C
2023,3106200,1,22293,17,31580070,POINT (604737.2011447111 7807991.088224072),C
2023,3106200,1,10911,14,31275050,POINT (608275.5050871447 7803772.623109132),C
2023,3106200,1,27317,18,31930010,POINT (614773.2251649917 7802351.342478922),C
2023,3106200,1,10911,28,30570080,POINT (606506.1516727965 7792688.037866956),C
2023,3106200,1,18130,18,31210440,POINT (609464.3440877121 7797863.242755787),C
2023,3106200,1,10911,36,30775080,POINT (607740.7495449508 7799520.353675009),C
2023,3106200,1,10911,33,31555000,POINT (606835.4327794883 7805179.9669651305),C
2023,3106200,1,25993,12,30855075,POINT (602166.5093241229 7796274.376227353),C
2023,3106200,1,21211,32,31814620,POINT (612500.986673834 7805310.113091268),C
2023,3106200,1,29441,13,30610010,POINT (604169.6626054518 7792889.395398121),C
2023,3106200,1,17419,21,30720360,POINT (606796.3685638392 7797729.171215143),C
2023,3106200,1,22293,14,31872800,POINT (612812.3070687593 7807311.693983128),C
2023,3106200,1,33121,44,30820280,POINT (604888.1439198194 7798375.888367338),C
2023,3106200,1,10911,29,30160037,POINT (610921.491096295 7795917.966232435),C
2023,3106200,1,10911,15,30220000,POINT (612909.3467211042 7794956.31069012),C
2023,3106200,1,10112,49,30720460,POINT (607240.8872372068 7797869.581881051),C
2023,3106200,1,33147,57,31255110,POINT (609259.4971039208 7802134.896550667),C
2023,3106200,1,26108,33,30421015,POINT (607471.306236968 7796232.073179139),C
2023,3106200,1,10911,13,31255170,POINT (609227.1011637574 7801658.210381579),C
2023,3106200,1,21238,48,31910520,POINT (612916.7862198554 7802150.8663604),C
2023,3106200,1,10139,15,30610030,POINT (603834.9829059865 7792736.433550415),C
2023,3106200,1,10996,13,31920200,POINT (613612.9621504227 7801750.364376519),C
2023,3106200,1,10139,74,31365170,POINT (604428.7181586866 7802417.596335577),C
2023,3106200,1,10961,352,30855440,POINT (602932.6160017076 7796183.523460009),C
2023,3106200,1,28623,21,31255180,POINT (609435.7384449337 7802070.971322649),C
2023,3106200,1,10911,23,30520200,POINT (603330.6188859523 7794798.764716774),C
2023,3106200,1,22226,49,30550060,POINT (606417.0333601037 7795170.273242525),C
2023,3106200,1,10911,13,31660000,POINT (606967.7668524551 7809889.611454338),C
2023,3106200,1,25438,15,30855445,POINT (602773.6884191784 7796038.302007045),C
2023,3106200,1,32124,28,30570068,POINT (605933.8749673244 7792506.424896814),C
2023,3106200,1,10911,34,31741545,POINT (611042.1315194907 7805482.264185594),C
2023,3106200,1,10139,12,31150640,POINT (611175.6714448112 7801347.947634272),C
2023,3106200,1,18130,28,30710070,POINT (610225.0339334316 7797499.555112356),C
2023,3106200,1,27104,13,30190050,POINT (611073.4546152669 7796686.136381081),C
2023,3106200,1,27317,33,30140040,POINT (612718.711494687 7796400.049954275),C
2023,3106200,1,26604,138,30532150,POINT (604031.0682954831 7794330.634832986),C
2023,3106200,1,20711,24,30530720,POINT (604099.2141637327 7795939.648013888),C
2023,3106200,1,10911,23,30520540,POINT (602605.1901610771 7795495.435011041),C
2023,3106200,1,13219,22,30431327,POINT (607789.6865077674 7794445.025644645),C
2023,3106200,1,25926,17,30855070,POINT (603353.8552964707 7796131.927439685),C
2023,3106200,1,17427,16,30710090,POINT (609902.8771121943 7797570.174395533),C
2023,3106200,1,25390,14,31975270,POINT (617033.8667124241 7805176.208688125),C
2023,3106200,1,10945,27,30750090,POINT (606313.1336237716 7798795.37776132),C
2023,3106200,1,32507,16,31110052,POINT (611841.2677864989 7797840.691855403),C
2023,3106200,1,10911,25,30150250,POINT (612694.6819605967 7796544.13331545),C
2023,3106200,1,26515,21,31310260,POINT (607029.0916696028 7800397.861741317),C
2023,3106200,1,27406,33,30240390,POINT (613396.6000287165 7796520.478287898),C
2023,3106200,1,31012,16,31720100,POINT (609270.7594839948 7806997.017905906),C
2023,3106200,1,25128,12,31140650,POINT (611408.2861835036 7800446.647792663),C
2023,3106200,1,24245,47,30670240,POINT (602038.2146041347 7788040.3751077),C
2023,3106200,1,10911,12,31030370,POINT (613021.5610660713 7798935.074047508),C
2023,3106200,1,17311,26,31210060,POINT (610359.7558351555 7798593.604284771),C
2023,3106200,1,32990,24,31130010,POINT (610461.927626314 7799410.124631759),C
2023,3106200,1,10911,170,30575180,POINT (607667.3987230305 7790867.846350442),C
2023,3106200,1,25128,35,30130138,POINT (611703.8720876882 7795063.870987574),C
2023,3106200,1,26108,41,30664000,POINT (600401.747247779 7788334.724737674),C
2023,3106200,1,33210,27,30110044,POINT (610824.8288502372 7794866.622822353),C
2023,3106200,1,17109,22,30130005,POINT (611548.3201734122 7796320.337987784),C
2023,3106200,1,10911,14,30692220,POINT (598922.2581663575 7789985.05232317),C
2023,3106200,1,10538,44,31720200,POINT (609083.8268966685 7806798.978634355),C
2023,3106200,1,25993,12,30668635,POINT (601937.50763804 7787186.709066044),C
2023,3106200,1,20631,83,30431076,POINT (608679.2568171715 7795614.425323179),C
2023,3106200,1,15211,21,31250570,POINT (609612.433042758 7801242.028699582),C
2023,3106200,1,33139,91,30692420,POINT (598910.7634254001 7789427.963360911),C
2023,3106200,1,25217,23,30810000,POINT (606748.5182189122 7799645.723718284),C
2023,3106200,1,25128,17,31515252,POINT (608448.4493866414 7807168.3252567835),C
2023,3106200,1,10911,12,30555140,POINT (606868.7321208501 7793292.521983944),C
2023,3106200,1,20711,53,30532230,POINT (604114.6292818639 7794453.639841104),C
2023,3106200,1,25993,44,30390090,POINT (607122.2197880353 7788102.524888249),C
2023,3106200,1,10112,21,30510190,POINT (605428.2831760598 7794594.125737516),C
2023,3106200,1,23991,75,30510000,POINT (604943.6396112863 7795029.020040604),C
2023,3106200,1,10953,16,31270310,POINT (609404.8488701548 7803570.120010533),C
2023,3106200,1,10911,15,30494085,POINT (608377.6920664749 7792493.031916229),C
2023,3106200,1,10911,12,31840070,POINT (613052.7348324212 7805395.849675999),C
2023,3106200,1,10511,130,30150150,POINT (611732.5608229954 7797051.034228997),C
2023,3106200,1,14126,15,31565370,POINT (608106.8341852769 7806815.5645149965),C
2023,3106200,1,14126,14,30640530,POINT (602083.1145953932 7790290.518819697),C
2023,3106200,1,14126,17,30411244,POINT (607838.7963170789 7796063.9196455795),C
2023,3106200,1,14126,23,30140081,POINT (611774.3071463571 7795769.975742307),C
2023,3106200,1,14126,19,30160042,POINT (610872.9349222002 7796342.394877501),C
2023,3106200,1,14126,27,30662390,POINT (600240.3696673532 7789458.032072952),C
2023,3106200,1,14126,14,30441014,POINT (609041.824402185 7795641.259876423),C
2023,3106200,1,31012,0,30627230,POINT (602383.5320869096 7788548.471126246),C
2023,3106200,1,31012,0,31744144,POINT (609768.1075408476 7807635.9304319415),C
2023,3106200,1,25926,0,30390090,POINT (607122.2197880353 7788102.524888249),C
2023,3106200,1,10961,0,30120045,POINT (610679.3577317268 7797362.4114293475),C
2023,3106200,1,16293,0,30280390,POINT (614881.3365491693 7797927.298021866),C
2023,3106200,1,33147,0,31130310,POINT (610889.3925491483 7799546.207283838),C
2023,3106200,1,33210,0,30626380,POINT (603963.478998627 7787605.635461241),C
2023,3106200,1,33147,0,31610090,POINT (609325.6133087709 7808626.069258783),C
2023,3106200,1,33121,0,30330250,POINT (610743.8966047626 7794668.097878597),C
2023,3106200,1,31012,0,30575550,POINT (606765.7386776488 7791284.858598464),C
2023,3106200,1,33139,0,30660010,POINT (601464.5010280553 7789855.626247244),C
2023,3106200,1,31012,0,31872072,POINT (615821.0020299259 7806981.763628583),C
2023,3106200,1,18211,0,30710580,POINT (608645.4300796513 7797799.153700128),C
2023,3106200,1,10937,0,30140069,POINT (610735.2785343122 7796327.158368234),C
2023,3106200,1,17214,0,31812200,POINT (611916.2845690771 7804909.85239245),C
2023,3106200,1,32124,0,31842290,POINT (612882.6420651637 7806354.29395438),C
2023,3106200,1,15319,0,30880510,POINT (601826.3941099446 7797819.99516383),C
2023,3106200,1,10538,0,30690020,POINT (599326.7857133825 7790631.366809814),C
2023,3106200,1,31012,0,30865380,POINT (602161.5743074128 7797707.053921766),C
2023,3106200,1,32507,0,30170133,POINT (610828.2761808513 7796667.523886204),C
2023,3106200,1,11224,0,30320670,POINT (610663.712773355 7790872.69603222),C
2023,3106200,1,32507,0,31060210,POINT (614392.3243376934 7799943.297948685),C
2023,3106200,1,25390,0,30660134,POINT (602303.0551899293 7789661.268953743),C
2023,3106200,1,18211,0,31235000,POINT (609727.4246189316 7799791.613135659),C
2023,3106200,1,18113,0,31950540,POINT (615180.1052543359 7803280.726683566),C
2023,3106200,1,27902,0,30855000,POINT (603811.4014930836 7796217.63113688),C
2023,3106200,1,33121,0,31270250,POINT (609396.536708029 7803373.996410347),C
2023,3106200,1,13511,0,31545000,POINT (604874.0355886678 7806962.358475158),C
2023,3106200,1,20631,0,31210050,POINT (610424.9963622272 7798541.039771128),C
2023,3106200,1,25420,0,30720290,POINT (607263.7604144219 7797749.0280109225),C
2023,3106200,1,16293,0,31035291,POINT (613596.680092941 7799334.185550617),C
2023,3106200,1,33198,0,31510380,POINT (608495.0485036197 7808531.262794613),C
2023,3106200,1,10821,0,30390210,POINT (607647.9324823406 7788297.396132667),C
2023,3106200,1,30121,0,30550500,POINT (607187.9921535827 7794140.1113141645),C
2023,3106200,1,10996,0,31230220,POINT (610357.9254373297 7799509.226967054),C
2023,3106200,1,18113,0,30512060,POINT (604454.6347622068 7794432.023411747),C
2023,3106200,1,32507,0,30140069,POINT (610735.2785343122 7796327.158368234),C
2023,3106200,1,18130,0,30525290,POINT (603129.7357185752 7795388.829336885),C
2023,3106200,1,31012,0,30270050,POINT (614109.291367902 7797232.587509247),C
2023,3106200,1,33147,0,31270310,POINT (609404.8488701548 7803570.120010533),C
2023,3106200,1,33210,0,31741308,POINT (610731.7110590823 7805245.166602269),C
2023,3106200,1,33295,0,30210530,POINT (612942.6806124866 7794229.735372415),C
2023,3106200,1,33147,0,31640300,POINT (607790.0196872826 7810830.57983606),C
2023,3106200,1,14134,0,31080270,POINT (614251.8997670723 7800819.091361378),C
2023,3106200,1,10911,0,30160042,POINT (610872.9349222002 7796342.394877501),C
2023,3106200,1,25926,0,31255180,POINT (609435.7384449337 7802070.971322649),C
2023,3106200,1,32990,0,30380435,POINT (608805.4494262771 7793971.018203091),C
2023,3106200,1,18229,0,30640070,POINT (602186.9622160551 7790830.181816423),C
2023,3106200,1,18130,0,31110656,POINT (611512.0241806068 7798757.396145284),C
2023,3106200,1,32124,0,30180100,POINT (610744.1508086857 7796484.977593661),C
2023,3106200,1,25390,0,30810010,POINT (606175.614694954 7799086.229293892),C
2023,3106200,1,10139,0,30820220,POINT (605132.6085571329 7798186.759782705),C
2023,3106200,1,33147,0,31746120,POINT (611523.2781717397 7809035.392956082),C
2023,3106200,1,18211,0,30180114,POINT (610479.042675574 7797019.867941896),C
2023,3106200,1,13511,0,30530500,POINT (604687.1430909487 7795539.170374613),C
2023,3106200,1,31012,0,30662405,POINT (600080.1996740316 7788928.225580385),C
2023,3106200,1,25390,0,31130602,POINT (610726.4446142837 7800603.942885922),C
2023,3106200,1,20631,0,30380435,POINT (608805.4494262771 7793971.018203091),C
2023,3106200,1,23494,0,30150040,POINT (611771.8989301655 7797225.207631121),C
2023,3106200,1,25110,0,31255170,POINT (609227.1011637574 7801658.210381579),C
2023,3106200,1,33121,0,31555460,POINT (606972.6978055701 7806372.321274847),C
2023,3106200,1,33139,0,30580040,POINT (606100.0195078974 7792194.646923586),C
2023,3106200,1,33210,0,31360280,POINT (603316.1610232469 7802400.336611465),C
2023,3106200,1,18229,0,30550610,POINT (607152.3632640146 7793846.518793993),C
2023,3106200,1,18130,0,30880520,POINT (602070.5099866814 7798354.288085671),C
2023,3106200,1,18211,0,31910385,POINT (613289.2943633415 7802706.340982831),C
2023,3106200,1,18130,0,31530330,POINT (606630.2440406926 7807389.152662123),C
2023,3106200,1,10911,0,30575837,POINT (606925.5672403326 7790761.874983402),C
2023,3106200,1,18130,0,30180110,POINT (610590.2267319143 7797375.6470610015),C
2023,3106200,1,33147,0,30610280,POINT (604743.4260524862 7792114.9345080955),C
2023,3106200,1,33147,0,30330100,POINT (610737.4356732627 7794449.102900246),C
2023,3106200,1,33147,0,31650100,POINT (607810.4378465064 7811385.763096716),C
2023,3106200,1,25993,0,30575580,POINT (606526.2175400251 7791178.8562594205),C
2023,3106200,1,33147,0,31110730,POINT (610627.3836667598 7799144.305903504),C
2023,3106200,1,25390,0,30532090,POINT (604028.954139501 7795017.040726038),C
2023,3106200,1,28402,0,31255050,POINT (608695.6375656308 7801464.084976735),C
2023,3106200,1,33147,0,30550190,POINT (606564.5688975231 7794585.971778337),C
2023,3106200,1,23494,0,31730500,POINT (610557.4370530036 7806805.053740764),C
2023,3106200,1,18113,0,30770160,POINT (607861.2202700891 7798489.879013609),C
2023,3106200,1,18130,0,31570090,POINT (607070.0668022921 7809433.535245052),C
2023,3106200,1,22129,0,31170030,POINT (612349.8512721914 7800053.169823759),C
2023,3106200,1,32124,0,30380435,POINT (608805.4494262771 7793971.018203091),C
2023,3106200,1,33139,0,31260340,POINT (611306.8399290213 7803528.674888944),C
2023,3106200,1,31012,0,30660090,POINT (601847.8641667463 7789244.281259713),C
2023,3106200,1,25390,0,30575570,POINT (606603.5544674972 7791210.299466806),C
2023,3106200,1,33198,0,31525000,POINT (607615.4604504697 7807943.015509379),C
2023,3106200,1,20916,0,30550200,POINT (606568.8796392676 7794559.156765193),C
2023,3106200,1,16226,0,30770190,POINT (607675.660643439 7798452.326902101),C
2023,3106200,1,25438,0,31741424,POINT (611438.8498776273 7804980.038160298),C
2023,3106200,1,10911,0,30421002,POINT (607601.3935231653 7796007.8894169135),C
2023,3106200,1,10961,0,30350070,POINT (610263.1616408345 7795018.79056582),C
2023,3106200,1,28691,0,31170760,POINT (612654.3980818833 7801420.631714297),C
2023,3106200,1,33147,0,30610060,POINT (603295.4510856896 7792867.949839056),C
2023,3106200,1,29506,0,31210610,POINT (609682.0895266248 7798919.714781832),C
2023,3106200,1,20291,0,30855435,POINT (602889.8523610535 7796034.669349758),C
2023,3106200,1,14118,0,31580120,POINT (604759.5302705956 7808246.525407382),C
2023,3106200,1,33147,0,31742370,POINT (611774.2814808106 7807597.078302119),C
2023,3106200,1,33295,0,31930525,POINT (614499.3951099253 7803518.470987467),C
2023,3106200,1,27333,0,30520200,POINT (603330.6188859523 7794798.764716774),C
2023,3106200,1,22129,0,31170030,POINT (612349.8512721914 7800053.169823759),C
2023,3106200,1,33139,0,30170124,POINT (610780.3676922158 7797053.733559791),C
2023,3106200,1,31012,0,30642500,POINT (603482.6951308239 7789445.6461207755),C
2023,3106200,1,32507,0,30150321,POINT (612292.0180476271 7795621.858500531),C
2023,3106200,1,25390,0,30690020,POINT (599326.7857133825 7790631.366809814),C
2023,3106200,1,10911,0,30575180,POINT (607667.3987230305 7790867.846350442),C
2023,3106200,1,32507,0,30180090,POINT (609670.7056510712 7796683.52324542),C
2023,3106200,1,25390,0,31330142,POINT (604190.2882792256 7801536.951888979),C
2023,3106200,1,33147,0,31910520,POINT (612916.7862198554 7802150.8663604),C
2023,3106200,1,20622,0,31742344,POINT (611628.9840226332 7807447.523861361),C
2023,3106200,1,10996,0,30644310,POINT (602776.3182553777 7789596.341812074),C
2023,3106200,1,25420,0,30626670,POINT (603733.0440072248 7787778.632758077),C
2023,3106200,1,33121,0,30575740,POINT (607230.9672912022 7790900.114572211),C
2023,3106200,1,33121,0,31235210,POINT (609211.1981688373 7800131.484682058),C
2023,3106200,1,32507,0,31035536,POINT (613762.3819830475 7801419.361824502),C
2023,3106200,1,10911,0,30640040,POINT (602878.0260587861 7791104.282322833),C
2023,3106200,1,14118,0,31515100,POINT (609213.9306772582 7807914.9028819725),C
2023,3106200,1,13405,0,30290035,POINT (616271.6485963792 7797219.489494488),C
2023,3106200,1,18130,0,31510180,POINT (607745.8202009867 7809285.110087758),C
2023,3106200,1,33210,0,31130370,POINT (610994.8312923276 7799838.867575819),C
2023,3106200,1,22226,0,31980210,POINT (613229.1370939492 7804103.265996396),C
2023,3106200,1,33210,0,30730480,POINT (605676.5392094037 7797840.353106176),C
2023,3106200,1,29506,0,30850000,POINT (604876.7157205845 7797785.7134060245),C
2023,3106200,1,33147,0,30690790,POINT (598410.0554474934 7790862.803597251),C
2023,3106200,1,33147,0,31710690,POINT (608994.9813216865 7805889.090315474),C
2023,3106200,1,33147,0,31720260,POINT (609525.8433582331 7807515.828621773),C
2023,3106200,1,27406,0,31570040,POINT (607239.1660798137 7809490.658003169),C
2023,3106200,1,33210,0,30530150,POINT (604629.3594815523 7796036.602951117),C
2023,3106200,1,20631,0,31530590,POINT (606743.1191655472 7807916.300134191),C
2023,3106200,1,18229,0,30160035,POINT (610952.977341782 7796079.376381809),C
2023,3106200,1,18130,0,30431012,POINT (607789.2759284391 7795360.997937622),C
2023,3106200,1,18229,0,30750350,POINT (607096.9208914159 7799326.686739928),C
2023,3106200,1,23303,0,31080210,POINT (612998.2898202073 7798579.5297317365),C
2023,3106200,1,32990,0,31814320,POINT (612666.0437307367 7804811.324238966),C
2023,3106200,1,33147,0,31530000,POINT (607425.0477170832 7806918.022779653),C
2023,3106200,1,32507,0,30140150,POINT (611326.4606746403 7795120.491506584),C
2023,3106200,1,32507,0,30550510,POINT (607224.9600040502 7794031.719090199),C
2023,3106200,1,13405,0,31035512,POINT (612233.919213601 7799321.604297699),C
2023,3106200,1,15394,0,30628615,POINT (603192.0537569929 7787052.569811878),C
2023,3106200,1,10961,0,30431045,POINT (608102.7115616724 7795560.475000564),C
2023,3106200,1,33147,0,30570080,POINT (606506.1516727965 7792688.037866956),C
2023,3106200,1,25438,0,30610070,POINT (603353.2732065888 7792946.1987450365),C
2023,3106200,1,24113,0,30640070,POINT (602186.9622160551 7790830.181816423),C
2023,3106200,1,33147,0,30240280,POINT (612843.0212740311 7795817.381412597),C
2023,3106200,1,10911,0,31710360,POINT (609060.3054730704 7805735.2918302715),C
2023,3106200,1,14134,0,31710400,POINT (609483.2838780407 7805454.395819402),C
2023,3106200,1,31012,0,31365160,POINT (604442.2254034983 7802546.67901855),C
2023,3106200,1,18130,0,30810000,POINT (606748.5182189122 7799645.723718284),C
2023,3106200,1,32124,0,30160033,POINT (611074.7975381577 7796575.533266822),C
2023,3106200,1,18130,0,30112011,POINT (611065.706465341 7795075.978803224),C
2023,3106200,1,14223,0,30310702,POINT (612432.9395877492 7793838.597874045),C
2023,3106200,1,28291,0,30140062,POINT (609711.2693651051 7796621.715280488),C
2023,3106200,1,18229,0,30180110,POINT (610590.2267319143 7797375.6470610015),C
2023,3106200,1,18229,0,30622060,POINT (605596.0663841479 7790020.681555884),C
2023,3106200,1,10333,0,31990240,POINT (615551.5515501612 7804636.032639329),C
2023,3106200,1,18211,0,31578480,POINT (604049.813170931 7808724.453408698),C
2023,3106200,1,25128,0,30530090,POINT (604436.394942672 7796474.805426439),C
2023,3106200,1,29417,0,31580540,POINT (604877.9006983361 7807569.050588246),C
2023,3106200,1,33295,0,31235200,POINT (609465.3640348181 7800098.148967782),C
2023,3106200,1,10911,0,30285040,POINT (615019.759723213 7797413.509046737),C
2023,3106200,1,33210,0,31742287,POINT (610981.371472185 7807293.685177225),C
2023,3106200,1,31012,0,31210440,POINT (609464.3440877121 7797863.242755787),C
2023,3106200,1,14134,0,31990605,POINT (616159.8026548608 7804990.36076666),C
2023,3106200,1,25420,0,31655290,POINT (606317.1568246229 7811569.7272842135),C
2023,3106200,1,25128,0,30626150,POINT (603421.5841694925 7787991.39908849),C
2023,3106200,1,20631,0,30525160,POINT (603302.7392077266 7795285.584916663),C
2023,3106200,1,25934,0,30810250,POINT (605951.7164132403 7799341.071188108),C
2023,3106200,1,32124,0,30330100,POINT (610737.4356732627 7794449.102900246),C
2023,3106200,1,18300,0,31720300,POINT (609656.9377101753 7807095.986679008),C
2023,3106200,1,23192,0,30532140,POINT (604148.8434279454 7794892.987070184),C
2023,3106200,1,33295,0,30455610,POINT (608423.4709020393 7791565.768265323),C
2023,3106200,1,10911,0,30390450,POINT (608261.422472772 7788588.5054572765),C
2023,3106200,1,32507,0,30180005,POINT (610745.184670257 7796911.650417602),C
2023,3106200,1,31012,0,30850230,POINT (603997.6868932345 7797296.640110951),C
2023,3106200,1,22293,0,31610160,POINT (608934.183502524 7808889.34357638),C
2023,3106200,1,33139,0,31140550,POINT (611687.7117339224 7800489.13012667),C
2023,3106200,1,25390,0,30670180,POINT (601962.1998860596 7788027.88966698),C
2023,3106200,1,18211,0,31620430,POINT (607794.2556384496 7810074.087539181),C
2023,3106200,1,33147,0,30668410,POINT (601151.5157859417 7787097.203200721),C
2023,3106200,1,33147,0,30622400,POINT (604958.2884208078 7789575.846842384),C
2023,3106200,1,33147,0,31680230,POINT (604937.9612235182 7810440.088525102),C
2023,3106200,1,25110,0,30580260,POINT (606316.5194777749 7792369.070880226),C
2023,3106200,1,32990,0,30620140,POINT (604412.7860580521 7789648.3184526265),C
2023,3106200,1,14134,0,30670030,POINT (601538.1066183966 7788572.336860398),C
2023,3106200,1,33210,0,30493165,POINT (608269.6988361634 7791211.340439288),C
2023,3106200,1,25110,0,31515240,POINT (608520.5510279075 7807370.869975647),C
2023,3106200,1,10911,0,30421565,POINT (607527.5590667191 7793500.471713031),C
2023,3106200,1,33295,0,30494360,POINT (609035.6442280079 7791875.724257523),C
2023,3106200,1,29492,0,30575460,POINT (606739.6842581878 7791468.844385471),C
2023,3106200,1,33147,0,30882650,POINT (603733.5343104277 7801715.955446258),C
2023,3106200,1,14134,0,30270360,POINT (614414.794642335 7797196.437950142),C
2023,3106200,1,32990,0,30881000,POINT (602184.8032576806 7799396.786720231),C
2023,3106200,1,10911,0,31615250,POINT (607913.6597240956 7809501.351518203),C
2023,3106200,1,25420,0,31680030,POINT (604915.0062428202 7810220.004605375),C
2023,3106200,1,11224,0,31230200,POINT (608960.0776870205 7798830.6275830995),C
2023,3106200,1,13511,0,30411250,POINT (607978.9287566963 7795821.600673443),C
2023,3106200,1,16293,0,30620730,POINT (605147.8769570097 7789948.429575449),C
2023,3106200,1,13405,0,30660040,POINT (602086.5774809406 7789944.92498995),C
2023,3106200,1,31012,0,30865030,POINT (602446.8775576684 7798063.114750335),C
2023,3106200,1,32507,0,30170120,POINT (610924.8440915012 7797600.709663179),C
2023,3106200,1,33147,0,30662480,POINT (599942.2000318079 7789535.071789673),C
2023,3106200,1,33147,0,30518060,POINT (604494.1886336068 7793213.446016904),C
2023,3106200,1,10961,0,30150311,POINT (612165.8461433665 7795726.3149660975),C
2023,3106200,1,31012,0,30510780,POINT (605199.531772197 7794180.772861999),C
2023,3106200,1,32990,0,30510280,POINT (605435.2158262194 7794828.855354768),C
2023,3106200,1,32116,0,31110235,POINT (611276.4921013033 7798542.817856824),C
2023,3106200,1,25128,0,31360020,POINT (603944.1712317349 7802678.8879590705),C
2023,3106200,1,18113,0,31255170,POINT (609227.1011637574 7801658.210381579),C
2023,3106200,1,33147,0,31525020,POINT (607840.3695090357 7807787.568987999),C
2023,3106200,1,32507,0,30160011,POINT (611201.9280530461 7796515.196846519),C
2023,3106200,1,33295,0,30190064,POINT (610551.4641292032 7796977.823696824),C
2023,3106200,1,18229,0,31746130,POINT (611603.2248324463 7809078.966863066),C
2023,3106200,1,33198,0,31615130,POINT (608847.824773303 7809382.757500778),C
2023,3106200,1,33121,0,31746100,POINT (611431.6219262455 7809157.859051931),C
2023,3106200,1,33139,0,30492030,POINT (608095.7539376174 7791548.09855343),C
2023,3106200,1,18229,0,30550090,POINT (606372.675665501 7795010.84532176),C
2023,3106200,1,16293,0,30620395,POINT (603980.3348874142 7788958.30129168),C
2023,3106200,1,18211,0,30180000,POINT (608686.9574974033 7797575.502738768),C
2023,3106200,1,33147,0,31170650,POINT (612705.2962508028 7801246.825145905),C
2023,3106200,1,26604,0,31310260,POINT (607029.0916696028 7800397.861741317),C
2023,3106200,1,10139,0,30870010,POINT (604295.474083823 7798028.967718959),C
2023,3106200,1,10520,0,30710440,POINT (608378.9212626969 7797692.983599978),C
2023,3106200,1,32990,0,30510310,POINT (605522.8139966305 7794630.0364819),C
2023,3106200,1,33147,0,31620240,POINT (607843.824018744 7810399.556838471),C
2023,3106200,1,10911,0,31310520,POINT (606136.2778196738 7802402.981118426),C
2023,3106200,1,23991,0,30130005,POINT (611548.3201734122 7796320.337987784),C
2023,3106200,1,10953,0,30770120,POINT (607259.9252535572 7797009.646287855),C
2023,3106200,1,10937,0,31170190,POINT (612493.473481378 7800507.589799456),C
2023,3106200,1,33210,0,31255450,POINT (610647.8367736839 7802936.492728766),C
2023,3106200,1,23494,0,30220336,POINT (614174.3749179991 7794482.352834294),C
2023,3106200,1,33210,0,30530570,POINT (604752.0165386708 7795287.108027575),C
2023,3106200,1,18211,0,31250620,POINT (609255.3914133228 7801121.116943665),C
2023,3106200,1,33295,0,30455610,POINT (608423.4709020393 7791565.768265323),C
2023,3106200,1,33139,0,30530160,POINT (604693.4260934778 7795985.309980199),C
2023,3106200,1,25993,0,31510160,POINT (607655.5709221375 7809247.817353927),C
2023,3106200,1,20631,0,30530720,POINT (604099.2141637327 7795939.648013888),C
2023,3106200,1,18211,0,30770560,POINT (608004.4904016299 7798687.57276055),C
2023,3106200,1,33121,0,30865030,POINT (602446.8775576684 7798063.114750335),C
2023,3106200,1,17311,0,31950540,POINT (615180.1052543359 7803280.726683566),C
2023,3106200,1,31012,0,30775360,POINT (608058.653941909 7799772.529953687),C
2023,3106200,1,32990,0,30330000,POINT (611401.2760901097 7794059.346961405),C
2023,3106200,1,33198,0,30520330,POINT (602467.5516275716 7794760.078071804),C
2023,3106200,1,13596,0,30882640,POINT (604003.0651739292 7800816.198453605),C
2023,3106200,1,10325,0,31330590,POINT (605658.8607838376 7801782.969500392),C
2023,3106200,1,10317,0,30280250,POINT (614437.4891016432 7798346.860704312),C
2023,3106200,1,13405,0,30210480,POINT (613061.2950796874 7793950.052352132),C
2023,3106200,1,20631,0,31710350,POINT (609176.7268602467 7805617.931400115),C
2023,3106200,1,33121,0,30150230,POINT (612790.4194765347 7796737.814220337),C
2023,3106200,1,28402,0,30710535,POINT (608212.5883770771 7798126.757665973),C
2023,3106200,1,25110,0,30775070,POINT (607696.867886345 7799436.162565505),C
2023,3106200,1,33147,0,31570000,POINT (606527.5639315508 7809845.909868864),C
2023,3106200,1,32124,0,31980480,POINT (613953.0801444575 7804811.005727579),C
2023,3106200,1,14134,0,30130170,POINT (611401.7908287673 7796156.671033973),C
2023,3106200,1,13405,0,30411177,POINT (608479.7720156051 7796236.994463373),C
2023,3106200,1,33147,0,30421063,POINT (606514.5999540767 7795943.675602223),C
2023,3106200,1,15211,0,31370682,POINT (603091.6017440675 7806724.551401213),C
2023,3106200,1,23494,0,30575500,POINT (606635.058080887 7791346.403415339),C
2023,3106200,1,10139,0,30830430,POINT (603757.2372925982 7799559.039529099),C
2023,3106200,1,10716,0,30330050,POINT (611337.4884690068 7794384.8425021265),C
2023,3106200,1,18130,0,30575020,POINT (607850.6353778027 7792136.093400235),C
2023,3106200,1,32116,0,30112004,POINT (611117.5554661654 7794929.629297778),C
2023,3106200,1,23303,0,30290617,POINT (618138.272738993 7796784.909651363),C
2023,3106200,1,25128,0,31230460,POINT (609562.1570707405 7799725.068521356),C
2023,3106200,1,27406,0,31565030,POINT (608009.0675353539 7805920.343721557),C
2023,3106200,1,32990,0,30140062,POINT (609711.2693651051 7796621.715280488),C
2023,3106200,1,33147,0,30575180,POINT (607667.3987230305 7790867.846350442),C
2023,3106200,1,33198,0,30518030,POINT (604649.7390237583 7793395.704137213),C
2023,3106200,1,14134,0,30190110,POINT (610020.6128987402 7796908.619789165),C
2023,3106200,1,18130,0,31930800,POINT (613923.0625410588 7803207.942562438),C
2023,3106200,1,15394,0,30880410,POINT (602386.5362315465 7798548.0387419425),C
2023,3106200,1,10953,0,30411156,POINT (608733.5521977795 7796329.063332558),C
2023,3106200,1,25420,0,31630392,POINT (609224.8158692842 7810908.754635126),C
2023,3106200,1,20631,0,31310440,POINT (606441.8762998915 7802565.206737051),C
2023,3106200,1,32922,0,31310260,POINT (607029.0916696028 7800397.861741317),C
2023,3106200,1,33147,0,30690100,POINT (600134.3790172111 7790517.0041952375),C
2023,3106200,1,32990,0,31615250,POINT (607913.6597240956 7809501.351518203),C
2023,3106200,1,11135,0,30380170,POINT (609953.5990455414 7794727.058270037),C
2023,3106200,1,10139,0,31530630,POINT (606529.4507416305 7808170.651043832),C
2023,3106200,1,25128,0,30411560,POINT (606621.0979109079 7796296.473063605),C
2023,3106200,1,10333,0,30441086,POINT (609153.0286984291 7795192.336057148),C
2023,3106200,1,31012,0,30660000,POINT (601213.1123793147 7790006.858806606),C
2023,3106200,1,18229,0,30770180,POINT (607790.7515316736 7798309.891163776),C
2023,3106200,1,18130,0,30840500,POINT (605176.5337573253 7800523.842520183),C
2023,3106200,1,33210,0,30130170,POINT (611401.7908287673 7796156.671033973),C
2023,3106200,1,31021,0,30710630,POINT (608613.2876478983 7797445.389217867),C
2023,3106200,1,10911,0,30720476,POINT (607033.3314153756 7798576.208656186),C
2023,3106200,1,33295,0,31150590,POINT (610581.0171754209 7801723.019083839),C
2023,3106200,1,20631,0,30575460,POINT (606739.6842581878 7791468.844385471),C
2023,3106200,1,14126,0,31330500,POINT (605644.5159106216 7802261.643296807),C
2023,3106200,1,14126,0,30360240,POINT (609868.2113458181 7792369.423366366),C
2023,3106200,1,14126,0,30411160,POINT (608959.6408722972 7796186.960272474),C
2023,3106200,1,14126,0,30510070,POINT (605643.8500848822 7794465.512475004),C
2023,3106200,1,14126,0,30180111,POINT (610376.6120050431 7796602.138734269),C
2023,3106200,1,14126,0,30750010,POINT (606482.9312478857 7798396.269493159),C
2023,3106200,1,14126,0,30330000,POINT (611401.2760901097 7794059.346961405),C
2023,3106200,1,14126,0,30880590,POINT (602206.1371890452 7798639.055080835),C
2023,3106200,1,14126,0,30624160,POINT (604455.5760642486 7788392.814035429),C
2023,3106200,1,14126,0,30664070,POINT (600837.9334945353 7787317.556555897),C
2023,3106200,1,14126,0,30644100,POINT (603557.5437687801 7788515.618269934),C
2023,3106200,1,14126,0,31030514,POINT (611976.2645785132 7798925.448963049),C
2023,3106200,1,14126,0,30575180,POINT (607667.3987230305 7790867.846350442),C
2023,3106200,1,14126,0,31110730,POINT (610627.3836667598 7799144.305903504),C
2023,3106200,1,14126,0,31980580,POINT (613906.012861022 7804515.847286165),C
2023,3106200,1,14126,0,30431400,POINT (607936.7506363668 7794138.846131132),C
2023,3106200,1,14126,0,31330370,POINT (605103.2480633843 7801870.419993777),C
2023,3106200,1,14126,0,30620420,POINT (604397.135461734 7789184.756494629),C
2023,3106200,1,14126,0,31170770,POINT (612758.7778142971 7801217.230567757),C
2023,3106200,1,14126,0,30190080,POINT (610137.6807498672 7796805.249435494),C
2023,3106200,1,14126,0,30640420,POINT (601667.9957923152 7790687.517725024),C
2023,3106200,1,14126,0,30411200,POINT (608358.7370542281 7796032.049548369),C
2023,3106200,1,14126,0,30190085,POINT (610011.8534874455 7796312.152127527),C
2023,3106200,1,14126,0,30190111,POINT (609777.3458425642 7796031.324799054),C
2023,3106200,1,14126,0,30642160,POINT (603206.8574466726 7789616.050584257),C
2023,3106200,1,14126,0,31310530,POINT (606337.3444735244 7802359.624335969),C
2023,3106200,1,14126,0,31210430,POINT (609328.7827105529 7798275.712424381),C
2023,3106200,1,14126,0,30431320,POINT (607859.6174641392 7794605.180845284),C
2023,3106200,1,14126,0,31130630,POINT (610897.4731858629 7800595.630621735),C
2023,3106200,1,33210,1,30532050,POINT (604248.244511271 7795081.811815852),C
2023,3106200,1,18130,1,30532200,POINT (604136.1703421016 7794589.527889667),C
2023,3106200,1,10911,1,30315490,POINT (611654.5163492254 7793350.004712652),C
2023,3106200,1,32302,1,30710320,POINT (608747.3364515922 7797703.974026665),C
2023,3106200,1,25993,1,30390110,POINT (606824.7066184643 7788158.214549353),C
2023,3106200,1,10911,1,31748560,POINT (614330.783788882 7809597.20613251),C
2023,3106200,1,18130,1,31030330,POINT (613056.0664254548 7798713.68608745),C
2023,3106200,1,18130,1,30520330,POINT (602467.5516275716 7794760.078071804),C
2023,3106200,1,25390,1,31620380,POINT (608098.7709477362 7810103.1352739055),C
2023,3106200,1,31012,1,31210050,POINT (610424.9963622272 7798541.039771128),C
2023,3106200,1,31012,1,30441194,POINT (608795.7941972077 7793950.743699938),C
2023,3106200,1,18130,1,30830350,POINT (604132.5059077407 7799080.440723147),C
2023,3106200,1,26108,1,31310300,POINT (606703.8015071253 7800486.373898209),C
2023,3106200,1,10961,1,31310140,POINT (606617.3733255245 7802826.975444227),C
2023,3106200,1,13511,1,31170670,POINT (612661.5133976166 7801413.586558033),C
2023,3106200,1,28232,1,30610050,POINT (603431.5411317805 7793017.80435079),C
2023,3106200,1,33163,1,30670565,POINT (602625.1388490497 7787301.63205049),C
2023,3106200,1,17494,1,31160660,POINT (612004.0549869633 7802653.449588062),C
2023,3106200,1,11135,1,31050270,POINT (615539.5665066637 7799093.9008673625),C
2023,3106200,1,25420,1,31320400,POINT (606117.6170945396 7800765.573025467),C
2023,3106200,1,24512,1,30532060,POINT (604182.8855034108 7795033.010483275),C
2023,3106200,1,25420,1,31255190,POINT (609286.6668451901 7802061.355898442),C
2023,3106200,1,18211,1,30180090,POINT (609670.7056510712 7796683.52324542),C
2023,3106200,1,10929,1,30380435,POINT (608805.4494262771 7793971.018203091),C
2023,3106200,5,10112,1,30730020,POINT (606409.1166851802 7797104.723682104),C
2023,3106200,1,33147,1,31230010,POINT (608426.4730725276 7798640.92835298),C
2023,3106200,1,33295,1,31255170,POINT (609227.1011637574 7801658.210381579),C
2023,3106200,1,14118,1,30530000,POINT (604647.9434408122 7796401.661538703),C
2023,3106200,1,25420,1,31570010,POINT (607177.4548531013 7809310.37003534),C
2023,3106200,1,27104,1,31150380,POINT (610003.1819156614 7801693.530970604),C
2023,3106200,1,29506,1,31030360,POINT (612853.6849847306 7798863.13762021),C
2023,3106200,1,23915,1,31060470,POINT (614665.954922592 7799673.75698714),C
2023,3106200,1,18130,1,31570580,POINT (606343.2141768325 7808896.580832243),C
2023,3106200,1,10911,1,30240370,POINT (613257.0443365067 7796436.244458877),C
2023,3106200,1,31012,1,31540000,POINT (605711.9491886019 7807514.131684845),C
2023,3106200,1,10911,1,30640750,POINT (601964.3534029473 7790002.437428616),C
2023,3106200,1,10911,1,31814060,POINT (612434.013262243 7804084.723635852),C
2023,3106200,1,29506,1,30850222,POINT (604554.4471886968 7797688.135713555),C
2023,3106200,1,28232,1,31235080,POINT (609783.1577890432 7800362.505292842),C
2023,3106200,1,18130,1,30710202,POINT (608731.3196648201 7797712.453710673),C
2023,3106200,1,14118,1,30190110,POINT (610020.6128987402 7796908.619789165),C
2023,3106200,1,10911,1,31840220,POINT (613057.0761396745 7805420.145210075),C
2023,3106200,1,18300,1,30710020,POINT (610075.7142118912 7797724.562158667),C
2023,3106200,1,18130,1,31580000,POINT (605083.0739921834 7807741.498664096),C
2023,3106200,1,18130,1,31535190,POINT (606309.9822952935 7808388.555451537),C
2023,3106200,1,18229,1,30710410,POINT (608530.3138728867 7797839.104153311),C
2023,3106200,1,25128,1,31655490,POINT (606092.0218537035 7811742.6121061165),C
2023,3106200,1,10911,1,30140094,POINT (609965.9360840621 7796117.372163674),C
2023,3106200,1,13596,1,30190130,POINT (609401.3983873859 7796867.096908603),C
2023,3106200,1,20631,1,30516340,POINT (605875.1256374001 7793793.502392557),C
2023,3106200,1,32507,1,30494170,POINT (609122.1981864319 7792525.142588442),C
2023,3106200,1,15211,1,30180114,POINT (610479.042675574 7797019.867941896),C
2023,3106200,1,10929,1,31080140,POINT (614041.0003286804 7800699.639700975),C
2023,3106200,1,33147,1,31210320,POINT (610201.4290293603 7798566.034677746),C
2023,3106200,1,25390,1,30520010,POINT (603712.4436114173 7793816.8240858335),C
2023,3106200,1,18130,1,31814470,POINT (612751.0705461515 7805087.042983153),C
2023,3106200,1,21238,1,31035536,POINT (613762.3819830475 7801419.361824502),C
2023,3106200,1,31012,1,31520260,POINT (608105.5709523245 7808352.748220757),C
2023,3106200,1,29506,1,30850300,POINT (604668.1995103332 7797169.2553636655),C
2023,3106200,1,32400,1,30516260,POINT (605737.9516609111 7793820.148568714),C
2023,3106200,1,15319,1,31060170,POINT (614220.7934137065 7799709.351739887),C
2023,3106200,1,33147,1,31250290,POINT (608938.687275965 7800825.300346432),C
2023,3106200,1,33147,1,31260240,POINT (610739.374841929 7803670.652665728),C
2023,3106200,1,33121,1,30150240,POINT (612756.6127868969 7796672.174772529),C
2023,3106200,1,32507,1,31540000,POINT (605711.9491886019 7807514.131684845),C
2023,3106200,1,10911,1,31540000,POINT (605711.9491886019 7807514.131684845),C
2023,3106200,1,10911,1,30610000,POINT (603684.26034498 7792838.836918727),C
2023,3106200,1,10911,1,30660015,POINT (601384.4670244983 7789954.0359090045),C
2023,3106200,1,25420,1,30270360,POINT (614414.794642335 7797196.437950142),C
2023,3106200,1,10911,1,30431001,POINT (607672.9890030287 7795383.421654963),C
2023,3106200,1,13511,1,30220000,POINT (612909.3467211042 7794956.31069012),C
2023,3106200,1,22293,1,31255080,POINT (608961.2933021847 7801799.788460743),C
2023,3106200,1,33147,1,31560240,POINT (607280.5480191362 7805624.052982368),C
2023,3106200,1,18130,1,30840350,POINT (604597.8272570643 7800583.797175325),C
2023,3106200,1,31047,1,31580380,POINT (605211.4165518637 7807153.454049044),C
2023,3106200,1,25993,1,31720000,POINT (609422.6213522094 7807606.684484867),C
2023,3106200,1,10953,1,31730510,POINT (610512.7121500534 7806818.903722869),C
2023,3106200,1,32507,1,30150330,POINT (612647.7844173505 7796474.012750464),C
2023,3106200,1,33121,1,30431420,POINT (607924.9512502186 7793977.189519709),C
2023,3106200,1,31012,1,31050200,POINT (616140.1551476994 7799143.615463249),C
2023,3106200,1,10911,1,30421270,POINT (607257.405461442 7795359.045105934),C
2023,3106200,1,29506,1,31130070,POINT (610722.5749683977 7799781.9862588495),C
2023,3106200,1,10911,1,31742119,POINT (611524.61406578 7806572.252417029),C
2023,3106200,1,33147,1,31840220,POINT (613057.0761396745 7805420.145210075),C
2023,3106200,1,10911,1,31170370,POINT (613170.7191370967 7800759.397600206),C
2023,3106200,1,32914,1,31610390,POINT (609467.4981865037 7809151.894307699),C
2023,3106200,1,33198,1,30150334,POINT (612544.5021453375 7796037.519996593),C
2023,3106200,1,18130,1,30421265,POINT (607038.8245906944 7795130.661709345),C
2023,3106200,1,10139,1,31540190,POINT (605556.7927534641 7807277.723088235),C
2023,3106200,1,10996,1,30441194,POINT (608795.7941972077 7793950.743699938),C
2023,3106200,1,15319,1,31748025,POINT (610191.8150775263 7808892.158951329),C
2023,3106200,1,14126,1,31030030,POINT (613251.1912379571 7798088.525229501),C
2023,3106200,1,14126,1,31640630,POINT (607479.3985188163 7810730.239415548),C
2023,3106200,1,14126,1,31010070,POINT (612605.6914509693 7797443.135626892),C
2023,3106200,1,14126,1,30720552,POINT (606869.237464165 7798542.662205391),C
2023,3106200,1,14126,1,31710040,POINT (608450.1969823021 7805891.349924864),C
2023,3106200,1,14126,1,31110050,POINT (611724.3454627277 7798270.49813969),C
2023,3106200,1,20631,1,30627215,POINT (602236.7721759052 7788755.4099635845),C
2023,3106200,1,33295,1,30150170,POINT (612180.5076971399 7797096.319488769),C
2023,3106200,1,14223,1,30411305,POINT (608076.7575554773 7796579.392122185),C
2023,3106200,1,13511,1,31360520,POINT (602816.9257423187 7802846.888476547),C
2023,3106200,1,25110,1,30320570,POINT (610540.6820415074 7790907.247806389),C
2023,3106200,1,33147,1,31235060,POINT (609444.7301796527 7800378.309842611),C
2023,3106200,1,10911,1,30140060,POINT (612359.293140156 7795909.758405505),C
2023,3106200,1,33198,1,31950230,POINT (615148.9394892518 7802625.781201259),C
2023,3106200,1,10911,1,30411330,POINT (607975.627412043 7796792.81817412),C
2023,3106200,1,10911,1,31515320,POINT (608859.7105992791 7807869.832206117),C
2023,3106200,1,16293,1,30220000,POINT (612909.3467211042 7794956.31069012),C
2023,3106200,1,32990,1,30510160,POINT (605286.0314968122 7794936.715040399),C
2023,3106200,1,25390,1,30626630,POINT (603708.3073585541 7787827.751062354),C
2023,3106200,1,33295,1,30626030,POINT (602906.743143614 7788331.984611865),C
2023,3106200,1,14134,1,30150280,POINT (612313.6556342867 7796801.297514062),C
2023,3106200,1,22293,1,30280200,POINT (614785.0481370419 7798561.839544705),C
2023,3106200,1,29506,1,30672000,POINT (601674.7526104708 7785422.434405171),C
2023,3106200,1,33139,1,31510400,POINT (608775.9226358084 7808397.0320927985),C
2023,3106200,1,20631,1,30285360,POINT (615754.8026860887 7797455.165608341),C
2023,3106200,1,10911,1,30626497,POINT (602740.5093545538 7787642.168714168),C
2023,3106200,1,10996,1,31330310,POINT (604863.1024824753 7801844.594558105),C
2023,3106200,1,23915,1,31565100,POINT (608150.6397655045 7806544.731713871),C
2023,3106200,1,10911,1,31160560,POINT (611903.3611416081 7802149.499731809),C
2023,3106200,1,15319,1,31140240,POINT (611451.2073960247 7799795.52681103),C
2023,3106200,1,32302,1,30720500,POINT (607034.9088051458 7798374.6354325395),C
2023,3106200,1,23303,1,30530570,POINT (604752.0165386708 7795287.108027575),C
2023,3106200,1,10945,1,31540070,POINT (605752.8103130418 7808255.677935669),C
2023,3106200,1,20991,1,30855290,POINT (603510.4138692011 7796809.4750831),C
2023,3106200,1,18211,1,30750053,POINT (606696.6686430918 7798163.26160168),C
2023,3106200,1,27104,1,30550000,POINT (606384.411850431 7794530.053901665),C
2023,3106200,1,10139,1,30690270,POINT (599510.9007660736 7790543.425732742),C
2023,3106200,1,10911,1,30664260,POINT (600664.7193191432 7787146.608844763),C
2023,3106200,1,33210,1,31748075,POINT (610332.1598190948 7809981.654316375),C
2023,3106200,1,32507,1,31730687,POINT (610773.4495140656 7806097.029419417),C
2023,3106200,1,25438,1,30640210,POINT (602490.1235886271 7791313.783983318),C
2023,3106200,1,22293,1,31720270,POINT (609686.1080698844 7807540.562214421),C
2023,3106200,1,10961,1,30770580,POINT (607997.2795538628 7799030.791623689),C
2023,3106200,1,11135,1,31810565,POINT (612214.0868066079 7804248.1693535745),C
2023,3106200,1,14134,1,31520095,POINT (607961.6685556347 7808598.764989047),C
2023,3106200,1,13537,1,31580170,POINT (605150.6623033392 7808652.161064478),C
2023,3106200,1,33147,1,31060480,POINT (615102.6235316786 7800075.294833766),C
2023,3106200,1,18113,1,30150380,POINT (612091.9976247122 7798261.4551723255),C
2023,3106200,1,25420,1,31235060,POINT (609444.7301796527 7800378.309842611),C
2023,3106200,1,14134,1,31578160,POINT (604352.2028833656 7809106.2845057715),C
2023,3106200,1,14118,1,31720200,POINT (609083.8268966685 7806798.978634355),C
2023,3106200,1,32116,1,31742036,POINT (611195.9289090278 7806513.813265962),C
2023,3106200,1,32507,1,30150334,POINT (612544.5021453375 7796037.519996593),C
2023,3106200,1,13405,1,30411247,POINT (607733.2673539476 7796144.212666012),C
2023,3106200,1,18130,1,30180110,POINT (610590.2267319143 7797375.6470610015),C
2023,3106200,1,32507,1,30110039,POINT (610713.0002240587 7796788.145000299),C
2023,3106200,1,33295,1,31520390,POINT (607323.4531400481 7808460.500928682),C
2023,3106200,1,32990,1,30730570,POINT (605751.7286273206 7801194.954524748),C
2023,3106200,1,25322,1,30810120,POINT (606112.237355754 7799403.156286921),C
2023,3106200,1,10911,1,31840460,POINT (612130.0901209732 7806066.025517317),C
2023,3106200,1,32507,1,30150230,POINT (612790.4194765347 7796737.814220337),C
2023,3106200,1,10911,1,31210570,POINT (609454.4558823709 7798593.359986104),C
2023,3106200,1,23991,1,31840220,POINT (613057.0761396745 7805420.145210075),C
2023,3106200,1,33139,1,30870230,POINT (603313.3444463437 7798705.898265284),C
2023,3106200,1,33147,1,30550180,POINT (606745.7332406812 7794485.102058124),C
2023,3106200,1,33147,1,30590262,POINT (605049.837897899 7792490.2457734775),C
2023,3106200,1,25993,1,30692530,POINT (599267.1708291171 7788795.670296662),C
2023,3106200,1,10961,1,31110620,POINT (611024.969723519 7798850.225539586),C
2023,3106200,1,33147,1,30692260,POINT (599080.1948329231 7790028.40704759),C
2023,3106200,1,20631,1,31255240,POINT (609734.6460419452 7802352.93796834),C
2023,3106200,1,10996,1,30210590,POINT (613137.2617351023 7794057.71829447),C
2023,3106200,1,25390,1,31930090,POINT (614591.6550055537 7802545.87188643),C
2023,3106200,1,17494,1,31160660,POINT (612004.0549869633 7802653.449588062),C
2023,3106200,1,31012,1,30880133,POINT (602825.0019631722 7799132.20510816),C
2023,3106200,1,33198,1,31730290,POINT (610386.4465620659 7806954.385097932),C
2023,3106200,1,28291,1,31310650,POINT (606361.8228072941 7802072.470856758),C
2023,3106200,1,25993,1,31250040,POINT (608775.7361196259 7800195.167702597),C
2023,3106200,1,10961,1,31360060,POINT (603921.8157737959 7802528.448073376),C
2023,3106200,1,10911,1,30140004,POINT (611527.140741781 7795768.58156713),C
2023,3106200,1,10911,1,30575270,POINT (607442.2122371778 7790671.379681686),C
2023,3106200,1,10325,1,30710182,POINT (609235.9694264657 7797416.189285368),C
2023,3106200,1,10911,1,30130090,POINT (612494.892819289 7796153.492235249),C
2023,3106200,1,33147,1,31680150,POINT (605391.0979948699 7810109.033852169),C
2023,3106200,1,10911,1,31255170,POINT (609227.1011637574 7801658.210381579),C
2023,3106200,1,25390,1,30525000,POINT (603813.5998304943 7795199.906381581),C
2023,3106200,1,25110,1,31652320,POINT (606817.6710156293 7812162.013384653),C
2023,3106200,1,18130,1,30390120,POINT (607192.4385013673 7788021.3567444235),C
2023,3106200,1,10911,1,30626660,POINT (603667.3668152527 7787845.417033439),C
2023,3106200,1,10911,1,30664170,POINT (600479.6948760315 7787620.218061172),C
2023,3106200,1,14126,1,31520000,POINT (607976.6224041866 7808360.5809374275),C
2023,3106200,1,14126,1,30770550,POINT (608000.7416655023 7798553.280087883),C
2023,3106200,1,14126,1,30140171,POINT (610917.3475650011 7794893.592286294),C
2023,3106200,1,14126,1,30310250,POINT (612562.2731622537 7794102.010500349),C
2023,3106200,1,14126,1,30431054,POINT (608252.1822665173 7795552.802541885),C
2023,3106200,1,14126,1,30411189,POINT (608660.3992768443 7795979.186682075),C
2023,3106200,1,14126,1,30411177,POINT (608479.7720156051 7796236.994463373),C
2023,3106200,1,14126,1,30441102,POINT (608882.174180049 7795162.531677827),C
2023,3106200,1,15394,1,31150630,POINT (611094.1569136534 7801319.888628388),C
2023,3106200,1,31012,1,30390085,POINT (607991.7886752043 7796755.870236513),C
2023,3106200,1,23915,1,31741401,POINT (611555.1112377226 7804427.094010269),C
2023,3106200,1,33139,1,30820272,POINT (604815.9090273551 7798316.57051305),C
2023,3106200,1,10139,1,31530580,POINT (606826.3105846712 7808021.588611348),C
2023,3106200,1,23915,1,30865200,POINT (602449.9219518375 7797639.0107723195),C
2023,3106200,1,22226,1,31510254,POINT (608098.4728657033 7807903.052126163),C
2023,3106200,1,27228,1,31680050,POINT (605174.2138755079 7810280.975701038),C
2023,3106200,1,14134,1,31550040,POINT (606385.9339243755 7805998.214634743),C
2023,3106200,1,32507,1,31650100,POINT (607810.4378465064 7811385.763096716),C
2023,3106200,1,18211,1,30870020,POINT (604091.2372317275 7798506.226858875),C
2023,3106200,1,18130,1,30620330,POINT (603788.9694509238 7789309.094565098),C
2023,3106200,1,14118,1,30411137,POINT (608653.4694456152 7796294.743961436),C
2023,3106200,1,10961,1,31530160,POINT (606974.3298264814 7807306.116113509),C
2023,3106200,1,31012,1,31970000,POINT (615687.6985457089 7803746.440423543),C
2023,3106200,1,25390,1,30570450,POINT (606969.0842500136 7792527.888927674),C
2023,3106200,1,27406,1,31370560,POINT (603314.1082774288 7806431.936297132),C
2023,3106200,1,32507,1,31360180,POINT (603628.3043630702 7802229.496911275),C
2023,3106200,1,33147,1,31742058,POINT (611312.7258463465 7806343.1905503),C
2023,3106200,1,25128,1,30628000,POINT (603871.7220697864 7787371.250852637),C
2023,3106200,1,22129,1,31742036,POINT (611195.9289090278 7806513.813265962),C
2023,3106200,1,16293,1,31275030,POINT (608104.2837808463 7803631.369845852),C
2023,3106200,1,33139,1,30710020,POINT (610075.7142118912 7797724.562158667),C
2023,3106200,1,22196,1,31110280,POINT (610893.3387393922 7798158.513730336),C
2023,3106200,1,10520,1,30350390,POINT (609441.3262032872 7793327.7658633385),C
2023,3106200,1,33147,1,30860330,POINT (603739.756537487 7798439.10829667),C
2023,3106200,1,31012,1,30820280,POINT (604888.1439198194 7798375.888367338),C
2023,3106200,1,10911,1,31010320,POINT (613714.8168437245 7797370.909948693),C
2023,3106200,1,10911,1,30664180,POINT (600472.6253561107 7787564.164777476),C
2023,3106200,1,32507,1,31990230,POINT (615570.0269762393 7804451.118269139),C
2023,3106200,1,31012,1,30390250,POINT (607934.484397298 7788488.085739258),C
2023,3106200,1,31012,1,30671015,POINT (603161.2633110296 7786950.523519466),C
2023,3106200,1,13405,1,30810000,POINT (606748.5182189122 7799645.723718284),C
2023,3106200,1,25110,1,30110044,POINT (610824.8288502372 7794866.622822353),C
2023,3106200,1,32990,1,30710420,POINT (608508.51343158 7798176.725465786),C
2023,3106200,1,25438,1,30610010,POINT (604169.6626054518 7792889.395398121),C
2023,3106200,1,10911,1,30431170,POINT (608585.3563296344 7794811.975340564),C
2023,3106200,1,10961,1,30210490,POINT (613323.3176901386 7794145.6999435425),C
2023,3106200,1,29506,1,30810110,POINT (606236.9425964688 7799378.081250254),C
2023,3106200,1,25322,1,31150380,POINT (610003.1819156614 7801693.530970604),C
2023,3106200,1,10911,1,30170110,POINT (610341.2704439149 7796941.578858232),C
2023,3106200,1,10813,1,31110840,POINT (611176.7312887515 7799559.225573095),C
2023,3106200,1,18130,1,31210440,POINT (609464.3440877121 7797863.242755787),C
2023,3106200,1,33121,1,30830020,POINT (605136.8347055343 7797789.057308912),C
2023,3106200,1,10911,1,30310010,POINT (611669.6586448002 7794432.6552115735),C
2023,3106200,1,10945,1,30820485,POINT (604916.382130177 7798599.795782892),C
2023,3106200,1,26515,1,30775070,POINT (607696.867886345 7799436.162565505),C
2023,3106200,1,10538,1,31310530,POINT (606337.3444735244 7802359.624335969),C
2023,3106200,1,10945,1,30310520,POINT (612169.9290470617 7793966.288224093),C
2023,3106200,1,11135,1,31140030,POINT (611951.4550706983 7799188.14204379),C
2023,3106200,1,10538,1,31844090,POINT (613330.3505625217 7805950.004995583),C
2023,3106200,1,25128,1,30840580,POINT (605340.118001737 7799724.257403804),C
2023,3106200,1,22293,1,30510000,POINT (604943.6396112863 7795029.020040604),C
2023,3106200,1,29492,1,31110450,POINT (610552.1267501588 7799099.852391459),C
2023,3106200,1,16293,1,31990070,POINT (615928.4375008821 7804310.340153443),C
2023,3106200,1,10325,1,31160130,POINT (611662.0449671646 7801033.42945693),C
2023,3106200,1,33198,1,30692665,POINT (599894.1221075337 7788392.837047673),C
2023,3106200,1,31012,1,30410600,POINT (607375.3022071603 7796396.045369072),C
2023,3106200,1,25926,1,30516170,POINT (605920.8585797974 7793658.0121055655),C
2023,3106200,1,27317,1,30510000,POINT (604943.6396112863 7795029.020040604),C
2023,3106200,1,10911,1,31840220,POINT (613057.0761396745 7805420.145210075),C
2023,3106200,1,10961,1,30575815,POINT (607321.1505097745 7790464.135914478),C
2023,3106200,1,18130,1,31970632,POINT (617890.3145952409 7803743.033358144),C
2023,3106200,1,25128,1,31255200,POINT (608851.5216657304 7801730.820281412),C
2023,3106200,1,33295,1,31030520,POINT (611967.1477978394 7798726.847137822),C
2023,3106200,1,25420,1,30411223,POINT (608122.2789650034 7795871.496436572),C
2023,3106200,1,15211,1,30411262,POINT (607762.0368756355 7796207.681156432),C
2023,3106200,1,33147,1,31580300,POINT (605111.892853512 7807966.597702189),C
2023,3106200,1,31012,1,31930010,POINT (614773.2251649917 7802351.342478922),C
2023,3106200,1,25128,1,31744518,POINT (610641.1667675973 7807779.806506848),C
2023,3106200,1,10317,1,30150340,POINT (612780.6692950209 7796455.300148992),C
2023,3106200,1,10911,1,30330130,POINT (611163.9039589085 7794074.024363903),C
2023,3106200,1,27597,1,30530190,POINT (604895.7827701798 7795843.159793497),C
2023,3106200,1,23303,1,31970080,POINT (615749.521298133 7803847.722513914),C
2023,3106200,1,15211,1,31720130,POINT (609350.5370735641 7806933.295142999),C
2023,3106200,1,33198,1,31570410,POINT (607313.5584561926 7809796.995809125),C
2023,3106200,1,10911,1,30250435,POINT (614687.4768452293 7795781.152745241),C
2023,3106200,1,10911,1,30190003,POINT (610017.5978690815 7796838.669406331),C
2023,3106200,1,14134,1,30190110,POINT (610020.6128987402 7796908.619789165),C
2023,3106200,1,32124,1,31070220,POINT (615363.5843543338 7800475.315013114),C
2023,3106200,1,10937,1,30140069,POINT (610735.2785343122 7796327.158368234),C
2023,3106200,1,33210,1,31310080,POINT (606756.8321672652 7803203.003177737),C
2023,3106200,1,15211,1,30664280,POINT (600395.2870455966 7787403.171710122),C
2023,3106200,1,18211,1,30190062,POINT (609986.6842825616 7797121.324823307),C
2023,3106200,1,10961,1,30270170,POINT (614244.5463847531 7796874.66443052),C
2023,3106200,1,10911,1,31710400,POINT (609483.2838780407 7805454.395819402),C
2023,3106200,1,10961,1,30664730,POINT (600564.3744010134 7787845.955151387),C
2023,3106200,1,28330,1,31515300,POINT (609251.4940790934 7807508.929640653),C
2023,3106200,1,31012,1,30626210,POINT (602939.1479262526 7787931.551699353),C
2023,3106200,1,32507,1,31573490,POINT (605768.56684422 7808556.423782709),C
2023,3106200,1,25993,1,31210430,POINT (609328.7827105529 7798275.712424381),C
2023,3106200,1,13405,1,30315520,POINT (611543.5852568797 7793371.556714764),C
2023,3106200,1,26515,1,31310260,POINT (607029.0916696028 7800397.861741317),C
2023,3106200,1,14223,1,30882550,POINT (603894.4975534428 7801284.204231332),C
2023,3106200,1,33147,1,30880090,POINT (603700.5842881529 7799295.812871713),C
2023,3106200,1,18130,1,31015294,POINT (612167.0069206358 7797868.736005127),C
2023,3106200,1,10911,1,30260340,POINT (613929.3944182463 7796200.011330819),C
2023,3106200,1,14126,1,31510020,POINT (609072.382259515 7808458.537677188),C
2023,3106200,1,14126,1,30881230,POINT (602450.7140918485 7799550.786075246),C
2023,3106200,1,14126,1,30880200,POINT (603323.6794821848 7799312.920618754),C
2023,3106200,1,14126,1,30411189,POINT (608660.3992768443 7795979.186682075),C
2023,3106200,1,14126,1,30664270,POINT (600473.6236921834 7787454.778509228),C
2023,3106200,1,14126,1,30180114,POINT (610479.042675574 7797019.867941896),C
2023,3106200,1,14126,1,30644310,POINT (602776.3182553777 7789596.341812074),C
2023,3106200,1,14126,1,30190110,POINT (610020.6128987402 7796908.619789165),C
2023,3106200,1,14126,1,30150250,POINT (612694.6819605967 7796544.13331545),C
2023,3106200,1,14126,1,30190051,POINT (610468.5867204958 7796840.921517029),C
2023,3106200,1,22293,1,30880294,POINT (602437.8130513912 7798886.548538465),C
2023,3106200,1,28291,1,31130090,POINT (610259.910501688 7800152.426522277),C
2023,3106200,1,10945,1,31110420,POINT (610659.7972840406 7798815.640011579),C
2023,3106200,1,25934,1,30660140,POINT (601889.1897391395 7789818.117697863),C
2023,3106200,1,18130,1,31580200,POINT (605112.0620673199 7808416.312614475),C
2023,3106200,1,31012,1,31842330,POINT (612880.7228579404 7806234.224288846),C
2023,3106200,1,18113,1,30525160,POINT (603302.7392077266 7795285.584916663),C
2023,3106200,1,14134,1,31270760,POINT (608804.6552786821 7804447.409083368),C
2023,3106200,1,25993,1,31950000,POINT (614771.1795141533 7802575.627140684),C
2023,3106200,1,25420,1,31578620,POINT (604527.4440993613 7808217.076804362),C
2023,3106200,1,18211,1,30882370,POINT (603407.3449246226 7801553.168370109),C
2023,3106200,1,10996,1,30660304,POINT (602421.9539551017 7789342.940377388),C
2023,3106200,1,32507,1,30170131,POINT (610601.5686101562 7797217.134800181),C
2023,3106200,1,16293,1,30710090,POINT (609902.8771121943 7797570.174395533),C
2023,3106200,1,33139,1,30590020,POINT (605344.4146350253 7791765.277937439),C
2023,3106200,1,10325,1,30240130,POINT (613018.5343776145 7795276.632613592),C
2023,3106200,1,10911,1,31035450,POINT (613153.6102059166 7799156.248880248),C
2023,3106200,1,10911,1,31615250,POINT (607913.6597240956 7809501.351518203),C
2023,3106200,1,31021,1,30610100,POINT (603609.358607244 7792916.040290019),C
2023,3106200,1,32124,1,31680120,POINT (605405.940084169 7810129.503720445),C
2023,3106200,1,25420,1,30451381,POINT (607958.6039454108 7793665.569712851),C
2023,3106200,1,25390,1,31995000,POINT (616005.6825894254 7805935.658469114),C
2023,3106200,1,11135,1,30730130,POINT (606152.1727406164 7797430.030427769),C
2023,3106200,1,10911,1,30160048,POINT (610559.1132215369 7795154.100635167),C
2023,3106200,1,31012,1,30575170,POINT (607520.634184304 7791146.422136465),C
2023,3106200,1,25110,1,30668277,POINT (601757.5898812293 7786912.287255617),C
2023,3106200,1,32990,1,30770135,POINT (608053.8039744424 7798341.779902429),C
2023,3106200,1,31012,1,30140069,POINT (610735.2785343122 7796327.158368234),C
2023,3106200,1,23915,1,30310480,POINT (610634.6706662152 7797880.315475018),C
2023,3106200,1,10961,1,31060190,POINT (614294.1909951123 7799834.922313597),C
2023,3106200,1,33147,1,30110044,POINT (610824.8288502372 7794866.622822353),C
2023,3106200,1,15297,1,30280370,POINT (614649.3824570507 7797796.277494144),C
2023,3106200,1,29506,1,31170670,POINT (612661.5133976166 7801413.586558033),C
2023,3106200,1,25390,1,30666472,POINT (601198.1646318599 7786684.171019485),C
2023,3106200,1,33121,1,31525000,POINT (607615.4604504697 7807943.015509379),C
2023,3106200,1,10911,1,30431045,POINT (608102.7115616724 7795560.475000564),C
2023,3106200,1,14134,1,30855075,POINT (602166.5093241229 7796274.376227353),C
2023,3106200,1,10911,1,30220400,POINT (613605.8513104632 7794719.926370876),C
2023,3106200,1,18300,1,30380252,POINT (610005.4798291624 7794349.29759512),C
2023,3106200,1,18229,1,31540150,POINT (605711.8302832134 7807888.605216889),C
2023,3106200,1,18130,1,30190110,POINT (610020.6128987402 7796908.619789165),C
2023,3106200,1,10911,1,31310430,POINT (606508.2699045854 7802699.575516669),C
2023,3106200,1,10961,1,31580050,POINT (604943.622613572 7807819.564870385),C
2023,3106200,1,24121,1,30360740,POINT (610146.9311913848 7790990.696896018),C
2023,3106200,1,25420,1,30532040,POINT (604276.8117324626 7795147.04365648),C
2023,3106200,1,32507,1,30150281,POINT (612054.7295869811 7795854.557193606),C
2023,3106200,1,33147,1,31710520,POINT (609360.1003631733 7805841.250245345),C
2023,3106200,1,29506,1,30644010,POINT (603234.5546860198 7789059.681398008),C
2023,3106200,1,31012,1,30535590,POINT (606068.3590723902 7796363.6000401955),C
2023,3106200,1,25420,1,30662060,POINT (600432.9959300732 7789229.748579523),C
2023,3106200,1,33139,1,31255180,POINT (609435.7384449337 7802070.971322649),C
2023,3106200,1,25390,1,30690580,POINT (599358.6584405887 7790625.555471882),C
2023,3106200,1,21238,1,31035536,POINT (613762.3819830475 7801419.361824502),C
2023,3106200,1,26221,1,31275020,POINT (608115.0405161614 7803555.781592492),C
2023,3106200,1,20631,1,30670370,POINT (602996.7896034747 7787033.088405335),C
2023,3106200,1,13511,1,30620330,POINT (603788.9694509238 7789309.094565098),C
2023,3106200,1,18229,1,30550350,POINT (606399.3217002782 7794071.095574362),C
2023,3106200,1,10911,1,30510070,POINT (605643.8500848822 7794465.512475004),C
2023,3106200,1,33210,1,30555040,POINT (606882.6374449963 7793501.656688751),C
2023,3106200,1,33121,1,30850380,POINT (604440.9412409274 7797207.026753541),C
2023,3106200,1,18229,1,31570000,POINT (606527.5639315508 7809845.909868864),C
2023,3106200,1,29506,1,30610030,POINT (603834.9829059865 7792736.433550415),C
2023,3106200,1,18130,1,31870190,POINT (614439.4021931652 7805179.4990559425),C
2023,3106200,1,26108,1,31150480,POINT (610442.9831181675 7801597.082142187),C
2023,3106200,1,18229,1,31510070,POINT (608674.7530028924 7808649.485896496),C
2023,3106200,1,10911,1,30620220,POINT (604423.2591010055 7790081.13142699),C
2023,3106200,1,22226,1,30692662,POINT (599873.489580245 7788438.593850476),C
2023,3106200,1,23303,1,30672250,POINT (601523.9785315989 7785810.714395712),C
2023,3106200,1,13511,1,30627230,POINT (602383.5320869096 7788548.471126246),C
2023,3106200,1,10317,1,30730130,POINT (606152.1727406164 7797430.030427769),C
2023,3106200,1,31012,1,30662320,POINT (600868.3506174091 7789370.130347381),C
2023,3106200,1,10911,1,31230613,POINT (609127.0627922984 7799583.579386104),C
2023,3106200,1,10911,1,31230560,POINT (609454.3488524829 7799190.800667567),C
2023,3106200,1,23494,1,31660180,POINT (606342.8963566761 7810390.873415031),C
2023,3106200,1,13596,1,31310580,POINT (606389.7916744152 7802280.112262638),C
2023,3106200,1,27104,1,31330572,POINT (605550.1950564065 7801410.370246595),C
2023,3106200,1,10961,1,30720260,POINT (607438.2241501829 7797176.501656003),C
2023,3106200,1,18130,1,30881202,POINT (602758.2177564501 7799242.595725776),C
2023,3106200,1,17311,1,30750510,POINT (607148.1888086753 7799064.556357437),C
2023,3106200,1,11135,1,30855450,POINT (603639.02971908 7796449.61544987),C
2023,3106200,1,29506,1,30820110,POINT (605457.7484663241 7798686.784302924),C
2023,3106200,1,31021,1,31930430,POINT (614380.6641551091 7803696.831041826),C
2023,3106200,1,10996,1,30770550,POINT (608000.7416655023 7798553.280087883),C
2023,3106200,1,32507,1,30380103,POINT (608814.2170363822 7793323.528429205),C
2023,3106200,1,22293,1,31250600,POINT (609465.0236741626 7801128.434725471),C
2023,3106200,5,18229,1,31270320,POINT (609310.3941658353 7803779.04278131),C
2023,3106200,1,33147,1,30880550,POINT (601974.1966866837 7798655.210350145),C
2023,3106200,1,29506,1,30690020,POINT (599326.7857133825 7790631.366809814),C
2023,3106200,1,15211,1,30140069,POINT (610735.2785343122 7796327.158368234),C
2023,3106200,1,10911,1,30270050,POINT (614109.291367902 7797232.587509247),C
2023,3106200,1,14126,1,30270102,POINT (614707.2919970931 7797344.631939627),C
2023,3106200,1,14126,1,30190082,POINT (610035.3578400059 7796597.902611225),C
2023,3106200,1,14126,1,30110039,POINT (610713.0002240587 7796788.145000299),C
2023,3106200,1,14126,1,30411223,POINT (608122.2789650034 7795871.496436572),C
2023,3106200,1,14126,1,30494080,POINT (608156.2294777605 7793074.274261529),C
2023,3106200,1,14126,1,31710350,POINT (609176.7268602467 7805617.931400115),C
2023,3106200,1,31012,1,30626470,POINT (603850.9651983917 7788072.923156159),C
2023,3106200,1,33147,1,31742179,POINT (611894.7147605938 7807195.61994124),C
2023,3106200,1,23117,1,31330142,POINT (604190.2882792256 7801536.951888979),C
2023,3106200,1,15211,1,30180114,POINT (610479.042675574 7797019.867941896),C
2023,3106200,1,25390,1,30510280,POINT (605435.2158262194 7794828.855354768),C
2023,3106200,1,31012,1,31545000,POINT (604874.0355886678 7806962.358475158),C
2023,3106200,1,15319,1,30775360,POINT (608058.653941909 7799772.529953687),C
2023,3106200,1,27104,1,31030030,POINT (613251.1912379571 7798088.525229501),C
2023,3106200,1,27902,1,31330382,POINT (604528.2723972069 7801927.47584663),C
2023,3106200,1,10961,1,31510030,POINT (609009.3870829381 7808502.721334197),C
2023,3106200,1,25110,1,30662412,POINT (600090.0473095104 7788852.766778828),C
2023,3106200,1,18130,1,30130183,POINT (611268.5514274606 7796162.445517799),C
2023,3106200,1,20622,1,30710160,POINT (609635.2055049713 7798794.921914944),C
2023,3106200,1,25322,1,31230040,POINT (608732.4625758973 7798468.828850573),C
2023,3106200,1,25420,1,30666472,POINT (601198.1646318599 7786684.171019485),C
2023,3106200,1,33147,1,31540570,POINT (611876.353216178 7805269.990631254),C
2023,3106200,1,25390,1,30530310,POINT (604639.3433295678 7795990.368531991),C
2023,3106200,1,22129,1,31615250,POINT (607913.6597240956 7809501.351518203),C
2023,3106200,1,23303,1,31615310,POINT (608547.6494005498 7808940.826777037),C
2023,3106200,1,33121,1,30620330,POINT (603788.9694509238 7789309.094565098),C
2023,3106200,1,33147,1,30180000,POINT (608686.9574974033 7797575.502738768),C
2023,3106200,1,10953,1,31015184,POINT (612041.1944827032 7797900.047758236),C
2023,3106200,1,31012,1,31130130,POINT (610009.3521769586 7799952.625866737),C
2023,3106200,1,33147,1,30575180,POINT (607667.3987230305 7790867.846350442),C
2023,3106200,1,10961,1,30421418,POINT (607455.0898948925 7794104.782108674),C
2023,3106200,1,32990,1,30390220,POINT (607702.3882084267 7788345.069931133),C
2023,3106200,1,10911,1,31748022,POINT (610173.8731938291 7808705.121016513),C
2023,3106200,1,18130,1,30170131,POINT (610601.5686101562 7797217.134800181),C
2023,3106200,1,25390,1,30750060,POINT (606523.297372003 7798633.572649775),C
2023,3106200,1,33295,1,31550100,POINT (605648.337576206 7806312.169507702),C
2023,3106200,1,22293,1,31560200,POINT (607673.8073741391 7806531.948137606),C
2023,3106200,1,25390,1,30692220,POINT (598922.2581663575 7789985.05232317),C
2023,3106200,1,25411,1,31250250,POINT (609039.3012767851 7800413.658195458),C
2023,3106200,1,10929,1,31030030,POINT (613251.1912379571 7798088.525229501),C
2023,3106200,1,25993,1,30662435,POINT (599842.983206842 7789068.263471189),C
2023,3106200,1,14134,1,31741410,POINT (611262.4963732224 7804885.302438891),C
2023,3106200,1,25420,1,30421063,POINT (606514.5999540767 7795943.675602223),C
2023,3106200,1,25420,1,31749045,POINT (610266.9213329391 7810685.228713926),C
2023,3106200,1,33139,1,31110492,POINT (612612.2960800206 7798607.649627472),C
2023,3106200,1,13511,1,30140084,POINT (611423.8038610768 7795883.166026878),C
2023,3106200,1,10929,1,31742093,POINT (611768.8173644242 7806417.878517763),C
2023,3106200,1,23303,1,31140230,POINT (611585.1407145234 7799651.192462837),C
2023,3106200,1,16293,1,30570340,POINT (607673.0613881535 7792683.912885049),C
2023,3106200,1,18130,1,30550680,POINT (606359.6274970644 7793853.009880361),C
2023,3106200,1,15319,1,30880120,POINT (603557.153542684 7799616.803292009),C
2023,3106200,1,22293,1,30421015,POINT (607471.306236968 7796232.073179139),C
2023,3106200,1,10911,1,30286070,POINT (616823.530042378 7798207.929902076),C
2023,3106200,1,33147,1,30662150,POINT (600539.4896823928 7789671.485978164),C
2023,3106200,1,10911,1,30493030,POINT (608580.3668497874 7791541.710578303),C
2023,3106200,1,18229,1,30180110,POINT (610590.2267319143 7797375.6470610015),C
2023,3106200,1,25420,1,31160240,POINT (611740.1583850461 7801334.983461941),C
2023,3106200,1,32990,1,30640040,POINT (602878.0260587861 7791104.282322833),C
2023,3106200,1,14118,1,31530290,POINT (606601.5972239085 7807324.429110918),C
2023,3106200,1,25420,1,30660570,POINT (601605.8184377761 7789236.06281079),C
2023,3106200,1,33147,1,31530620,POINT (606565.1052824318 7808052.269589668),C
2023,3106200,1,18229,1,30330016,POINT (611203.3633779683 7794325.527519719),C
2023,3106200,1,18130,1,30180110,POINT (610590.2267319143 7797375.6470610015),C
2023,3106200,1,18113,1,30710090,POINT (609902.8771121943 7797570.174395533),C
2023,3106200,1,33147,1,31920740,POINT (613912.9243691437 7802957.830146122),C
2023,3106200,1,33147,1,31985320,POINT (614828.3937200647 7804303.865120921),C
2023,3106200,1,22226,1,30690230,POINT (599716.4100447024 7790206.486577086),C
2023,3106200,1,32507,1,30130001,POINT (610940.9095915728 7797283.569848858),C
2023,3106200,1,18130,1,31340570,POINT (605572.9375813183 7803744.6843149485),C
2023,3106200,1,10911,1,31530310,POINT (606716.4197762948 7807285.492968401),C
2023,3106200,1,29506,1,30610730,POINT (605334.743385561 7790807.048051999),C
2023,3106200,1,31012,1,31540020,POINT (605926.8885979712 7808152.657648275),C
2023,3106200,1,29506,1,30692270,POINT (598934.8720758767 7789988.159721257),C
2023,3106200,1,17494,1,31520090,POINT (607932.6058106632 7808484.9603997795),C
2023,3106200,1,10961,1,31010430,POINT (613816.003215062 7797949.437479721),C
2023,3106200,1,18113,1,31255090,POINT (609172.5777710284 7801843.303126637),C
2023,3106200,1,17494,1,30710090,POINT (609902.8771121943 7797570.174395533),C
2023,3106200,1,10911,1,31150260,POINT (610628.3531206527 7801203.626660783),C
2023,3106200,1,32507,1,30170000,POINT (611373.6937874126 7796469.637980655),C
2023,3106200,1,10139,1,30880410,POINT (602386.5362315465 7798548.0387419425),C
2023,3106200,1,18130,1,30882650,POINT (603733.5343104277 7801715.955446258),C
2023,3106200,1,22196,1,31250690,POINT (608547.4108486893 7800920.454799674),C
2023,3106200,1,10911,1,31140360,POINT (611801.7163284112 7799992.0387982465),C
2023,3106200,1,28291,1,30411400,POINT (607286.2963115302 7796516.726632765),C
2023,3106200,1,10911,1,30310710,POINT (611723.432649463 7793807.58733632),C
2023,3106200,1,10911,1,31840420,POINT (611862.329277265 7806140.493760574),C
2023,3106200,1,23303,1,30280370,POINT (614649.3824570507 7797796.277494144),C
2023,3106200,1,26604,1,30280430,POINT (614824.466061852 7798103.224646028),C
2023,3106200,1,22226,1,31870360,POINT (614483.6720992504 7805477.590440689),C
2023,3106200,1,18211,1,31230240,POINT (609158.2899201019 7800235.375844529),C
2023,3106200,1,10953,1,30620480,POINT (604608.2039653665 7789246.127561552),C
2023,3106200,1,14126,1,31814160,POINT (613536.9608360234 7801598.527206834),C
2023,3106200,1,14126,1,30320570,POINT (610540.6820415074 7790907.247806389),C
2023,3106200,1,14126,1,30170110,POINT (610341.2704439149 7796941.578858232),C
2023,3106200,1,14126,1,30870220,POINT (603111.6709982774 7798575.047182495),C
2023,3106200,1,14126,1,30627230,POINT (602383.5320869096 7788548.471126246),C
2023,3106200,1,14126,1,31270800,POINT (608795.8273708846 7803839.648536319),C
2023,3106200,1,14126,1,31812060,POINT (612171.7394336372 7804528.386581119),C
2023,3106200,1,14126,1,31150340,POINT (609772.9898948428 7799089.858532638),C
2023,3106200,1,14126,1,30310080,POINT (611945.1693297357 7794005.101281431),C
2023,3106200,1,32507,2,30180000,POINT (608686.9574974033 7797575.502738768),C
2023,3106200,1,31012,2,31950310,POINT (614892.285001771 7802826.311628634),C
2023,3106200,1,17419,2,30550370,POINT (606034.4262214878 7794115.184518399),C
2023,3106200,1,33147,2,30240300,POINT (612930.0838402624 7795956.816353876),C
2023,3106200,1,27902,2,31970321,POINT (617577.3965111889 7805307.185929445),C
2023,3106200,1,25128,2,31565090,POINT (607868.6481596909 7806171.860166408),C
2023,3106200,1,20631,2,31565320,POINT (607992.1311380515 7806974.582625093),C
2023,3106200,1,32507,2,30130002,POINT (611190.0149468404 7796927.758529302),C
2023,3106200,1,33121,2,31110670,POINT (611191.1117570134 7799048.886652054),C
2023,3106200,1,10911,2,30516240,POINT (605961.349713587 7793806.14550797),C
2023,3106200,1,25438,2,31155040,POINT (610198.7742518503 7802321.278919267),C
2023,3106200,1,25322,2,31615250,POINT (607913.6597240956 7809501.351518203),C
2023,3106200,1,25420,2,31230390,POINT (608833.5197809528 7799324.190160759),C
2023,3106200,1,25110,2,31515180,POINT (608821.6817587005 7807593.607140776),C
2023,3106200,1,13111,2,31844270,POINT (613748.1691120495 7806135.0026303455),C
2023,3106200,1,15319,2,30881120,POINT (602560.7258228083 7799379.443959517),C
2023,3106200,1,18130,2,31530300,POINT (606896.7157927814 7807114.309991638),C
2023,3106200,1,33295,2,30730000,POINT (606240.9329215278 7796668.71881883),C
2023,3106200,1,10996,2,30140063,POINT (610255.6122102672 7796493.0297963135),C
2023,3106200,1,32990,2,31540160,POINT (605824.3069688864 7807831.942218971),C
2023,3106200,1,22293,2,30610080,POINT (603435.9942712086 7792927.254642865),C
2023,3106200,1,11119,2,30720402,POINT (607207.6163205751 7796964.891259545),C
2023,3106200,1,10937,2,30190085,POINT (610011.8534874455 7796312.152127527),C
2023,3106200,1,31012,2,30610600,POINT (605119.0540126306 7791255.4244374335),C
2023,3106200,1,10937,2,30315440,POINT (611689.4285185112 7793073.560660342),C
2023,3106200,1,23915,2,31995000,POINT (616005.6825894254 7805935.658469114),C
2023,3106200,1,32990,2,30720060,POINT (607417.8990288755 7797487.1735474225),C
2023,3106200,1,13111,2,31515393,POINT (608493.570995013 7807512.046546759),C
2023,3106200,1,25993,2,30285130,POINT (615787.7550993124 7797988.737375786),C
2023,3106200,1,13511,2,30411223,POINT (608122.2789650034 7795871.496436572),C
2023,3106200,1,10911,2,31515190,POINT (608551.4993669678 7808165.994523315),C
2023,3106200,1,33295,2,30160015,POINT (611310.3025075154 7797096.308708437),C
2023,3106200,1,25390,2,31742316,POINT (611275.6439649565 7807324.338679426),C
2023,3106200,1,18130,2,30720410,POINT (606871.367724471 7796946.376937835),C
2023,3106200,1,33295,2,31615310,POINT (608547.6494005498 7808940.826777037),C
2023,3106200,1,23915,2,30575400,POINT (606862.4799630732 7791753.482529281),C
2023,3106200,1,10911,2,31160610,POINT (611997.2669767995 7802516.094302711),C
2023,3106200,1,22226,2,31230240,POINT (609158.2899201019 7800235.375844529),C
2023,3106200,1,25926,2,31170770,POINT (612758.7778142971 7801217.230567757),C
2023,3106200,1,29450,2,30550190,POINT (606564.5688975231 7794585.971778337),C
2023,3106200,1,33198,2,30820272,POINT (604815.9090273551 7798316.57051305),C
2023,3106200,1,22293,2,30575520,POINT (606916.0725021446 7791375.719980158),C
2023,3106200,1,31012,2,30626010,POINT (602792.138982703 7788452.4635632),C
2023,3106200,1,33121,2,31270740,POINT (608899.4705858646 7804425.773951277),C
2023,3106200,1,25390,2,30421450,POINT (607502.1237886046 7794999.129879849),C
2023,3106200,1,18113,2,30285010,POINT (615232.0656480633 7798301.268189171),C
2023,3106200,1,10538,2,30411140,POINT (608751.0783972507 7796562.702757595),C
2023,3106200,1,10961,2,30710580,POINT (608645.4300796513 7797799.153700128),C
2023,3106200,1,33139,2,31742330,POINT (611391.5901608783 7807544.34828148),C
2023,3106200,1,27597,2,31110440,POINT (610483.9013626593 7799072.04072784),C
2023,3106200,1,26400,2,31260500,POINT (611689.7547076098 7803524.575649694),C
2023,3106200,1,24113,2,30140140,POINT (611373.0817596337 7795068.587723549),C
2023,3106200,1,31012,2,30730220,POINT (605678.2990915922 7797307.282936154),C
2023,3106200,1,10911,2,31310530,POINT (606337.3444735244 7802359.624335969),C
2023,3106200,1,10911,2,30620390,POINT (604164.2434802819 7789036.291808974),C
2023,3106200,1,14126,2,30411238,POINT (607914.1872787111 7795968.679699446),C
2023,3106200,1,14126,2,31130650,POINT (610953.5017287013 7800662.159290415),C
2023,3106200,1,14126,2,31030220,POINT (612687.075909543 7798501.067432331),C
2023,3106200,1,14126,2,31930020,POINT (614695.6217394866 7802429.752352877),C
2023,3106200,1,15408,3,30770000,POINT (608439.9940019744 7798450.421223139),C
2023,3106200,1,32990,3,31570200,POINT (606765.028041051 7809549.472898491),C
2023,3106200,1,18211,3,31255420,POINT (610680.4156860695 7802778.480267586),C
2023,3106200,1,32507,3,31742365,POINT (611846.1917647866 7807611.547452041),C
2023,3106200,1,10961,3,30570080,POINT (606506.1516727965 7792688.037866956),C
2023,3106200,1,10911,3,31720200,POINT (609083.8268966685 7806798.978634355),C
2023,3106200,1,23494,3,30350090,POINT (610410.5223557497 7794857.759314432),C
2023,3106200,1,23303,3,30664002,POINT (600311.939020059 7788639.400773471),C
2023,3106200,1,25390,3,30642300,POINT (602765.5682419135 7789931.07979346),C
2023,3106200,1,10911,3,30770400,POINT (607537.9722233703 7798748.889749367),C
2023,3106200,1,32990,3,30411145,POINT (608931.4948132596 7796578.995734131),C
2023,3106200,1,10911,3,31310530,POINT (606337.3444735244 7802359.624335969),C
2023,3106200,1,23303,3,30620180,POINT (604761.7549871485 7790124.862138405),C
2023,3106200,1,32507,3,30190050,POINT (611073.4546152669 7796686.136381081),C
2023,3106200,1,25926,3,30710030,POINT (610397.0448986702 7797671.291741955),C
2023,3106200,1,13511,3,30850470,POINT (604002.8216573119 7796837.79573488),C
2023,3106200,1,22196,3,30830310,POINT (604170.1761634536 7798835.890124539),C
2023,3106200,1,31012,3,30622340,POINT (605973.1752958876 7789464.701487282),C
2023,3106200,1,25420,3,31160240,POINT (611740.1583850461 7801334.983461941),C
2023,3106200,1,18130,3,30180102,POINT (611339.6685168361 7796326.049327565),C
2023,3106200,1,10996,3,31540240,POINT (605416.2904074626 7807288.2526609665),C
2023,3106200,1,10333,3,30512000,POINT (604556.8290206951 7794356.929566653),C
2023,3106200,1,28330,3,31150390,POINT (610393.1669119478 7801877.607934384),C
2023,3106200,1,10929,3,31573420,POINT (605443.892397867 7809005.86209018),C
2023,3106200,6,25926,3,31872055,POINT (613958.5852786707 7805673.580591461),C
2023,3106200,1,10945,3,30520370,POINT (602440.5476762779 7794620.908414337),C
2023,3106200,1,10911,3,31330320,POINT (604949.5213079104 7801918.224379584),C
2023,3106200,1,33295,3,30411177,POINT (608479.7720156051 7796236.994463373),C
2023,3106200,1,32990,3,30150280,POINT (612313.6556342867 7796801.297514062),C
2023,3106200,1,14134,3,31110050,POINT (611724.3454627277 7798270.49813969),C
2023,3106200,1,25993,3,30640000,POINT (602652.3660664924 7790798.705227359),C
2023,3106200,1,31012,3,30810430,POINT (605850.5986585241 7799874.49361896),C
2023,3106200,1,10911,3,30880410,POINT (602386.5362315465 7798548.0387419425),C
2023,3106200,1,33147,3,31520400,POINT (607635.0158083569 7808028.016826713),C
2023,3106200,1,15297,3,30590253,POINT (605362.2133602705 7792594.65287795),C
2023,3106200,1,14126,3,30120064,POINT (610868.0769561391 7797153.421819221),C
2023,3106200,1,14126,3,31035340,POINT (613222.2133733061 7799118.840288251),C
2023,3106200,1,33139,4,31035040,POINT (613519.70060036 7798706.503311839),C
2023,3106200,1,18130,4,31210030,POINT (610473.4696665148 7798323.4050673675),C
2023,3106200,1,32124,4,30570430,POINT (606907.6249061908 7792651.643542949),C
2023,3106200,1,15211,4,31230640,POINT (609395.6357194631 7799763.809579137),C
2023,3106200,1,17419,4,31330382,POINT (604528.2723972069 7801927.47584663),C
2023,3106200,1,10911,4,30330240,POINT (610632.9171382475 7794538.847143021),C
2023,3106200,1,16226,4,30880303,POINT (602941.0835960903 7798414.257411841),C
2023,3106200,1,32507,4,30140003,POINT (611802.9756379431 7795934.987776488),C
2023,3106200,1,32990,4,30820350,POINT (605106.9182502378 7798752.610025743),C
2023,3106200,1,22196,4,31110280,POINT (610893.3387393922 7798158.513730336),C
2023,3106200,1,10911,4,30421382,POINT (607314.1781912493 7794538.471310505),C
2023,3106200,1,27902,4,31330090,POINT (605326.3868246085 7801399.786225559),C
2023,3106200,1,25390,4,31255190,POINT (609286.6668451901 7802061.355898442),C
2023,3106200,1,29301,4,31250620,POINT (609255.3914133228 7801121.116943665),C
2023,3106200,1,25420,4,30170040,POINT (609830.0647861883 7796740.166268898),C
2023,3106200,1,10139,4,30662500,POINT (599606.157691997 7789413.85872603),C
2023,3106200,1,29506,4,30880133,POINT (602825.0019631722 7799132.20510816),C
2023,3106200,1,28291,4,30530300,POINT (604588.2474504746 7796203.04807931),C
2023,3106200,1,10996,4,30692658,POINT (599977.3598398562 7788409.660583708),C
2023,3106200,1,32922,4,31660040,POINT (606748.654273726 7810259.853752507),C
2023,3106200,1,18211,4,30720460,POINT (607240.8872372068 7797869.581881051),C
2023,3106200,1,33139,4,30710410,POINT (608530.3138728867 7797839.104153311),C
2023,3106200,1,10996,4,31250610,POINT (609430.7938698342 7801075.7826638445),C
2023,3106200,1,22129,4,31741401,POINT (611555.1112377226 7804427.094010269),C
2023,3106200,1,22226,4,30640240,POINT (602308.3382767267 7791376.110507819),C
2023,3106200,1,10961,4,31155510,POINT (611464.4989343383 7802559.911684081),C
2023,3106200,1,31012,5,31060190,POINT (614294.1909951123 7799834.922313597),C
2023,3106200,1,10538,5,30610000,POINT (603684.26034498 7792838.836918727),C
2023,3106200,1,22226,5,31870420,POINT (614349.8045675269 7805420.238979182),C
2023,3106200,1,33295,5,30320010,POINT (611046.8167219575 7793209.094484638),C
2023,3106200,1,25420,5,31680050,POINT (605174.2138755079 7810280.975701038),C
2023,3106200,1,23915,5,31535000,POINT (606484.1341635237 7808216.418691343),C
2023,3106200,1,29492,5,30870020,POINT (604091.2372317275 7798506.226858875),C
2023,3106200,1,31012,5,31810280,POINT (611893.3296851609 7803377.569169767),C
2023,3106200,1,25128,5,30260100,POINT (613799.0024802133 7797001.266690638),C
2023,3106200,1,10911,5,30570080,POINT (606506.1516727965 7792688.037866956),C
2023,3106200,1,25128,5,31744490,POINT (610674.1757739418 7808318.003499322),C
2023,3106200,1,10911,5,31110580,POINT (611360.7160786083 7798794.596108701),C
2023,3106200,1,20711,5,31110750,POINT (610669.9160511559 7799329.548202507),C
2023,3106200,1,10911,5,30624080,POINT (605077.5980290084 7788708.309781812),C
2023,3106200,1,33112,5,31930010,POINT (614773.2251649917 7802351.342478922),C
2023,3106200,1,11135,5,31255090,POINT (609172.5777710284 7801843.303126637),C
2023,3106200,1,25110,5,31340230,POINT (605578.9783404666 7802720.266125673),C
2023,3106200,1,23915,5,31150690,POINT (611057.6530125282 7801776.07268036),C
2023,3106200,1,33147,5,31210420,POINT (609659.8760221757 7798498.136949042),C
2023,3106200,1,28623,5,30532190,POINT (604102.1331950178 7794553.22797283),C
2023,3106200,1,28224,5,30610100,POINT (603609.358607244 7792916.040290019),C
2023,3106200,1,25128,5,30610730,POINT (605334.743385561 7790807.048051999),C
2023,3106200,1,18229,5,31235080,POINT (609783.1577890432 7800362.505292842),C
2023,3106200,1,14126,5,30411125,POINT (608547.6090410014 7796329.040080361),C
2023,3106200,1,14126,5,31260270,POINT (611012.7332965038 7803584.804629499),C
2023,3106200,1,10911,6,30692190,POINT (598861.0237160781 7790021.381375047),C
2023,3106200,1,25926,6,31160370,POINT (612139.1368826258 7801219.838023085),C
2023,3106200,1,25322,6,30285658,POINT (617106.9107963475 7796123.907090589),C
2023,3106200,1,28691,6,31950000,POINT (614771.1795141533 7802575.627140684),C
2023,3106200,1,33147,6,30662300,POINT (600612.6658189682 7789095.6067081485),C
2023,3106200,1,26515,6,30855440,POINT (602932.6160017076 7796183.523460009),C
2023,3106200,1,23915,6,30431290,POINT (607577.1481524478 7794894.114220651),C
2023,3106200,1,10911,6,31555200,POINT (606792.2356425831 7806063.813298638),C
2023,3106200,1,22293,6,30664002,POINT (600311.939020059 7788639.400773471),C
2023,3106200,1,10929,6,30380530,POINT (609253.0392051474 7793689.843089481),C
2023,3106200,1,18211,6,30170010,POINT (610916.7091466872 7795796.199431598),C
2023,3106200,1,32507,6,30170130,POINT (611018.0487169141 7797413.578754906),C
2023,3106200,1,10961,6,30850160,POINT (604704.926370035 7797579.55343413),C
2023,3106200,1,22226,6,30380435,POINT (608805.4494262771 7793971.018203091),C
2023,3106200,1,10538,6,31270080,POINT (609681.693639895 7803024.812399555),C
2023,3106200,1,10996,6,31255200,POINT (608851.5216657304 7801730.820281412),C
2023,3106200,1,10911,6,31540250,POINT (605337.2759405968 7807392.539517348),C
2023,3106200,1,25390,6,30855440,POINT (602932.6160017076 7796183.523460009),C
2023,3106200,1,10911,7,30512710,POINT (604448.9892895216 7793899.05692517),C
2023,3106200,1,25993,7,31255170,POINT (609227.1011637574 7801658.210381579),C
2023,3106200,1,23192,7,31870560,POINT (614254.6845521753 7805029.56271233),C
2023,3106200,1,10538,7,31570010,POINT (607177.4548531013 7809310.37003534),C
2023,3106200,1,10937,7,31540440,POINT (606123.7783302984 7807220.05896339),C
2023,3106200,1,10139,7,31746001,POINT (611082.3675802149 7809448.478181628),C
2023,3106200,1,18113,7,30810000,POINT (606748.5182189122 7799645.723718284),C
2023,3106200,1,20631,7,31230240,POINT (609158.2899201019 7800235.375844529),C
2023,3106200,1,27317,7,30532190,POINT (604102.1331950178 7794553.22797283),C
2023,3106200,1,10911,7,31360180,POINT (603628.3043630702 7802229.496911275),C
2023,3106200,1,25993,7,31920130,POINT (613545.1804883411 7801651.794093445),C
2023,3106200,1,33295,7,30110005,POINT (611733.4325626278 7797706.4536249265),C
2023,3106200,1,25926,7,30840300,POINT (604661.3802954332 7800362.654898917),C
2023,3106200,1,10911,7,30668320,POINT (601050.094538057 7787629.738825262),C
2023,3106200,1,31012,7,30620480,POINT (604608.2039653665 7789246.127561552),C
2023,3106200,1,33295,7,31565100,POINT (608150.6397655045 7806544.731713871),C
2023,3106200,1,25420,7,30451680,POINT (608182.247450022 7793256.001870342),C
2023,3106200,1,14126,7,30190110,POINT (610020.6128987402 7796908.619789165),C
2023,3106200,1,14126,7,30421340,POINT (606534.4919691192 7801374.517571393),C
2023,3106200,1,31012,8,30850380,POINT (604440.9412409274 7797207.026753541),C
2023,3106200,1,14134,8,30190051,POINT (610468.5867204958 7796840.921517029),C
2023,3106200,1,10911,8,30666640,POINT (601871.5625109441 7786268.692506207),C
2023,3106200,1,23915,8,31360280,POINT (603316.1610232469 7802400.336611465),C
2023,3106200,1,10911,8,31050530,POINT (615423.1118979829 7799258.070177971),C
2023,3106200,1,33121,8,31030410,POINT (612480.464293959 7798869.059153656),C
2023,3106200,1,10911,8,30662060,POINT (600432.9959300732 7789229.748579523),C
2023,3106200,1,32507,8,30644200,POINT (602557.7843647245 7788989.804750638),C
2023,3106200,1,27317,8,30532170,POINT (604185.3038938601 7794659.525416176),C
2023,3106200,1,33121,8,30710530,POINT (608626.9528061689 7798264.287229514),C
2023,3106200,1,32116,8,30310300,POINT (611771.2792881702 7793360.555464819),C
2023,3106200,1,32507,8,30180100,POINT (610744.1508086857 7796484.977593661),C
2023,3106200,1,25420,8,31550000,POINT (608587.1366803476 7805623.194790622),C
2023,3106200,1,33198,8,31110210,POINT (611313.3637448701 7798503.332695137),C
2023,3106200,1,10911,8,31650095,POINT (607724.7267525755 7811881.012833263),C
2023,3106200,1,33198,9,30720590,POINT (606957.7340945924 7799001.249409811),C
2023,3106200,1,10911,9,30110068,POINT (609080.260488988 7796598.453477812),C
2023,3106200,1,22293,9,30840480,POINT (604768.3080322825 7800516.781240638),C
2023,3106200,1,10996,9,31110230,POINT (612256.000213663 7799633.313906911),C
2023,3106200,1,23915,9,31140560,POINT (611992.0088974298 7800681.951535665),C
2023,3106200,1,33139,9,30520170,POINT (603101.6824311097 7794700.046915319),C
2023,3106200,1,33139,9,31320010,POINT (606520.6154701054 7801559.21834713),C
2023,3106200,1,10911,9,30720310,POINT (607224.4108077529 7797356.898823267),C
2023,3106200,1,16226,9,31710400,POINT (609483.2838780407 7805454.395819402),C
2023,3106200,1,32507,9,30150285,POINT (612072.8534127175 7795927.068966722),C
2023,3106200,1,14126,9,31710420,POINT (608792.5201389755 7805412.5316379005),C
2023,3106200,1,14126,9,31730553,POINT (610962.2813024028 7806556.942426389),C
2023,3106200,1,28291,10,30112020,POINT (612240.4039739686 7795453.213936026),C
2023,3106200,1,10961,10,30620300,POINT (604052.8968616169 7789730.941260755),C
2023,3106200,1,26515,10,31330000,POINT (604784.1261195136 7801209.2520096395),C
2023,3106200,1,10911,10,30692350,POINT (598865.1295527876 7788899.906635592),C
2023,3106200,1,18211,10,30730530,POINT (606228.5860943276 7797805.109690879),C
2023,3106200,1,10911,10,30514000,POINT (605182.4119372086 7793341.303611444),C
2023,3106200,1,32990,10,31950100,POINT (615215.7732035544 7802267.271228345),C
2023,3106200,1,10911,10,30672250,POINT (601523.9785315989 7785810.714395712),C
2023,3106200,1,14126,10,30431068,POINT (608246.3057726359 7795668.650310133),C
2023,3106200,1,14126,10,31210240,POINT (609990.2059321646 7798042.11042223),C
2023,3106200,1,14126,10,31741388,POINT (611241.6588228336 7804699.6249744315),C
2023,3106200,1,33139,11,30622020,POINT (605558.4156894133 7789820.821902302),C
2023,3106200,1,27902,11,30110022,POINT (612837.2064286062 7795995.451096333),C
2023,3106200,1,33121,11,30830040,POINT (604995.1050485881 7797878.239306837),C
2023,3106200,1,10937,11,30620050,POINT (604358.0225428791 7790408.1211856585),C
2023,3106200,1,10911,11,30140085,POINT (610022.2795129151 7796240.320642287),C
2023,3106200,1,33147,11,31515420,POINT (608373.0208642478 7807378.858865498),C
2023,3106200,1,10911,11,31140030,POINT (611951.4550706983 7799188.14204379),C
2023,3106200,1,10911,11,30622020,POINT (605558.4156894133 7789820.821902302),C
2023,3106200,1,33198,11,30380435,POINT (608805.4494262771 7793971.018203091),C
2023,3106200,1,33147,11,30692250,POINT (599180.677634788 7790079.00896785),C
2023,3106200,1,10945,11,30350040,POINT (610378.4098944613 7794751.50149556),C
2023,3106200,1,10911,1,30644000,POINT (603357.8814062041 7789377.843661004),C
2023,3106200,1,32507,1,30285680,POINT (615638.1394685339 7798120.343786112),C
2023,3106200,1,33210,1,30610770,POINT (604966.1565023862 7791076.610534864),C
2023,3106200,1,10937,1,31365450,POINT (605777.6942322804 7804735.314909885),C
2023,3106200,1,18211,1,30180110,POINT (610590.2267319143 7797375.6470610015),C
2023,3106200,1,18229,1,31230070,POINT (608500.6981693979 7798694.070070034),C
2023,3106200,1,32400,1,31742084,POINT (611522.8495041906 7806422.450685023),C
2023,3106200,1,26515,1,30750222,POINT (606733.4906398419 7799571.247280313),C
2023,3106200,1,18130,1,30180102,POINT (611339.6685168361 7796326.049327565),C
2023,3106200,1,33139,1,30690580,POINT (599358.6584405887 7790625.555471882),C
2023,3106200,1,18229,1,30775480,POINT (607871.7156272797 7799238.697648085),C
2023,3106200,1,33139,1,30710020,POINT (610075.7142118912 7797724.562158667),C
2023,3106200,1,32507,1,30130009,POINT (612669.4471831546 7794400.514723807),C
2023,3106200,1,29301,1,30510000,POINT (604943.6396112863 7795029.020040604),C
2023,3106200,1,33147,1,31660100,POINT (606482.3819312109 7811089.95989006),C
2023,3106200,1,22293,1,31110420,POINT (610659.7972840406 7798815.640011579),C
2023,3106200,1,17338,1,31270650,POINT (609221.4313468554 7804129.1459190305),C
2023,3106200,1,32116,1,30730180,POINT (605866.1632418606 7797242.944404628),C
2023,3106200,1,26311,1,30112010,POINT (611642.8994186741 7794955.801999249),C
2023,3106200,1,25420,1,31570340,POINT (606795.0495032308 7809238.972605475),C
2023,3106200,1,33139,1,30830070,POINT (604855.2648412103 7797885.5202445295),C
2023,3106200,1,25390,1,30516120,POINT (605939.4609201857 7794316.876522489),C
2023,3106200,1,28232,1,31230220,POINT (610357.9254373297 7799509.226967054),C
2023,3106200,1,25993,1,31615250,POINT (607913.6597240956 7809501.351518203),C
2023,3106200,1,31012,1,31655230,POINT (606173.5202376362 7811539.256308735),C
2023,3106200,1,31012,1,31840220,POINT (613057.0761396745 7805420.145210075),C
2023,3106200,1,18130,1,30190005,POINT (610798.6274360683 7796633.507155644),C
2023,3106200,1,10911,1,30720476,POINT (607033.3314153756 7798576.208656186),C
2023,3106200,1,31012,1,30260150,POINT (613744.0066209359 7796844.348715876),C
2023,3106200,1,10139,1,31620280,POINT (607929.587201301 7809772.95374521),C
2023,3106200,1,18130,1,31580200,POINT (605112.0620673199 7808416.312614475),C
2023,3106200,1,25390,1,30532060,POINT (604182.8855034108 7795033.010483275),C
2023,3106200,1,28216,1,31330430,POINT (605399.8550685986 7800590.12580206),C
2023,3106200,1,33121,1,30360663,POINT (609542.4121331702 7793668.822861528),C
2023,3106200,1,31012,1,30692190,POINT (598861.0237160781 7790021.381375047),C
2023,3106200,1,10996,1,31030360,POINT (612853.6849847306 7798863.13762021),C
2023,3106200,1,10538,1,31250180,POINT (608918.3620726404 7800484.278262719),C
2023,3106200,1,13405,1,30285320,POINT (615796.1713896586 7797927.304565011),C
2023,3106200,1,33295,1,30380002,POINT (610127.2065761322 7794998.834678559),C
2023,3106200,1,10911,1,31814520,POINT (612459.0695070598 7805226.216741458),C
2023,3106200,1,26213,1,31035390,POINT (612923.2154536973 7799322.710499689),C
2023,3106200,1,15319,1,31360100,POINT (603729.0801395982 7802275.310369251),C
2023,3106200,1,10961,1,30580180,POINT (605970.3347695342 7792008.719823103),C
2023,3106200,1,32990,1,31235030,POINT (609451.8458332114 7800150.753080169),C
2023,3106200,1,31012,1,30710380,POINT (608646.6231429814 7798142.268092553),C
2023,3106200,1,28216,1,30720272,POINT (607172.132510543 7797877.826607617),C
2023,3106200,1,33147,1,30840550,POINT (605396.5064850512 7799723.449074196),C
2023,3106200,1,10945,1,31110680,POINT (611158.5697101513 7799119.029863581),C
2023,3106200,1,33139,1,30720402,POINT (607207.6163205751 7796964.891259545),C
2023,3106200,1,33147,1,30820650,POINT (605020.4339811372 7799148.770430004),C
2023,3106200,1,31012,1,30692380,POINT (598917.9885787275 7789557.275976412),C
2023,3106200,1,15319,1,31360100,POINT (603729.0801395982 7802275.310369251),C
2023,3106200,1,10813,1,30668305,POINT (601338.2234430754 7787979.322477013),C
2023,3106200,1,14118,1,30180098,POINT (609474.8361509833 7795952.071519005),C
2023,3106200,1,25322,1,31520050,POINT (608466.5179736663 7807867.074917765),C
2023,3106200,1,16293,1,31255690,POINT (610107.604223279 7803196.566623129),C
2023,3106200,1,33295,1,31746079,POINT (611308.0435563236 7809085.795340171),C
2023,3106200,1,22293,1,31565120,POINT (608111.7308205375 7806106.6365186665),C
2023,3106200,1,17427,1,31970130,POINT (616351.8254017025 7804082.947976092),C
2023,3106200,1,10911,1,31540360,POINT (606129.120018418 7807086.382036728),C
2023,3106200,1,13596,1,31525000,POINT (607615.4604504697 7807943.015509379),C
2023,3106200,1,10911,1,31015184,POINT (612041.1944827032 7797900.047758236),C
2023,3106200,1,22196,1,30431025,POINT (607962.4358396693 7795810.153299669),C
2023,3106200,1,10911,1,30360320,POINT (610256.4502312373 7792424.355716191),C
2023,3106200,1,10660,1,30431340,POINT (607970.774260058 7794792.363241442),C
2023,3106200,1,23303,1,30692675,POINT (600016.2129733626 7788439.090035167),C
2023,3106200,1,25420,1,31660160,POINT (606315.218299942 7810280.9476350015),C
2023,3106200,1,33121,1,30775340,POINT (607991.6308522467 7799908.008147172),C
2023,3106200,1,20622,1,31130320,POINT (610930.1742529861 7799690.971800184),C
2023,3106200,1,14134,1,31170600,POINT (612961.2144305944 7800877.154262582),C
2023,3106200,1,33198,1,30720590,POINT (606957.7340945924 7799001.249409811),C
2023,3106200,1,22293,1,31210560,POINT (609492.4723151914 7798523.91160178),C
2023,3106200,1,28232,1,30690580,POINT (599358.6584405887 7790625.555471882),C
2023,3106200,1,32922,1,30190081,POINT (610057.6005786577 7796489.20826913),C
2023,3106200,1,31012,1,30642460,POINT (603297.0626073997 7789770.426852012),C
2023,3106200,1,33198,1,30411174,POINT (608894.5341225297 7796207.6599387955),C
2023,3106200,1,18130,1,31210030,POINT (610473.4696665148 7798323.4050673675),C
2023,3106200,1,18229,1,31110440,POINT (610483.9013626593 7799072.04072784),C
2023,3106200,1,14126,1,31580230,POINT (605276.8006664973 7808222.555687226),C
2023,3106200,1,14126,1,31250120,POINT (608233.3105513486 7800367.179154282),C
2023,3106200,1,14126,1,30411465,POINT (607445.5751338081 7796272.524193453),C
2023,3106200,1,14126,1,30441055,POINT (608715.6761455571 7795269.174366679),C
2023,3106200,1,14126,1,30390050,POINT (606464.322060781 7807193.56392991),C
2023,3106200,1,14126,1,30411570,POINT (606746.382238738 7796153.340572015),C
2023,3106200,1,14126,1,30881620,POINT (603314.2712378047 7800912.640434666),C
2023,3106200,1,14126,1,30140001,POINT (612452.878911367 7796319.022285043),C
2023,3106200,1,14126,1,30180114,POINT (610479.042675574 7797019.867941896),C
2023,3106200,1,14126,1,30130155,POINT (611414.6239786255 7795086.703755725),C
2023,3106200,1,14126,1,31844160,POINT (613587.2027977941 7805778.208773717),C
2023,3106200,1,14126,1,30140093,POINT (609411.2782145822 7796264.315172013),C
2023,3106200,1,14126,1,30160032,POINT (610809.856308146 7795559.74872029),C
2023,3106200,1,14126,1,30411223,POINT (608122.2789650034 7795871.496436572),C
2023,3106200,1,14126,1,30280050,POINT (614449.8447600664 7798411.372968466),C
2023,3106200,1,14126,1,30411545,POINT (606750.7664436281 7796283.56419329),C
2023,3106200,1,14126,1,31070250,POINT (615570.1896313247 7800678.730588587),C
2023,3106200,1,18130,1,31748096,POINT (610454.3179412888 7809906.148755143),C
2023,3106200,1,10911,1,30190001,POINT (611189.4195325695 7796512.689598657),C
2023,3106200,1,13511,1,30130162,POINT (611473.591197771 7795882.992719943),C
2023,3106200,1,23303,1,31330320,POINT (604949.5213079104 7801918.224379584),C
2023,3106200,1,11135,1,30130145,POINT (611611.9641036309 7795149.321138),C
2023,3106200,1,10911,1,30610080,POINT (603435.9942712086 7792927.254642865),C
2023,3106200,1,33139,1,30620060,POINT (604301.5522020524 7790295.479495581),C
2023,3106200,1,10945,1,30670050,POINT (602104.401827395 7788062.128610784),C
2023,3106200,1,17494,1,31330200,POINT (604306.3308713975 7801634.7606420275),C
2023,3106200,1,25128,1,30610240,POINT (604359.746259262 7792813.347464184),C
2023,3106200,1,25322,1,31365170,POINT (604428.7181586866 7802417.596335577),C
2023,3106200,1,31012,1,31580400,POINT (604659.919488618 7807244.065327325),C
2023,3106200,1,25128,1,30775450,POINT (608177.7475566095 7799873.865981628),C
2023,3106200,1,10911,1,30720430,POINT (607120.0096088963 7797157.509788124),C
2023,3106200,1,10911,1,30160041,POINT (610942.8539048466 7796583.624193701),C
2023,3106200,1,10961,1,30750220,POINT (606761.1364163668 7799441.295065114),C
2023,3106200,1,33295,1,30380403,POINT (609214.9208984424 7794391.229745487),C
2023,3106200,1,32922,1,30411170,POINT (608927.8694239662 7795988.853811013),C
2023,3106200,1,29506,1,30110078,POINT (610514.008795482 7797564.565468913),C
2023,3106200,1,25420,1,31365440,POINT (604297.7791111968 7803078.249000234),C
2023,3106200,1,17419,1,31980660,POINT (613914.8984156073 7804275.469906681),C
2023,3106200,1,22293,1,30855075,POINT (602166.5093241229 7796274.376227353),C
2023,3106200,1,33147,1,31515270,POINT (608372.5225905618 7807747.448153915),C
2023,3106200,1,25438,1,30670565,POINT (602625.1388490497 7787301.63205049),C
2023,3106200,1,13405,1,30516070,POINT (605769.1719524842 7793728.358244369),C
2023,3106200,1,31012,1,31255160,POINT (609609.8520178599 7801935.170012089),C
2023,3106200,1,33210,1,30644090,POINT (603276.2059826059 7788934.429126895),C
2023,3106200,1,29492,1,31985203,POINT (614778.9310066056 7803939.555770636),C
2023,3106200,1,28691,1,31570640,POINT (606411.3810321836 7809912.216363375),C
2023,3106200,1,10937,1,30140105,POINT (611744.954796356 7795499.020933416),C
2023,3106200,1,18211,1,31130470,POINT (610801.8712141288 7800633.9772283565),C
2023,3106200,1,23303,1,31741615,POINT (611116.3458328233 7806098.059994619),C
2023,3106200,1,18130,1,30710610,POINT (608028.821860162 7797555.791635701),C
2023,3106200,1,18113,1,31030370,POINT (613021.5610660713 7798935.074047508),C
2023,3106200,1,25926,1,30516170,POINT (605920.8585797974 7793658.0121055655),C
2023,3106200,1,28526,1,30310040,POINT (611931.9946466649 7794695.373768346),C
2023,3106200,1,29506,1,30730592,POINT (606663.3936099601 7797620.936783574),C
2023,3106200,1,18130,1,30850460,POINT (604271.6513326189 7796973.27433192),C
2023,3106200,1,10911,1,31515250,POINT (608673.578648468 7807438.841030793),C
2023,3106200,1,33147,1,30710030,POINT (610397.0448986702 7797671.291741955),C
2023,3106200,1,29492,1,30350030,POINT (610457.9318252607 7794753.372679871),C
2023,3106200,1,25420,1,31070030,POINT (615198.0402775 7800511.384464732),C
2023,3106200,1,18130,1,31980580,POINT (613906.012861022 7804515.847286165),C
2023,3106200,1,10911,1,31080255,POINT (614336.7583220076 7800630.545611938),C
2023,3106200,1,27902,1,30180001,POINT (611331.0867293444 7797253.5089786295),C
2023,3106200,1,17419,1,31155020,POINT (610422.214033321 7802267.696051873),C
2023,3106200,1,33147,1,30180099,POINT (610035.3209648931 7796683.845305438),C
2023,3106200,1,14134,1,30662060,POINT (600432.9959300732 7789229.748579523),C
2023,3106200,1,32507,1,30180061,POINT (609331.7467976863 7795950.5234513255),C
2023,3106200,1,20614,1,30575590,POINT (606422.1421991535 7791149.524157577),C
2023,3106200,1,33139,1,30850000,POINT (604876.7157205845 7797785.7134060245),C
2023,3106200,1,22196,1,30710020,POINT (610075.7142118912 7797724.562158667),C
2023,3106200,1,10911,1,30441048,POINT (609244.0277295024 7795370.333644308),C
2023,3106200,1,25390,1,30660090,POINT (601847.8641667463 7789244.281259713),C
2023,3106200,1,29107,1,30360740,POINT (610146.9311913848 7790990.696896018),C
2023,3106200,1,18211,1,30710202,POINT (608731.3196648201 7797712.453710673),C
2023,3106200,1,32507,1,30170001,POINT (611109.2237218461 7796329.322256969),C
2023,3106200,1,22196,1,30627230,POINT (602383.5320869096 7788548.471126246),C
2023,3106200,1,10911,1,30180070,POINT (609393.9936113792 7796791.307565251),C
2023,3106200,1,10945,1,30380640,POINT (609829.7698358423 7794062.4811598705),C
2023,3106200,1,31012,1,30310060,POINT (611967.549505389 7794758.421346022),C
2023,3106200,1,25926,1,30710010,POINT (609859.2705173641 7797843.611382339),C
2023,3106200,1,25390,1,31535250,POINT (606385.1026734868 7808604.079633951),C
2023,3106200,1,25390,1,30642225,POINT (603046.1821216347 7789881.532401646),C
2023,3106200,1,13405,1,31160140,POINT (611692.5711317991 7801109.380914877),C
2023,3106200,1,25420,1,30662290,POINT (600998.4809070621 7788931.626457948),C
2023,3106200,1,25420,1,31330520,POINT (605747.2424512003 7802073.0744394995),C
2023,3106200,1,27317,1,31615310,POINT (608547.6494005498 7808940.826777037),C
2023,3106200,1,18211,1,30690210,POINT (598858.8224185904 7790579.685578024),C
2023,3106200,1,33147,1,31741290,POINT (610184.4797716304 7805535.212191043),C
2023,3106200,1,14134,1,31130380,POINT (610638.5552430226 7799950.967331739),C
2023,3106200,1,10953,1,30640390,POINT (601491.5871548555 7790813.251490339),C
2023,3106200,1,25128,1,31660040,POINT (606748.654273726 7810259.853752507),C
2023,3106200,1,33210,1,30431315,POINT (607728.9957000553 7794859.975228272),C
2023,3106200,1,25420,1,30530650,POINT (604377.0799354902 7795531.059391797),C
2023,3106200,1,33210,1,31370620,POINT (603415.1030664456 7806748.2558278255),C
2023,3106200,1,32507,1,30170001,POINT (611109.2237218461 7796329.322256969),C
2023,3106200,1,16226,1,31970510,POINT (616205.0229698799 7803951.002878237),C
2023,3106200,1,25420,1,30570670,POINT (607480.560941405 7792450.097120011),C
2023,3106200,1,33147,1,30660030,POINT (601341.1415681817 7789752.999108105),C
2023,3106200,1,10961,1,30280220,POINT (614676.6762894238 7798518.342326816),C
2023,3106200,1,25390,1,30855075,POINT (602166.5093241229 7796274.376227353),C
2023,3106200,1,18130,1,31650100,POINT (607810.4378465064 7811385.763096716),C
2023,3106200,1,14126,1,31844080,POINT (613273.7755487036 7805821.322223507),C
2023,3106200,1,14126,1,30455640,POINT (608500.3497185818 7791559.1741938),C
2023,3106200,1,14126,1,30350510,POINT (609487.4986540152 7793058.376829043),C
2023,3106200,1,14126,1,30220310,POINT (613595.3188937774 7794729.2842847835),C
2023,3106200,1,14126,1,30170131,POINT (610601.5686101562 7797217.134800181),C
2023,3106200,1,14126,1,30820170,POINT (605144.8142695861 7798832.641577246),C
2023,3106200,1,14126,1,30610020,POINT (603824.254873805 7792805.255315116),C
2023,3106200,1,14126,1,30330040,POINT (611306.798737982 7794643.111317784),C
2023,3106200,1,14126,1,31970685,POINT (616890.3980212858 7803520.8949027825),C
2023,3106200,1,14126,1,30190003,POINT (610017.5978690815 7796838.669406331),C
2023,3106200,1,14126,1,30530000,POINT (604647.9434408122 7796401.661538703),C
2023,3106200,1,23303,1,31741430,POINT (611641.0793458945 7804949.958636763),C
2023,3106200,1,25934,1,31575090,POINT (605231.671409539 7809835.961782196),C
2023,3106200,1,25420,1,30622020,POINT (605558.4156894133 7789820.821902302),C
2023,3106200,1,32990,1,31565310,POINT (607808.7602989763 7807050.068392459),C
2023,3106200,1,16293,1,31110170,POINT (611484.7981074248 7798509.590531129),C
2023,3106200,1,15319,1,31060450,POINT (614834.6096699168 7799879.180716513),C
2023,3106200,1,10911,1,30220410,POINT (613620.2758350228 7794857.233089324),C
2023,3106200,1,25322,1,30570140,POINT (606506.3516734246 7793004.588007234),C
2023,3106200,1,18130,1,30770380,POINT (607400.8868932101 7798783.493259604),C
2023,3106200,1,31012,1,30494310,POINT (609163.4165542865 7792395.940320821),C
2023,3106200,1,14134,1,30220090,POINT (612570.2554660086 7794996.482684605),C
2023,3106200,1,25420,1,30620300,POINT (604052.8968616169 7789730.941260755),C
2023,3106200,1,13405,1,31255160,POINT (609609.8520178599 7801935.170012089),C
2023,3106200,1,15394,1,31870150,POINT (614587.0071962248 7804941.398024837),C
2023,3106200,1,13405,1,30280230,POINT (614620.0769825423 7798452.403386799),C
2023,3106200,1,25390,1,30720070,POINT (607852.4192280726 7797744.526286866),C
2023,3106200,1,33210,1,31170024,POINT (612205.4115617702 7800087.708668623),C
2023,3106200,1,32124,1,31060470,POINT (614665.954922592 7799673.75698714),C
2023,3106200,1,32400,1,30664790,POINT (600542.8762836857 7787536.813047128),C
2023,3106200,1,32990,1,31680320,POINT (605234.449136377 7805366.070676256),C
2023,3106200,1,23303,1,31615250,POINT (607913.6597240956 7809501.351518203),C
2023,3106200,1,18130,1,30662660,POINT (599722.5804858676 7789015.39575832),C
2023,3106200,1,18211,1,30180110,POINT (610590.2267319143 7797375.6470610015),C
2023,3106200,1,25128,1,31748087,POINT (610608.9611364189 7810208.63711983),C
2023,3106200,1,10996,1,30112010,POINT (611642.8994186741 7794955.801999249),C
2023,3106200,1,23915,1,30850080,POINT (604904.3026252827 7797592.357656112),C
2023,3106200,1,23303,1,31580050,POINT (604943.622613572 7807819.564870385),C
2023,3106200,1,25420,1,31525030,POINT (608015.7557170409 7807616.949140539),C
2023,3106200,1,33210,1,30610110,POINT (603652.933328021 7792958.136157483),C
2023,3106200,1,10660,1,31720020,POINT (609302.2342899193 7807365.805205051),C
2023,3106200,1,23915,1,31810280,POINT (611893.3296851609 7803377.569169767),C
2023,3106200,1,31021,1,30421015,POINT (607471.306236968 7796232.073179139),C
2023,3106200,1,25420,1,30626110,POINT (603087.3379287161 7788110.493471497),C
2023,3106200,1,25390,1,30855070,POINT (603353.8552964707 7796131.927439685),C
2023,3106200,1,10911,1,30720100,POINT (607249.9574573492 7797598.11687608),C
2023,3106200,1,10911,1,30575630,POINT (606561.9166292932 7790770.520670345),C
2023,3106200,1,32507,1,30720580,POINT (607114.4853038834 7798790.035338402),C
2023,3106200,1,32116,1,30180114,POINT (610479.042675574 7797019.867941896),C
2023,3106200,1,18229,1,30550610,POINT (607152.3632640146 7793846.518793993),C
2023,3106200,1,33139,1,31840210,POINT (611903.3688354744 7805325.402918572),C
2023,3106200,1,31012,1,30421191,POINT (607377.5736512757 7795086.563152193),C
2023,3106200,1,13405,1,31015430,POINT (611860.5029398801 7798638.310906922),C
2023,3106200,1,13511,1,30626670,POINT (603733.0440072248 7787778.632758077),C
2023,3106200,1,33147,1,30624000,POINT (604769.7437124952 7788699.077656981),C
2023,3106200,1,18130,1,30190000,POINT (611069.5145735417 7796494.02922526),C
2023,3106200,1,10911,1,30626660,POINT (603667.3668152527 7787845.417033439),C
2023,3106200,1,10139,1,30421141,POINT (606489.2721895084 7795695.696993742),C
2023,3106200,1,25128,1,30525230,POINT (603145.861608471 7795380.76744581),C
2023,3106200,1,32116,1,31170090,POINT (612502.2143573804 7800014.950055737),C
2023,3106200,1,10538,1,30518070,POINT (604624.3110682981 7793185.1405121945),C
2023,3106200,1,15211,1,31870250,POINT (614560.6080922098 7805266.672278716),C
2023,3106200,1,18229,1,30190000,POINT (611069.5145735417 7796494.02922526),C
2023,3106200,1,28127,1,31710400,POINT (609483.2838780407 7805454.395819402),C
2023,3106200,1,10937,1,30710180,POINT (609297.5492886758 7797553.93073993),C
2023,3106200,1,25926,1,30855070,POINT (603353.8552964707 7796131.927439685),C
2023,3106200,1,31012,1,31842140,POINT (612412.8630889137 7806377.607460926),C
2023,3106200,1,10112,1,31980110,POINT (613086.6290567078 7803845.023620515),C
2023,3106200,1,10538,1,31535450,POINT (606774.3818419036 7808797.558192038),C
2023,3106200,1,23915,1,31573080,POINT (605607.5486187736 7809376.457708996),C
2023,3106200,1,10911,1,30140004,POINT (611527.140741781 7795768.58156713),C
2023,3106200,1,32507,1,30140069,POINT (610735.2785343122 7796327.158368234),C
2023,3106200,1,32507,1,31310190,POINT (606812.1677395286 7802578.515677121),C
2023,3106200,1,32124,1,30112024,POINT (611298.8838273385 7794957.28592319),C
2023,3106200,1,15319,1,30525280,POINT (603130.3855306 7795304.1233346285),C
2023,3106200,1,10911,1,31050550,POINT (615334.811528573 7799453.608261056),C
2023,3106200,1,32507,1,31035536,POINT (613762.3819830475 7801419.361824502),C
2023,3106200,1,15319,1,30870010,POINT (604295.474083823 7798028.967718959),C
2023,3106200,1,25390,1,31535450,POINT (606774.3818419036 7808797.558192038),C
2023,3106200,1,10911,1,31255674,POINT (609925.4202414252 7803078.55099201),C
2023,3106200,1,14118,1,30190003,POINT (610017.5978690815 7796838.669406331),C
2023,3106200,1,15319,1,31170535,POINT (613212.3391603393 7801556.141659098),C
2023,3106200,1,25322,1,30516330,POINT (605750.028756376 7793946.565936921),C
2023,3106200,1,31012,1,31360000,POINT (604125.7588851498 7802200.857824078),C
2023,3106200,1,10911,1,31640130,POINT (607287.8886808858 7810609.9427227825),C
2023,3106200,1,18229,1,31210120,POINT (610301.4267384784 7798193.168675518),C
2023,3106200,1,33210,1,31030090,POINT (612912.2198653751 7798246.7436981),C
2023,3106200,1,17494,1,30240010,POINT (613193.8815169663 7795057.281357707),C
2023,3106200,1,20614,1,31744335,POINT (610730.1823557201 7807567.956540606),C
2023,3106200,1,15319,1,30880000,POINT (603253.7438026932 7798941.774533119),C
2023,3106200,1,10911,1,30170131,POINT (610601.5686101562 7797217.134800181),C
2023,3106200,1,10945,1,30170127,POINT (610488.4149073709 7795963.860768647),C
2023,3106200,1,31012,1,30690050,POINT (599966.8764863509 7790580.673287384),C
2023,3106200,1,31012,1,30270450,POINT (614792.3675692596 7797088.257826887),C
2023,3106200,1,32990,1,31255170,POINT (609227.1011637574 7801658.210381579),C
2023,3106200,1,25390,1,30518140,POINT (604161.681402615 7793540.097900954),C
2023,3106200,1,10911,1,30770190,POINT (607675.660643439 7798452.326902101),C
2023,3106200,1,14142,1,31155140,POINT (610907.2845079886 7801956.191563394),C
2023,3106200,1,18229,1,31810500,POINT (611845.1303372306 7803963.063311983),C
2023,3106200,1,25390,1,31250550,POINT (609666.733317177 7801342.615027528),C
2023,3106200,1,26213,1,31035390,POINT (612923.2154536973 7799322.710499689),C
2023,3106200,1,32507,1,30411042,POINT (609067.0615793401 7796982.048442833),C
2023,3106200,1,25438,1,30668272,POINT (601324.7231788054 7788008.117334845),C
2023,3106200,1,25110,1,30670020,POINT (601808.3887761605 7788290.909649862),C
2023,3106200,1,32990,1,30660140,POINT (601889.1897391395 7789818.117697863),C
2023,3106200,1,28224,1,30855070,POINT (603353.8552964707 7796131.927439685),C
2023,3106200,1,10660,1,31872810,POINT (615552.9613668141 7807829.973842935),C
2023,3106200,1,25390,1,30627230,POINT (602383.5320869096 7788548.471126246),C
2023,3106200,1,25420,1,30662290,POINT (600998.4809070621 7788931.626457948),C
2023,3106200,1,14126,1,31160360,POINT (612291.905735308 7801671.694852525),C
2023,3106200,1,14126,1,30190082,POINT (610035.3578400059 7796597.902611225),C
2023,3106200,1,14126,1,30411127,POINT (606924.0077265123 7794684.9279429205),C
2023,3106200,1,14126,1,31573390,POINT (605224.4257680329 7808975.526523016),C
2023,3106200,1,14126,1,30350690,POINT (609638.9698358747 7792659.48230811),C
2023,3106200,1,14126,1,30494010,POINT (608053.8775614905 7793117.592356807),C
2023,3106200,1,20711,2,30390530,POINT (608727.8671079442 7789117.193412604),C
2023,3106200,1,32507,2,31155700,POINT (611657.7152002843 7801949.164449179),C
2023,3106200,1,13529,2,30190062,POINT (609986.6842825616 7797121.324823307),C
2023,3106200,1,25128,2,31155004,POINT (610049.3416622041 7802142.677247575),C
2023,3106200,1,33147,2,31255190,POINT (609286.6668451901 7802061.355898442),C
2023,3106200,1,10911,2,30280470,POINT (614851.5418499166 7797801.253466396),C
2023,3106200,1,25993,2,31255160,POINT (609609.8520178599 7801935.170012089),C
2023,3106200,1,10911,2,31744144,POINT (609768.1075408476 7807635.9304319415),C
2023,3106200,1,25390,2,31510480,POINT (608809.5701218012 7808151.083137518),C
2023,3106200,1,10911,2,31540550,POINT (606042.3023929991 7806645.182539675),C
2023,3106200,1,31021,2,30690020,POINT (599326.7857133825 7790631.366809814),C
2023,3106200,1,33121,2,30525200,POINT (603427.8769145333 7795319.495666019),C
2023,3106200,1,31012,2,30620070,POINT (604511.1089864197 7790341.624690671),C
2023,3106200,1,23915,2,31741440,POINT (611411.8254889006 7805137.018712169),C
2023,3106200,1,18130,2,30570390,POINT (606783.6005613105 7792927.212617643),C
2023,3106200,1,33210,2,30690510,POINT (599524.6142919584 7791182.5465060435),C
2023,3106200,1,25128,2,31810280,POINT (611893.3296851609 7803377.569169767),C
2023,3106200,1,31012,2,31742069,POINT (611338.0880060004 7806228.218661805),C
2023,3106200,1,33147,2,31742555,POINT (612223.5522171957 7806735.045459563),C
2023,3106200,1,32507,2,31510380,POINT (608495.0485036197 7808531.262794613),C
2023,3106200,1,31012,2,30775200,POINT (607782.2215434036 7800234.415948557),C
2023,3106200,1,23915,2,31330382,POINT (604528.2723972069 7801927.47584663),C
2023,3106200,1,18130,2,31744570,POINT (611320.3766342825 7808349.272356607),C
2023,3106200,1,18211,2,31110640,POINT (611273.9972010136 7799956.724742958),C
2023,3106200,1,10945,2,31710600,POINT (609372.3638544722 7806306.427344371),C
2023,3106200,1,20631,2,30441039,POINT (609385.1010810083 7795447.53293295),C
2023,3106200,1,27104,2,30350582,POINT (609491.126672632 7792297.990614773),C
2023,3106200,1,18229,2,30730170,POINT (606271.217043165 7797691.033091614),C
2023,3106200,1,15319,2,31170610,POINT (612732.1235348076 7800948.995936615),C
2023,3106200,1,25128,2,30881260,POINT (602937.2966331451 7799861.174578009),C
2023,3106200,1,25993,2,30285408,POINT (615065.3365176466 7797055.559453746),C
2023,3106200,1,18113,2,31620380,POINT (608098.7709477362 7810103.1352739055),C
2023,3106200,1,33121,2,30644280,POINT (602816.8637936185 7789633.632529086),C
2023,3106200,1,33121,2,30720430,POINT (607120.0096088963 7797157.509788124),C
2023,3106200,1,33147,2,31210030,POINT (610473.4696665148 7798323.4050673675),C
2023,3106200,1,10911,2,31578500,POINT (604220.184359241 7808590.724695073),C
2023,3106200,1,10911,2,30626660,POINT (603667.3668152527 7787845.417033439),C
2023,3106200,1,15319,2,31844230,POINT (613916.6139439575 7805852.2150143655),C
2023,3106200,1,31012,2,31970598,POINT (617774.1971060252 7803801.474137422),C
2023,3106200,1,25926,2,30855070,POINT (603353.8552964707 7796131.927439685),C
2023,3106200,1,10911,2,31070130,POINT (615041.174454518 7800604.09442462),C
2023,3106200,1,10996,2,31150620,POINT (611021.6838349066 7801333.78903761),C
2023,3106200,1,10929,2,31170200,POINT (612529.5734852257 7800573.820770444),C
2023,3106200,1,15408,2,31230100,POINT (608658.8996310986 7798649.5891106995),C
2023,3106200,1,14134,2,30421260,POINT (607086.8679964157 7795147.704179674),C
2023,3106200,1,27597,2,31210560,POINT (609492.4723151914 7798523.91160178),C
2023,3106200,1,18130,2,30710580,POINT (608645.4300796513 7797799.153700128),C
2023,3106200,1,14126,2,31015012,POINT (613886.6503951587 7798220.030970156),C
2023,3106200,1,14126,2,30720100,POINT (607249.9574573492 7797598.11687608),C
2023,3106200,1,14126,2,30720430,POINT (607120.0096088963 7797157.509788124),C
2023,3106200,1,14126,2,31260000,POINT (610713.8255285172 7803544.999171257),C
2023,3106200,1,14126,2,31170490,POINT (613227.0228302367 7801192.631791929),C
2023,3106200,1,14126,2,30190110,POINT (610020.6128987402 7796908.619789165),C
2023,3106200,1,14126,2,30775050,POINT (607618.7144029154 7799266.901487216),C
2023,3106200,1,33121,3,31140060,POINT (611877.8459521052 7799299.037798901),C
2023,3106200,1,18229,3,31210190,POINT (610074.6487010331 7798194.422601269),C
2023,3106200,1,31012,3,31130130,POINT (610009.3521769586 7799952.625866737),C
2023,3106200,1,25390,3,31270020,POINT (609593.5739464924 7803003.559899336),C
2023,3106200,1,28691,3,30320670,POINT (610663.712773355 7790872.69603222),C
2023,3106200,1,25934,3,30285033,POINT (614937.8992260146 7797217.244066955),C
2023,3106200,1,18130,3,31255056,POINT (608550.538306589 7801185.731995966),C
2023,3106200,1,10961,3,31540500,POINT (605952.9645718274 7807141.4867766835),C
2023,3106200,1,32116,3,30770400,POINT (607537.9722233703 7798748.889749367),C
2023,3106200,1,10911,3,30520200,POINT (603330.6188859523 7794798.764716774),C
2023,3106200,1,10911,3,31155660,POINT (611641.7483574722 7802446.899566101),C
2023,3106200,1,33139,3,30750620,POINT (607576.3848814031 7800263.660581301),C
2023,3106200,1,14134,3,30710570,POINT (609126.2721484605 7797828.643111687),C
2023,3106200,1,10911,3,31140060,POINT (611877.8459521052 7799299.037798901),C
2023,3106200,1,25438,3,30610060,POINT (603295.4510856896 7792867.949839056),C
2023,3106200,1,28542,3,30710090,POINT (609902.8771121943 7797570.174395533),C
2023,3106200,1,10538,3,30575760,POINT (606902.9427963356 7791583.218381558),C
2023,3106200,1,32507,3,30510490,POINT (604720.8755460235 7794670.956184469),C
2023,3106200,1,14134,3,30692657,POINT (599915.124376767 7788065.888122492),C
2023,3106200,1,33210,3,30130138,POINT (611703.8720876882 7795063.870987574),C
2023,3106200,1,10996,3,30660308,POINT (602255.4945485143 7789415.70464332),C
2023,3106200,1,33198,3,30530100,POINT (604410.7101300618 7796281.736681464),C
2023,3106200,1,32507,3,30170131,POINT (610601.5686101562 7797217.134800181),C
2023,3106200,1,25926,3,31255200,POINT (608851.5216657304 7801730.820281412),C
2023,3106200,1,33139,3,30130008,POINT (612803.9918471111 7794168.398605157),C
2023,3106200,1,32990,3,31255170,POINT (609227.1011637574 7801658.210381579),C
2023,3106200,1,14142,3,30710560,POINT (608532.1862748641 7797963.427054018),C
2023,3106200,1,25420,3,30530100,POINT (604410.7101300618 7796281.736681464),C
2023,3106200,1,13405,3,31230060,POINT (608523.7676457941 7797848.233676499),C
2023,3106200,1,18130,3,30810000,POINT (606748.5182189122 7799645.723718284),C
2023,3106200,1,20622,3,31970270,POINT (617110.023234287 7803796.685547013),C
2023,3106200,1,10112,3,30775240,POINT (608049.2749503546 7800240.971624865),C
2023,3106200,1,18130,3,30421125,POINT (606598.7275843442 7795555.675893429),C
2023,3106200,1,14126,3,30190002,POINT (610079.2202604454 7796789.725624727),C
2023,3106200,1,14126,3,31060330,POINT (615119.8978142984 7799938.274898393),C
2023,3106200,1,29441,4,30610010,POINT (604169.6626054518 7792889.395398121),C
2023,3106200,1,10813,4,30130174,POINT (611114.7431662699 7795042.052634915),C
2023,3106200,1,32507,4,31130130,POINT (610009.3521769586 7799952.625866737),C
2023,3106200,1,31012,4,30150210,POINT (612972.2748170797 7797414.575349661),C
2023,3106200,1,18229,4,31230470,POINT (609096.0767822164 7799497.908500418),C
2023,3106200,1,18130,4,30535610,POINT (605515.6041521295 7796505.438151167),C
2023,3106200,1,10961,4,30493180,POINT (608278.4685467825 7790897.896313392),C
2023,3106200,1,25322,4,30662400,POINT (600129.9558404647 7789336.215340335),C
2023,3106200,1,33121,4,31160190,POINT (611580.576046477 7801063.811140394),C
2023,3106200,1,11119,4,30750040,POINT (606575.596200544 7798412.545763869),C
2023,3106200,1,13405,4,30730670,POINT (606283.6943041629 7798335.829838028),C
2023,3106200,1,10911,4,31530302,POINT (606897.2770154004 7807705.167801622),C
2023,3106200,1,10911,4,30870190,POINT (603899.1855748483 7798655.127278293),C
2023,3106200,1,10911,4,30620090,POINT (604339.0815215543 7789970.409783619),C
2023,3106200,1,29506,4,30620110,POINT (604232.7085800264 7789764.587130569),C
2023,3106200,1,32990,4,31565120,POINT (608111.7308205375 7806106.6365186665),C
2023,3106200,1,32507,4,30140003,POINT (611802.9756379431 7795934.987776488),C
2023,3106200,1,33147,4,31170490,POINT (613227.0228302367 7801192.631791929),C
2023,3106200,1,23303,4,30775390,POINT (608167.8700741124 7799856.7945059445),C
2023,3106200,1,14118,4,30310750,POINT (611763.529808744 7794051.391603479),C
2023,3106200,1,10953,4,31070300,POINT (615893.8197758902 7800507.037642746),C
2023,3106200,1,25128,4,30525290,POINT (603129.7357185752 7795388.829336885),C
2023,3106200,1,25128,4,31540680,POINT (606193.9610349964 7806492.369785046),C
2023,3106200,1,10911,4,31255550,POINT (610492.2571040733 7803100.020101257),C
2023,3106200,1,31012,4,30640160,POINT (602928.3350278009 7791395.114896813),C
2023,3106200,1,18130,4,31140650,POINT (611408.2861835036 7800446.647792663),C
2023,3106200,1,18211,4,30441036,POINT (609154.3731103084 7795270.465264007),C
2023,3106200,1,32507,4,30260110,POINT (613554.4370510536 7796849.498233337),C
2023,3106200,1,25390,4,30640420,POINT (601667.9957923152 7790687.517725024),C
2023,3106200,1,33147,4,31270010,POINT (609255.2561563522 7802898.59752233),C
2023,3106200,1,10538,4,31035450,POINT (613153.6102059166 7799156.248880248),C
2023,3106200,1,14126,4,30180111,POINT (610376.6120050431 7796602.138734269),C
2023,3106200,1,14126,4,30692675,POINT (600016.2129733626 7788439.090035167),C
2023,3106200,1,28402,5,31210370,POINT (609925.521366653 7798004.811725037),C
2023,3106200,1,14134,5,30666340,POINT (600882.173689462 7786651.00966384),C
2023,3106200,1,28291,5,30775220,POINT (607862.5129631838 7800164.9105035085),C
2023,3106200,1,13405,5,30510700,POINT (605078.4627131106 7794241.997919094),C
2023,3106200,1,29506,5,31610005,POINT (608867.0430374964 7808912.366141412),C
2023,3106200,1,10911,5,31170030,POINT (612349.8512721914 7800053.169823759),C
2023,3106200,1,20916,5,30620070,POINT (604511.1089864197 7790341.624690671),C
2023,3106200,1,33210,5,30575834,POINT (607018.0249357931 7790968.711421739),C
2023,3106200,1,25993,5,30666320,POINT (600622.755942038 7786567.115094566),C
2023,3106200,1,10911,5,30310300,POINT (611771.2792881702 7793360.555464819),C
2023,3106200,1,32990,5,30510320,POINT (605300.6845523549 7794526.3670059405),C
2023,3106200,1,10911,5,30320540,POINT (611193.1288311757 7791277.973821799),C
2023,3106200,1,10911,5,31990290,POINT (615493.4642063223 7804733.57903539),C
2023,3106200,1,15211,5,31320060,POINT (606189.8968295831 7801524.696909707),C
2023,3106200,1,28224,5,31844310,POINT (614095.7905719997 7805998.662449726),C
2023,3106200,1,32124,5,30180098,POINT (609474.8361509833 7795952.071519005),C
2023,3106200,1,23915,5,31615250,POINT (607913.6597240956 7809501.351518203),C
2023,3106200,1,10911,5,31235172,POINT (609071.2136941074 7799860.468548678),C
2023,3106200,1,10945,5,31110240,POINT (611153.0097467672 7798634.936967576),C
2023,3106200,1,32922,5,30411135,POINT (608759.962039483 7796624.0978664905),C
2023,3106200,1,31012,5,30644010,POINT (603234.5546860198 7789059.681398008),C
2023,3106200,1,33139,5,30421031,POINT (607011.7203802426 7796137.145163001),C
2023,3106200,1,14126,5,31160140,POINT (611692.5711317991 7801109.380914877),C
2023,3106200,1,25420,6,30865080,POINT (602691.8124671205 7798233.7677121945),C
2023,3106200,1,25438,6,30580270,POINT (606193.7036798866 7792820.342557613),C
2023,3106200,1,18130,6,30180110,POINT (610590.2267319143 7797375.6470610015),C
2023,3106200,1,10333,6,30390220,POINT (607702.3882084267 7788345.069931133),C
2023,3106200,1,13596,6,31130750,POINT (611049.6885634554 7800916.738234251),C
2023,3106200,1,17320,6,31255530,POINT (609984.1891049935 7802883.526155541),C
2023,3106200,1,15394,6,31920220,POINT (613506.6483614444 7801682.931416819),C
2023,3106200,1,29506,6,31840220,POINT (613057.0761396745 7805420.145210075),C
2023,3106200,1,32990,6,31210420,POINT (609659.8760221757 7798498.136949042),C
2023,3106200,1,33121,6,30150330,POINT (612647.7844173505 7796474.012750464),C
2023,3106200,1,22226,6,31980220,POINT (613121.4236360816 7804276.923594311),C
2023,3106200,1,18211,6,30180114,POINT (610479.042675574 7797019.867941896),C
2023,3106200,1,13596,6,31015184,POINT (612041.1944827032 7797900.047758236),C
2023,3106200,1,32507,6,30240510,POINT (613703.7447869184 7795855.029888239),C
2023,3106200,1,10911,6,30140150,POINT (611326.4606746403 7795120.491506584),C
2023,3106200,1,10911,6,31540000,POINT (605711.9491886019 7807514.131684845),C
2023,3106200,1,14126,6,30210590,POINT (613137.2617351023 7794057.71829447),C
2023,3106200,1,14126,6,31210590,POINT (609349.7181771875 7798801.3966302425),C
2023,3106200,1,14126,6,30710300,POINT (608939.5264326646 7797929.823235309),C
2023,3106200,1,22293,7,30775030,POINT (607638.7168464588 7799277.421391735),C
2023,3106200,1,10996,7,30750080,POINT (606264.5187735165 7798797.226925153),C
2023,3106200,1,32507,7,31710690,POINT (608994.9813216865 7805889.090315474),C
2023,3106200,1,28542,7,31255050,POINT (608695.6375656308 7801464.084976735),C
2023,3106200,1,32922,7,30692675,POINT (600016.2129733626 7788439.090035167),C
2023,3106200,1,10911,7,30770240,POINT (607565.5850088574 7798241.373302636),C
2023,3106200,1,10911,7,31570100,POINT (607196.1551165773 7809604.169664529),C
2023,3106200,1,10996,7,31910120,POINT (612586.8330302627 7802809.668239085),C
2023,3106200,1,15211,7,31150040,POINT (609905.4807101112 7801251.928287696),C
2023,3106200,1,20631,7,31610700,POINT (609773.7085602401 7808242.995014915),C
2023,3106200,1,10660,7,31035330,POINT (613312.9919737686 7799114.110599216),C
2023,3106200,1,18130,7,31742341,POINT (611523.2634268648 7807870.939968928),C
2023,3106200,1,20631,8,31525230,POINT (607159.0696209905 7807531.259922393),C
2023,3106200,1,18113,8,30411052,POINT (608959.2586000129 7796789.538000815),C
2023,3106200,1,33147,8,31365000,POINT (604772.197253948 7802678.029542802),C
2023,3106200,1,25390,8,30610270,POINT (604697.2798533292 7792331.86728231),C
2023,3106200,1,22226,8,30710662,POINT (609618.983513342 7797617.3426235635),C
2023,3106200,1,27317,8,30750270,POINT (606964.9050282297 7799384.557469351),C
2023,3106200,1,32990,8,31130130,POINT (610009.3521769586 7799952.625866737),C
2023,3106200,1,20631,8,31565312,POINT (608025.4451742532 7807192.156222668),C
2023,3106200,1,10911,8,30360532,POINT (609752.2331742094 7791867.993484542),C
2023,3106200,1,29506,8,30532140,POINT (604148.8434279454 7794892.987070184),C
2023,3106200,1,22293,8,31210500,POINT (609293.1776382894 7798340.594488703),C
2023,3106200,1,25993,8,31920130,POINT (613545.1804883411 7801651.794093445),C
2023,3106200,1,10911,8,30720100,POINT (607249.9574573492 7797598.11687608),C
2023,3106200,1,29506,8,30520090,POINT (603795.9852653041 7794439.405320058),C
2023,3106200,1,32507,8,31210150,POINT (610235.1523120678 7798009.769866291),C
2023,3106200,1,33295,8,30881520,POINT (603190.1072825221 7799159.547194641),C
2023,3106200,1,18130,8,31330200,POINT (604306.3308713975 7801634.7606420275),C
2023,3106200,1,25390,9,31555230,POINT (606951.7012111647 7805665.508556216),C
2023,3106200,1,10953,9,30570230,POINT (607308.9271919976 7792901.845618475),C
2023,3106200,1,23427,9,31741609,POINT (611104.2662539097 7806131.447182978),C
2023,3106200,1,14134,9,31950020,POINT (614968.1679763125 7802216.812450256),C
2023,3106200,1,25128,9,31565120,POINT (608111.7308205375 7806106.6365186665),C
2023,3106200,1,20622,9,30512720,POINT (604394.5304596458 7793980.257188519),C
2023,3106200,1,22226,9,30514010,POINT (604984.6924089361 7792933.882238813),C
2023,3106200,1,10996,9,31230010,POINT (608426.4730725276 7798640.92835298),C
2023,3106200,1,23915,9,30270060,POINT (612813.5598721248 7795812.69529582),C
2023,3106200,1,10911,9,30850230,POINT (603997.6868932345 7797296.640110951),C
2023,3106200,1,33147,9,31550230,POINT (605961.4126003471 7805780.800715331),C
2023,3106200,1,25128,9,31360170,POINT (603540.8354741937 7802646.92402404),C
2023,3106200,1,32124,9,31720530,POINT (610083.7934344299 7806295.302002836),C
2023,3106200,1,18113,9,31030370,POINT (613021.5610660713 7798935.074047508),C
2023,3106200,1,25390,9,30664004,POINT (600572.5373172355 7788334.692721503),C
2023,3106200,1,10911,9,31015025,POINT (613407.5374869603 7798032.022641376),C
2023,3106200,1,10953,9,31515232,POINT (608770.8321781249 7807348.225840159),C
2023,3106200,1,10911,9,30441011,POINT (608628.2961406865 7795438.88478278),C
2023,3106200,1,25128,9,31741401,POINT (611555.1112377226 7804427.094010269),C
2023,3106200,1,10911,9,31742084,POINT (611522.8495041906 7806422.450685023),C
2023,3106200,1,14126,9,30411200,POINT (608358.7370542281 7796032.049548369),C
2023,3106200,1,31012,10,31746065,POINT (611135.611327356 7809135.773701949),C
2023,3106200,1,26515,10,30640140,POINT (602504.3581377916 7790777.018168239),C
2023,3106200,1,22293,10,31210570,POINT (609454.4558823709 7798593.359986104),C
2023,3106200,1,10911,10,30110044,POINT (610824.8288502372 7794866.622822353),C
2023,3106200,1,17311,10,30130141,POINT (611623.2563022304 7795304.397508532),C
2023,3106200,1,10961,10,31580000,POINT (605083.0739921834 7807741.498664096),C
2023,3106200,1,28127,10,31255050,POINT (608695.6375656308 7801464.084976735),C
2023,3106200,1,23991,10,31210420,POINT (609659.8760221757 7798498.136949042),C
2023,3106200,1,10911,11,30160015,POINT (611310.3025075154 7797096.308708437),C
2023,3106200,1,25420,11,31365210,POINT (604228.2203614183 7802224.003250629),C
2023,3106200,1,23915,11,31720000,POINT (609422.6213522094 7807606.684484867),C
2023,3106200,1,29506,11,31610260,POINT (609609.3692968325 7808951.649935227),C
2023,3106200,1,32990,2,30170081,POINT (610427.8867061986 7796271.220746754),C
2023,3106200,1,31012,2,31870600,POINT (614702.0496156481 7805892.657660149),C
2023,3106200,1,23303,2,31970082,POINT (615757.8180437462 7803726.265041164),C
2023,3106200,1,21220,2,30881040,POINT (602394.332612991 7799014.163337354),C
2023,3106200,1,32507,2,30441039,POINT (609385.1010810083 7795447.53293295),C
2023,3106200,1,23303,2,31970570,POINT (617387.7567199781 7804659.364765249),C
2023,3106200,1,31012,2,31110230,POINT (612256.000213663 7799633.313906911),C
2023,3106200,1,32507,2,30140003,POINT (611802.9756379431 7795934.987776488),C
2023,3106200,1,15319,2,31080255,POINT (614336.7583220076 7800630.545611938),C
2023,3106200,1,18130,2,31035204,POINT (613964.8107046044 7799486.326330024),C
2023,3106200,1,32116,2,31110050,POINT (611724.3454627277 7798270.49813969),C
2023,3106200,1,10911,2,30190000,POINT (611069.5145735417 7796494.02922526),C
2023,3106200,1,31012,2,31565240,POINT (607836.8329321342 7806793.440657487),C
2023,3106200,1,11135,2,31060490,POINT (615233.8676916868 7800175.509755453),C
2023,3106200,1,25420,2,30690230,POINT (599716.4100447024 7790206.486577086),C
2023,3106200,1,13405,2,31741155,POINT (609994.3664005715 7805538.174493732),C
2023,3106200,1,10996,2,30150280,POINT (612313.6556342867 7796801.297514062),C
2023,3106200,1,14118,2,30710580,POINT (608645.4300796513 7797799.153700128),C
2023,3106200,1,10996,2,30180006,POINT (610637.130850555 7796851.807595323),C
2023,3106200,1,25993,2,30580002,POINT (605658.1366429963 7792355.626868982),C
2023,3106200,1,10911,2,31610260,POINT (609609.3692968325 7808951.649935227),C
2023,3106200,1,10911,2,30350040,POINT (610378.4098944613 7794751.50149556),C
2023,3106200,1,25128,2,31573150,POINT (606110.9164122446 7808947.502723353),C
2023,3106200,1,25993,2,31160610,POINT (611997.2669767995 7802516.094302711),C
2023,3106200,1,25420,2,31150480,POINT (610442.9831181675 7801597.082142187),C
2023,3106200,1,10996,2,30180005,POINT (610745.184670257 7796911.650417602),C
2023,3106200,1,26604,2,30494270,POINT (609194.0584368882 7791863.435797977),C
2023,3106200,1,10911,2,30628000,POINT (603871.7220697864 7787371.250852637),C
2023,3106200,1,10961,2,30530600,POINT (604825.8205653884 7795504.346129708),C
2023,3106200,1,14126,2,30516570,POINT (606237.2607923612 7793496.793034352),C
2023,3106200,1,14126,2,30140082,POINT (610856.6541790438 7796034.69804625),C
2023,3106200,1,14126,2,30431225,POINT (608153.3982248106 7795110.642468099),C
2023,3106200,1,14126,2,30421173,POINT (607389.1042899226 7795921.754559871),C
2023,3106200,1,23303,3,31742790,POINT (612468.2130822621 7808140.610954782),C
2023,3106200,1,32507,3,31130550,POINT (610804.2619977344 7800046.582958511),C
2023,3106200,1,25128,3,31580110,POINT (604776.7366471504 7808464.603379317),C
2023,3106200,1,25420,3,31155120,POINT (610826.9212416902 7802141.202983452),C
2023,3106200,1,25420,3,31110656,POINT (611512.0241806068 7798757.396145284),C
2023,3106200,1,10911,3,30285260,POINT (615968.5446896892 7798651.78413424),C
2023,3106200,1,31012,3,30575400,POINT (606862.4799630732 7791753.482529281),C
2023,3106200,1,26515,3,30421023,POINT (607216.118210076 7796201.382171855),C
2023,3106200,1,23915,3,31578660,POINT (604051.8380966614 7808422.599756038),C
2023,3106200,1,10929,3,30140001,POINT (612452.878911367 7796319.022285043),C
2023,3106200,1,33147,3,30530000,POINT (604647.9434408122 7796401.661538703),C
2023,3106200,1,31012,3,30860130,POINT (604105.4774474527 7797613.968152207),C
2023,3106200,1,10911,3,30530100,POINT (604410.7101300618 7796281.736681464),C
2023,3106200,1,10911,3,30360240,POINT (609868.2113458181 7792369.423366366),C
2023,3106200,1,25934,3,31230030,POINT (608646.9408773164 7798422.70538925),C
2023,3106200,1,10911,3,30520460,POINT (602698.714340496 7794979.650738188),C
2023,3106200,1,11135,3,30150318,POINT (611994.6786841045 7794971.645625809),C
2023,3106200,1,32990,3,30644070,POINT (603413.0708752221 7788540.026191116),C
2023,3106200,1,15211,3,30411145,POINT (608931.4948132596 7796578.995734131),C
2023,3106200,1,33295,3,30610220,POINT (604298.9542089391 7792852.951058761),C
2023,3106200,1,10139,3,31370055,POINT (604837.1675055763 7805970.38412209),C
2023,3106200,1,13511,3,30642630,POINT (603170.3829862515 7789449.403100346),C
2023,3106200,1,10538,3,31515200,POINT (609278.3153140051 7807817.0868899515),C
2023,3106200,1,13511,3,31870250,POINT (614560.6080922098 7805266.672278716),C
2023,3106200,1,32507,3,30140081,POINT (611774.3071463571 7795769.975742307),C
2023,3106200,1,10911,3,30180114,POINT (610479.042675574 7797019.867941896),C
2023,3106200,1,17311,3,31720480,POINT (609965.781328765 7805971.1358455755),C
2023,3106200,1,31012,3,30620390,POINT (604164.2434802819 7789036.291808974),C
2023,3106200,1,10996,3,31360280,POINT (603316.1610232469 7802400.336611465),C
2023,3106200,1,32507,3,30810000,POINT (606748.5182189122 7799645.723718284),C
2023,3106200,1,18130,3,30110008,POINT (612059.5437043788 7797711.496175712),C
2023,3106200,1,32124,3,30830080,POINT (604748.8147251351 7798136.390458309),C
2023,3106200,1,10911,3,30620040,POINT (604381.3315023449 7790509.360518892),C
2023,3106200,1,10911,3,31580340,POINT (605181.3340373185 7807511.497824645),C
2023,3106200,1,13405,3,30421450,POINT (607502.1237886046 7794999.129879849),C
2023,3106200,1,33147,3,31155710,POINT (611813.5220370867 7802284.61357782),C
2023,3106200,1,31012,3,31530080,POINT (607324.090788716 7807059.9690562785),C
2023,3106200,1,33147,3,31080140,POINT (614041.0003286804 7800699.639700975),C
2023,3106200,1,14126,3,31814160,POINT (613536.9608360234 7801598.527206834),C
2023,3106200,1,14126,3,31560300,POINT (607168.0989100318 7805970.031389961),C
2023,3106200,1,14126,3,30720100,POINT (607249.9574573492 7797598.11687608),C
2023,3106200,1,25390,4,30830390,POINT (604012.5273362465 7799342.308836356),C
2023,3106200,1,33210,4,31155370,POINT (610752.3179602777 7802532.277042984),C
2023,3106200,1,25128,4,31985230,POINT (614665.2628149937 7804140.492282169),C
2023,3106200,1,10911,4,31110130,POINT (611374.2878726287 7798214.219104981),C
2023,3106200,1,31012,4,31870180,POINT (614443.5744799447 7804835.910713975),C
2023,3106200,1,10511,4,31920000,POINT (613309.5897740644 7801714.4267193265),C
2023,3106200,1,28232,4,30710010,POINT (609859.2705173641 7797843.611382339),C
2023,3106200,1,14118,4,30421163,POINT (607227.9031520446 7795925.233735866),C
2023,3106200,1,10538,4,30180114,POINT (610479.042675574 7797019.867941896),C
2023,3106200,1,25128,4,31580410,POINT (605041.649182085 7807298.121260569),C
2023,3106200,1,10911,4,30170090,POINT (612012.764342325 7797789.502461333),C
2023,3106200,1,25390,4,31930029,POINT (614548.0531105519 7801941.083938456),C
2023,3106200,1,22196,4,30532140,POINT (604148.8434279454 7794892.987070184),C
2023,3106200,1,25390,4,31230070,POINT (608500.6981693979 7798694.070070034),C
2023,3106200,1,10945,4,30775220,POINT (607862.5129631838 7800164.9105035085),C
2023,3106200,1,33121,4,31080154,POINT (613939.5302627994 7801585.391500853),C
2023,3106200,1,29506,4,30850000,POINT (604876.7157205845 7797785.7134060245),C
2023,3106200,1,22196,4,31515200,POINT (609278.3153140051 7807817.0868899515),C
2023,3106200,1,20622,4,30390520,POINT (608745.0531415542 7788977.7329330705),C
2023,3106200,1,18130,4,31320380,POINT (606100.0354398353 7800586.769205878),C
2023,3106200,1,20622,4,31748025,POINT (610191.8150775263 7808892.158951329),C
2023,3106200,1,10911,5,30421340,POINT (606534.4919691192 7801374.517571393),C
2023,3106200,1,10961,5,31720300,POINT (609656.9377101753 7807095.986679008),C
2023,3106200,1,23915,5,31660000,POINT (606967.7668524551 7809889.611454338),C
2023,3106200,1,10911,5,31570490,POINT (606434.6441514402 7809407.058871726),C
2023,3106200,1,23915,5,30720460,POINT (607240.8872372068 7797869.581881051),C
2023,3106200,1,20312,5,31990100,POINT (616001.8088825524 7804267.07738444),C
2023,3106200,1,25128,5,30421366,POINT (607637.1091100813 7794522.147583441),C
2023,3106200,1,33147,5,30820272,POINT (604815.9090273551 7798316.57051305),C
2023,3106200,1,32507,5,30140110,POINT (612201.5845640819 7795230.585338589),C
2023,3106200,1,28216,5,30850290,POINT (604633.5135650516 7797251.596856117),C
2023,3106200,1,10911,5,30870100,POINT (604095.4858176139 7798756.657046567),C
2023,3106200,1,22196,5,31510070,POINT (608674.7530028924 7808649.485896496),C
2023,3106200,1,25993,5,30570020,POINT (606316.5151311163 7793163.110640684),C
2023,3106200,1,18229,5,31950540,POINT (615180.1052543359 7803280.726683566),C
2023,3106200,1,23915,5,31150000,POINT (610796.4464117935 7800989.354028699),C
2023,3106200,1,23915,5,30620330,POINT (603788.9694509238 7789309.094565098),C
2023,3106200,1,32507,5,30130001,POINT (610940.9095915728 7797283.569848858),C
2023,3106200,1,25993,5,31255160,POINT (609609.8520178599 7801935.170012089),C
2023,3106200,1,32507,5,31210220,POINT (610060.3725015775 7798006.932434113),C
2023,3106200,1,18130,5,30530300,POINT (604588.2474504746 7796203.04807931),C
2023,3106200,1,25420,5,31170650,POINT (612705.2962508028 7801246.825145905),C
2023,3106200,1,29506,5,31610005,POINT (608867.0430374964 7808912.366141412),C
2023,3106200,1,10911,5,30310040,POINT (611931.9946466649 7794695.373768346),C
2023,3106200,1,14126,5,30692700,POINT (599585.2813088121 7788592.783895686),C
2023,3106200,1,14126,5,31030240,POINT (613239.5716557626 7798500.148488679),C
2023,3106200,1,14126,5,30627200,POINT (602375.6767084022 7788595.021786865),C
2023,3106200,1,14126,5,31250460,POINT (609479.683670868 7801012.76260037),C
2023,3106200,1,23192,6,31950060,POINT (615216.5926797925 7802019.17490428),C
2023,3106200,1,33121,6,31110170,POINT (611484.7981074248 7798509.590531129),C
2023,3106200,1,18211,6,30590230,POINT (605494.3998703334 7792500.855279509),C
2023,3106200,1,10911,6,30240280,POINT (612843.0212740311 7795817.381412597),C
2023,3106200,1,33121,6,30775330,POINT (607926.1953868801 7799782.281670458),C
2023,3106200,1,23303,6,31573240,POINT (605907.8988085692 7809366.490907086),C
2023,3106200,1,10911,6,30624080,POINT (605077.5980290084 7788708.309781812),C
2023,3106200,1,10538,6,30620180,POINT (604761.7549871485 7790124.862138405),C
2023,3106200,1,10139,6,31360090,POINT (603737.3026495228 7802211.221122577),C
2023,3106200,1,20720,6,30411480,POINT (607376.5651851515 7796309.706949018),C
2023,3106200,1,29506,6,31730600,POINT (610556.184154506 7806254.906137407),C
2023,3106200,1,32124,6,30411153,POINT (608803.7187593101 7796455.058055688),C
2023,3106200,1,10911,6,30350040,POINT (610378.4098944613 7794751.50149556),C
2023,3106200,1,33139,6,30431380,POINT (608115.3694962544 7794345.400073178),C
2023,3106200,1,10911,7,30710550,POINT (608932.2061959209 7798066.795821777),C
2023,3106200,1,20738,7,31525365,POINT (606830.7204866039 7807532.20706388),C
2023,3106200,1,10112,7,30730510,POINT (605859.024286714 7797787.571589405),C
2023,3106200,1,25420,7,31842540,POINT (613243.4377887237 7806441.700218342),C
2023,3106200,1,11135,7,30140131,POINT (611832.5331995698 7795035.999294791),C
2023,3106200,1,22129,7,31170030,POINT (612349.8512721914 7800053.169823759),C
2023,3106200,1,33139,7,30865100,POINT (602725.8624635028 7798006.886924086),C
2023,3106200,1,32507,7,30575180,POINT (607667.3987230305 7790867.846350442),C
2023,3106200,1,10911,7,31872300,POINT (616025.6534243508 7807425.843899715),C
2023,3106200,1,25420,7,30662290,POINT (600998.4809070621 7788931.626457948),C
2023,3106200,1,32507,7,30532060,POINT (604182.8855034108 7795033.010483275),C
2023,3106200,1,31012,7,30622400,POINT (604958.2884208078 7789575.846842384),C
2023,3106200,1,20631,7,31744335,POINT (610730.1823557201 7807567.956540606),C
2023,3106200,1,33121,7,31255170,POINT (609227.1011637574 7801658.210381579),C
2023,3106200,1,23915,7,30320000,POINT (610925.8311542092 7793138.406820326),C
2023,3106200,1,10911,7,30622020,POINT (605558.4156894133 7789820.821902302),C
2023,3106200,1,14126,7,30441014,POINT (609041.824402185 7795641.259876423),C
2023,3106200,1,14126,7,30112000,POINT (611151.5384321467 7794949.230272654),C
2023,3106200,1,22293,8,30775240,POINT (608049.2749503546 7800240.971624865),C
2023,3106200,1,10911,8,31540000,POINT (605711.9491886019 7807514.131684845),C
2023,3106200,1,10961,8,31255060,POINT (608926.2234290242 7801457.166845976),C
2023,3106200,1,10996,8,31110732,POINT (610613.5228971993 7799173.3858154975),C
2023,3106200,1,23915,8,30640070,POINT (602186.9622160551 7790830.181816423),C
2023,3106200,1,29506,8,31610670,POINT (609877.2506559358 7809001.007992589),C
2023,3106200,1,26515,8,30570000,POINT (606436.9700635921 7793272.774026895),C
2023,3106200,1,16293,8,30570340,POINT (607673.0613881535 7792683.912885049),C
2023,3106200,1,18130,8,30190060,POINT (611113.2363536702 7796809.587206901),C
2023,3106200,1,10911,8,30670565,POINT (602625.1388490497 7787301.63205049),C
2023,3106200,1,20622,8,30512740,POINT (604293.766545926 7794054.520271),C
2023,3106200,1,10911,8,31535620,POINT (607153.2264364574 7809043.225424083),C
2023,3106200,1,32990,8,31255190,POINT (609286.6668451901 7802061.355898442),C
2023,3106200,1,25926,8,31255180,POINT (609435.7384449337 7802070.971322649),C
2023,3106200,1,27406,8,31710400,POINT (609483.2838780407 7805454.395819402),C
2023,3106200,1,14126,8,30411180,POINT (606958.2092677724 7794683.322966745),C
2023,3106200,1,25420,9,31990080,POINT (615661.3470506526 7804169.26636561),C
2023,3106200,1,33121,9,30575843,POINT (606893.7110444126 7790541.1207663035),C
2023,3106200,1,29492,9,31255150,POINT (609656.1430663641 7801757.500493497),C
2023,3106200,1,10911,9,31110130,POINT (611374.2878726287 7798214.219104981),C
2023,3106200,1,22129,9,30220000,POINT (612909.3467211042 7794956.31069012),C
2023,3106200,1,10937,9,31535265,POINT (606208.5974377668 7808604.462795544),C
2023,3106200,1,25993,9,30664000,POINT (600401.747247779 7788334.724737674),C
2023,3106200,1,32507,9,30130135,POINT (611810.8324214983 7795235.538372124),C
2023,3106200,1,25322,9,31255180,POINT (609435.7384449337 7802070.971322649),C
2023,3106200,1,23915,9,31610000,POINT (609177.7568882804 7808580.269838305),C
2023,3106200,1,10911,9,30411298,POINT (607991.902176843 7796464.415520911),C
2023,3106200,1,10961,10,31610010,POINT (609042.0944439573 7808722.561292363),C
2023,3106200,1,25128,10,31250682,POINT (608715.6739583106 7800945.734577056),C
2023,3106200,1,10911,10,31630250,POINT (609341.6383921597 7810578.395641703),C
2023,3106200,1,10911,10,31015015,POINT (613316.9508250195 7798068.397333173),C
2023,3106200,1,14134,10,31060310,POINT (614678.4606322054 7799880.920927769),C
2023,3106200,1,25993,10,31950530,POINT (615300.7287449462 7803177.592833342),C
2023,3106200,1,10911,10,31620310,POINT (607977.938458074 7809208.378918242),C
2023,3106200,1,31012,10,30662090,POINT (600109.8120370065 7789543.818927469),C
2023,3106200,1,14126,10,31170490,POINT (613227.0228302367 7801192.631791929),C
2023,3106200,1,20631,11,31030065,POINT (613911.1781473801 7798256.684140777),C
2023,3106200,1,10911,11,30411325,POINT (607782.7419153426 7796543.206887738),C
2023,3106200,1,10937,11,30494180,POINT (608797.0914619204 7792551.908382),C
2023,3106200,1,33147,11,30535070,POINT (605215.3338116053 7796876.304927237),C
2023,3106200,1,25993,11,30120010,POINT (612074.5678930909 7797084.182446393),C
2023,3106200,1,13405,11,30730420,POINT (606188.6804364371 7797477.667669046),C
2023,3106200,1,25420,11,31748054,POINT (610423.294738821 7810307.564300077),C
2023,3106200,1,18130,1,31255160,POINT (609609.8520178599 7801935.170012089),C
2023,3106200,1,31012,1,31270760,POINT (608804.6552786821 7804447.409083368),C
2023,3106200,1,25390,1,31680200,POINT (604821.8893953124 7810455.707012409),C
2023,3106200,1,32507,1,30280530,POINT (615067.3348357591 7798499.172636782),C
2023,3106200,1,10325,1,31510300,POINT (608375.2260113508 7808804.416782641),C
2023,3106200,1,10996,1,30390210,POINT (607647.9324823406 7788297.396132667),C
2023,3106200,1,17494,1,31270070,POINT (609731.7296498416 7803098.330341248),C
2023,3106200,1,10911,1,30860330,POINT (603739.756537487 7798439.10829667),C
2023,3106200,1,13511,1,31270410,POINT (609856.7057391589 7804046.893879864),C
2023,3106200,1,28291,1,30850000,POINT (604876.7157205845 7797785.7134060245),C
2023,3106200,1,25322,1,31530250,POINT (606677.398078127 7807010.58498211),C
2023,3106200,1,18130,1,31210420,POINT (609659.8760221757 7798498.136949042),C
2023,3106200,1,25993,1,31150270,POINT (610799.2613457054 7801482.288987549),C
2023,3106200,1,32990,1,30820460,POINT (604892.3407902841 7799007.259904643),C
2023,3106200,1,32507,1,30775240,POINT (608049.2749503546 7800240.971624865),C
2023,3106200,1,22196,1,31748096,POINT (610454.3179412888 7809906.148755143),C
2023,3106200,1,33210,1,30550350,POINT (606399.3217002782 7794071.095574362),C
2023,3106200,1,10911,1,31035200,POINT (613824.3681524534 7799114.045986235),C
2023,3106200,1,33139,1,30451669,POINT (608018.4643854529 7793466.713457286),C
2023,3106200,1,28224,1,30421163,POINT (607227.9031520446 7795925.233735866),C
2023,3106200,1,25934,1,31230030,POINT (608646.9408773164 7798422.70538925),C
2023,3106200,1,18229,1,31510030,POINT (609009.3870829381 7808502.721334197),C
2023,3106200,1,18229,1,30710140,POINT (609826.0239704206 7797457.131751835),C
2023,3106200,1,25128,1,31255050,POINT (608695.6375656308 7801464.084976735),C
2023,3106200,1,14134,1,30380262,POINT (609888.4565742248 7794404.181273234),C
2023,3106200,1,33147,1,31814520,POINT (612459.0695070598 7805226.216741458),C
2023,3106200,1,10911,1,31872050,POINT (615625.3803753891 7806705.991505409),C
2023,3106200,1,23915,1,31255230,POINT (609728.9903224219 7802124.0457290625),C
2023,3106200,1,18229,1,31520190,POINT (607773.2564513619 7808196.319918411),C
2023,3106200,1,33139,1,30580002,POINT (605658.1366429963 7792355.626868982),C
2023,3106200,1,10911,1,30431089,POINT (608383.7750159901 7795505.8258308),C
2023,3106200,1,14134,1,30662050,POINT (600630.7062652269 7789748.630746374),C
2023,3106200,1,20991,1,30380403,POINT (609214.9208984424 7794391.229745487),C
2023,3106200,1,32507,1,30494170,POINT (609122.1981864319 7792525.142588442),C
2023,3106200,1,32990,1,31210800,POINT (609696.4751130895 7801004.870106285),C
2023,3106200,1,18130,1,31910064,POINT (612274.415175661 7802866.9926939085),C
2023,3106200,1,33121,1,30810160,POINT (605922.6061108521 7799050.541195929),C
2023,3106200,1,10538,1,30720260,POINT (607438.2241501829 7797176.501656003),C
2023,3106200,1,25993,1,30642500,POINT (603482.6951308239 7789445.6461207755),C
2023,3106200,1,33210,1,31150530,POINT (610588.0028650875 7801509.620515416),C
2023,3106200,1,32116,1,30750180,POINT (606699.8218460105 7799135.165832531),C
2023,3106200,1,14118,1,31030120,POINT (612677.2303905365 7798201.840368564),C
2023,3106200,1,32507,1,30380103,POINT (608814.2170363822 7793323.528429205),C
2023,3106200,1,18229,1,30360290,POINT (610298.3887966695 7792624.567297922),C
2023,3106200,1,23117,1,31615250,POINT (607913.6597240956 7809501.351518203),C
2023,3106200,1,10911,1,31210630,POINT (609466.8089361163 7798983.821754402),C
2023,3106200,1,25390,1,31110840,POINT (611176.7312887515 7799559.225573095),C
2023,3106200,1,25993,1,30730660,POINT (606375.2686393261 7798224.535286167),C
2023,3106200,1,14134,1,31155240,POINT (611274.7292133961 7801729.482053201),C
2023,3106200,1,32914,1,31520100,POINT (608263.0158686865 7807926.983414673),C
2023,3106200,1,23915,1,31930490,POINT (614168.2354864824 7803579.411189361),C
2023,3106200,1,10996,1,31565040,POINT (607946.6113374223 7805889.778389528),C
2023,3106200,1,16293,1,31035290,POINT (613539.5698508966 7798935.557402555),C
2023,3106200,1,15211,1,30610010,POINT (604169.6626054518 7792889.395398121),C
2023,3106200,1,33295,1,30690270,POINT (599510.9007660736 7790543.425732742),C
2023,3106200,1,18130,1,30881440,POINT (603189.8945384899 7800160.268451573),C
2023,3106200,1,23915,1,30865380,POINT (602161.5743074128 7797707.053921766),C
2023,3106200,1,31012,1,30570050,POINT (606238.3994859306 7792887.491040142),C
2023,3106200,1,23494,1,31615190,POINT (608629.8399102296 7809685.34703665),C
2023,3106200,1,25420,1,31840050,POINT (613053.8280132645 7806147.677666195),C
2023,3106200,1,16226,1,30514000,POINT (605182.4119372086 7793341.303611444),C
2023,3106200,1,10911,1,30668025,POINT (600888.7962557802 7788495.5976723805),C
2023,3106200,1,14223,1,31720545,POINT (610017.5074400837 7806514.797484303),C
2023,3106200,1,25322,1,30510000,POINT (604943.6396112863 7795029.020040604),C
2023,3106200,1,33295,1,30130171,POINT (611283.0658439767 7795697.953266177),C
2023,3106200,1,10911,1,31140270,POINT (611685.9210472022 7799704.172830438),C
2023,3106200,1,25322,1,31720300,POINT (609656.9377101753 7807095.986679008),C
2023,3106200,1,31012,1,30820272,POINT (604815.9090273551 7798316.57051305),C
2023,3106200,1,10937,1,30315380,POINT (612071.3603866703 7792930.376308026),C
2023,3106200,1,25420,1,30550060,POINT (606417.0333601037 7795170.273242525),C
2023,3106200,1,25438,1,30855500,POINT (602725.3014684134 7796753.654887661),C
2023,3106200,1,18211,1,31210570,POINT (609454.4558823709 7798593.359986104),C
2023,3106200,1,31012,1,30720360,POINT (606796.3685638392 7797729.171215143),C
2023,3106200,1,31012,1,31510500,POINT (608883.889524475 7808195.139965426),C
2023,3106200,1,33139,1,31255640,POINT (610428.2860737672 7803296.397786191),C
2023,3106200,1,10961,1,31744775,POINT (611201.8186258043 7808664.089465344),C
2023,3106200,1,17311,1,30750510,POINT (607148.1888086753 7799064.556357437),C
2023,3106200,1,14142,1,31030400,POINT (612816.509433451 7798936.894690659),C
2023,3106200,1,32914,1,31525250,POINT (607119.9190780141 7807463.003679705),C
2023,3106200,1,10325,1,30280040,POINT (614317.3112741335 7798605.536278265),C
2023,3106200,1,32507,1,30180101,POINT (610498.3922693222 7796553.766112114),C
2023,3106200,1,32124,1,31150130,POINT (610055.6281230628 7801388.658372844),C
2023,3106200,1,25420,1,31655510,POINT (605809.9672250329 7811383.77367982),C
2023,3106200,1,15394,1,31920180,POINT (613856.9109482429 7801702.396921758),C
2023,3106200,1,14134,1,30421185,POINT (607212.7275937998 7795749.671243856),C
2023,3106200,1,22226,1,30668300,POINT (601172.9318765709 7787872.744355565),C
2023,3106200,1,28224,1,30668150,POINT (601324.532757653 7788499.917371652),C
2023,3106200,1,33147,1,31060480,POINT (615102.6235316786 7800075.294833766),C
2023,3106200,1,23915,1,31340060,POINT (605258.2149131343 7802632.231087277),C
2023,3106200,1,32990,1,30840300,POINT (604661.3802954332 7800362.654898917),C
2023,3106200,1,17494,1,30220220,POINT (612927.4079991874 7794753.511744095),C
2023,3106200,1,25993,1,30622585,POINT (606291.5831430492 7789076.595943672),C
2023,3106200,1,13405,1,31578040,POINT (604528.0974885556 7809142.06244023),C
2023,3106200,1,31012,1,31573100,POINT (606748.3321295874 7807594.9896080755),C
2023,3106200,1,29301,1,31610070,POINT (608490.1133745444 7809169.368116939),C
2023,3106200,1,13596,1,31844270,POINT (613748.1691120495 7806135.0026303455),C
2023,3106200,1,14126,1,30662390,POINT (600240.3696673532 7789458.032072952),C
2023,3106200,1,14126,1,31310240,POINT (606931.7425255117 7802302.940028834),C
2023,3106200,1,14126,1,30190110,POINT (610020.6128987402 7796908.619789165),C
2023,3106200,1,14126,1,30881450,POINT (603372.1335703335 7800432.953487563),C
2023,3106200,1,14126,1,30190003,POINT (610017.5978690815 7796838.669406331),C
2023,3106200,1,14126,1,31540190,POINT (605556.7927534641 7807277.723088235),C
2023,3106200,1,14126,1,30494010,POINT (608053.8775614905 7793117.592356807),C
2023,3106200,1,14126,1,30140003,POINT (611802.9756379431 7795934.987776488),C
2023,3106200,1,14126,1,30280330,POINT (614452.3173100846 7797910.980032291),C
2023,3106200,1,14126,1,30140087,POINT (610507.7829244366 7796118.922975965),C
2023,3106200,1,14126,1,30640070,POINT (602186.9622160551 7790830.181816423),C
2023,3106200,1,14126,1,30170050,POINT (609526.6715491452 7795643.907274347),C
2023,3106200,1,14126,1,30330110,POINT (610844.4042039488 7794339.640926892),C
2023,3106200,1,20711,2,30532230,POINT (604114.6292818639 7794453.639841104),C
2023,3106200,1,31012,2,30180124,POINT (610433.9953644231 7795845.833775811),C
2023,3106200,1,18130,2,30820272,POINT (604815.9090273551 7798316.57051305),C
2023,3106200,1,23915,2,31565312,POINT (608025.4451742532 7807192.156222668),C
2023,3106200,1,13511,2,30644153,POINT (602566.1055348092 7788752.390638903),C
2023,3106200,1,28224,2,31810280,POINT (611893.3296851609 7803377.569169767),C
2023,3106200,1,15394,2,31950620,POINT (615401.0438267268 7803533.462495832),C
2023,3106200,1,22293,2,31565120,POINT (608111.7308205375 7806106.6365186665),C
2023,3106200,1,23915,2,30431285,POINT (607559.7348435299 7795059.392052592),C
2023,3106200,1,10911,2,30640090,POINT (602936.0953938077 7790495.785255728),C
2023,3106200,1,25993,2,31975275,POINT (615922.561241381 7804429.448589625),C
2023,3106200,1,31012,2,30830440,POINT (603720.9520781807 7799623.645789921),C
2023,3106200,1,22293,2,30810160,POINT (605922.6061108521 7799050.541195929),C
2023,3106200,1,16226,2,31970408,POINT (617310.2571980342 7804367.358091307),C
2023,3106200,1,29301,2,30810110,POINT (606236.9425964688 7799378.081250254),C
2023,3106200,1,10911,2,30330210,POINT (610941.1352526735 7794547.136265645),C
2023,3106200,1,25420,2,31985203,POINT (614778.9310066056 7803939.555770636),C
2023,3106200,1,18229,2,31015176,POINT (612269.2352089798 7797579.411025785),C
2023,3106200,1,31012,2,30390090,POINT (607122.2197880353 7788102.524888249),C
2023,3106200,1,25390,2,30662060,POINT (600432.9959300732 7789229.748579523),C
2023,3106200,1,25420,2,31140230,POINT (611585.1407145234 7799651.192462837),C
2023,3106200,1,18113,2,30285010,POINT (615232.0656480633 7798301.268189171),C
2023,3106200,1,32507,2,30441036,POINT (609154.3731103084 7795270.465264007),C
2023,3106200,1,25390,2,30730500,POINT (605970.3254027179 7797761.954305671),C
2023,3106200,1,31012,2,30870030,POINT (604229.3864763764 7798077.978317745),C
2023,3106200,1,32507,2,31520100,POINT (608263.0158686865 7807926.983414673),C
2023,3106200,1,14118,2,30720270,POINT (607328.9574174018 7797210.435955943),C
2023,3106200,1,33147,2,31330430,POINT (605399.8550685986 7800590.12580206),C
2023,3106200,1,32507,2,31580140,POINT (604914.9679642086 7808439.270052721),C
2023,3106200,1,33295,2,31540360,POINT (606129.120018418 7807086.382036728),C
2023,3106200,1,32507,2,30431320,POINT (607859.6174641392 7794605.180845284),C
2023,3106200,1,33147,2,31842000,POINT (612235.2671172565 7806640.203143565),C
2023,3106200,1,25322,2,30644220,POINT (602863.5199140181 7789278.310646024),C
2023,3106200,1,29506,2,30690020,POINT (599326.7857133825 7790631.366809814),C
2023,3106200,1,31012,2,31746010,POINT (611218.4426583223 7809636.350823906),C
2023,3106200,1,10911,2,30140084,POINT (611423.8038610768 7795883.166026878),C
2023,3106200,1,25438,2,31010410,POINT (614029.9908230115 7797743.875632287),C
2023,3106200,1,18130,2,30730070,POINT (606212.531818509 7796947.148574159),C
2023,3106200,1,10911,2,30140150,POINT (611326.4606746403 7795120.491506584),C
2023,3106200,1,29433,2,30532190,POINT (604102.1331950178 7794553.22797283),C
2023,3106200,1,25420,2,31846210,POINT (614123.3798910162 7806477.745976768),C
2023,3106200,1,32990,2,30710080,POINT (610147.5482201118 7797491.075425779),C
2023,3106200,1,33147,2,31230570,POINT (609437.1116652715 7799508.4198984485),C
2023,3106200,1,33295,2,31070130,POINT (615041.174454518 7800604.09442462),C
2023,3106200,1,15394,2,31846080,POINT (613961.5168571771 7806249.637378548),C
2023,3106200,1,18130,2,30421379,POINT (607397.2695104585 7794566.30130679),C
2023,3106200,1,32400,2,30550008,POINT (606855.2959769105 7794698.557904927),C
2023,3106200,1,10911,2,31990150,POINT (616052.399489766 7804469.656732915),C
2023,3106200,1,28224,2,30810000,POINT (606748.5182189122 7799645.723718284),C
2023,3106200,1,32990,2,30660316,POINT (602509.8013134995 7789160.339535266),C
2023,3106200,1,10911,2,31210430,POINT (609328.7827105529 7798275.712424381),C
2023,3106200,1,10937,2,31130570,POINT (611042.4505252917 7800185.644390373),C
2023,3106200,1,25993,2,31846000,POINT (613839.9410652604 7806147.49562652),C
2023,3106200,1,14126,2,30411180,POINT (606958.2092677724 7794683.322966745),C
2023,3106200,1,14126,2,31210110,POINT (610250.7487869709 7798369.675406434),C
2023,3106200,1,14126,2,30411213,POINT (608478.1753524834 7796098.686046548),C
2023,3106200,1,14126,2,30310080,POINT (611945.1693297357 7794005.101281431),C
2023,3106200,1,14126,2,31235070,POINT (609665.4897120494 7800408.743238924),C
2023,3106200,1,14126,2,30411153,POINT (608803.7187593101 7796455.058055688),C
2023,3106200,1,25128,3,31995440,POINT (615721.6643707915 7805648.606097765),C
2023,3106200,1,10911,3,30140150,POINT (611326.4606746403 7795120.491506584),C
2023,3106200,1,22293,3,30120058,POINT (610355.4928318718 7797163.575365672),C
2023,3106200,1,10961,3,30350143,POINT (610011.9479304668 7794484.673946038),C
2023,3106200,1,10911,3,30270380,POINT (614660.1733943726 7796865.006535292),C
2023,3106200,1,31012,3,31155030,POINT (610290.5776618848 7802257.218904897),C
2023,3106200,1,23303,3,31746006,POINT (611289.207643501 7809498.616695122),C
2023,3106200,1,33295,3,30180007,POINT (609730.1781278765 7796314.736403974),C
2023,3106200,1,31021,3,31260520,POINT (611634.6270114959 7803026.8652105415),C
2023,3106200,1,33121,3,31130192,POINT (609964.8863336119 7800566.72297683),C
2023,3106200,1,23303,3,30532270,POINT (603860.144224825 7794471.519249815),C
2023,3106200,1,10961,3,30411092,POINT (608129.4509404504 7796882.088726815),C
2023,3106200,1,33139,3,31080220,POINT (614164.9635509833 7800461.391195033),C
2023,3106200,1,32990,3,30510140,POINT (605329.6011082965 7794883.945814997),C
2023,3106200,1,10911,3,30310010,POINT (611669.6586448002 7794432.6552115735),C
2023,3106200,1,10911,3,30710040,POINT (610254.5586889372 7797643.486297099),C
2023,3106200,1,18229,3,30550350,POINT (606399.3217002782 7794071.095574362),C
2023,3106200,1,10911,3,30411298,POINT (607991.902176843 7796464.415520911),C
2023,3106200,1,25390,3,31930720,POINT (613642.6744752617 7803359.081906805),C
2023,3106200,1,18229,3,31330382,POINT (604528.2723972069 7801927.47584663),C
2023,3106200,1,14134,3,30270360,POINT (614414.794642335 7797196.437950142),C
2023,3106200,1,32116,3,30120060,POINT (611263.5189024783 7797065.528301422),C
2023,3106200,1,10911,3,31140650,POINT (611408.2861835036 7800446.647792663),C
2023,3106200,1,25420,3,31080020,POINT (613874.070313973 7800450.312542766),C
2023,3106200,1,31012,3,30525150,POINT (603388.9315232816 7795248.756892279),C
2023,3106200,1,24113,3,30360552,POINT (609665.2019599992 7791421.176179109),C
2023,3106200,1,25420,3,30532030,POINT (604303.2536484033 7795211.321804341),C
2023,3106200,1,20631,3,31110420,POINT (610659.7972840406 7798815.640011579),C
2023,3106200,1,18229,3,31030450,POINT (612761.2123542253 7799056.526283285),C
2023,3106200,1,14134,3,31615250,POINT (607913.6597240956 7809501.351518203),C
2023,3106200,1,17320,3,31530280,POINT (606795.2271746001 7806959.290578568),C
2023,3106200,1,10911,3,31110650,POINT (610901.7202188314 7799969.4566870965),C
2023,3106200,1,23991,3,30220310,POINT (613595.3188937774 7794729.2842847835),C
2023,3106200,1,28291,3,30610330,POINT (604589.368995408 7792079.059570365),C
2023,3106200,1,10945,3,30310120,POINT (612073.9299153237 7794418.24238774),C
2023,3106200,1,32914,3,31578450,POINT (604024.0283889594 7808867.019790867),C
2023,3106200,1,23915,3,30532060,POINT (604182.8855034108 7795033.010483275),C
2023,3106200,1,10911,3,30512680,POINT (605224.1963809724 7794534.394964294),C
2023,3106200,1,25390,3,30535000,POINT (605138.6625628207 7796720.799229672),C
2023,3106200,1,10911,3,30640040,POINT (602878.0260587861 7791104.282322833),C
2023,3106200,1,25420,3,31742033,POINT (611377.6956487054 7806779.0949867945),C
2023,3106200,1,14126,3,30411127,POINT (606924.0077265123 7794684.9279429205),C
2023,3106200,1,11119,4,30390090,POINT (607122.2197880353 7788102.524888249),C
2023,3106200,1,27902,4,30140128,POINT (611774.8305688832 7795194.010811584),C
2023,3106200,1,10945,4,30260270,POINT (614149.8401792693 7796468.7463457845),C
2023,3106200,1,18130,4,31565170,POINT (608246.8297947902 7806628.665666591),C
2023,3106200,1,10911,4,31310300,POINT (606703.8015071253 7800486.373898209),C
2023,3106200,1,29506,4,30730440,POINT (606079.3579687728 7797668.464168083),C
2023,3106200,1,10538,4,30575232,POINT (607130.7791461861 7791052.712653739),C
2023,3106200,1,10996,4,30110076,POINT (610002.2287179953 7797272.295816956),C
2023,3106200,1,31012,4,30870100,POINT (604095.4858176139 7798756.657046567),C
2023,3106200,1,10911,4,31210600,POINT (609460.5151353062 7798834.547804482),C
2023,3106200,1,10911,4,30575857,POINT (607061.3924369352 7790511.090319094),C
2023,3106200,1,22293,4,30820712,POINT (604917.1657594922 7798707.694033135),C
2023,3106200,1,22293,4,30668273,POINT (601656.7346636312 7787769.053702449),C
2023,3106200,1,31012,4,30285680,POINT (615638.1394685339 7798120.343786112),C
2023,3106200,1,33147,4,31810360,POINT (611812.8135416901 7804287.818508831),C
2023,3106200,1,33198,4,30421124,POINT (606790.7007796791 7795480.162768282),C
2023,3106200,1,26329,4,30315250,POINT (611286.325202837 7793514.703133734),C
2023,3106200,1,14134,4,31235000,POINT (609727.4246189316 7799791.613135659),C
2023,3106200,1,15319,4,30882370,POINT (603407.3449246226 7801553.168370109),C
2023,3106200,1,11135,4,30330228,POINT (610803.9975909196 7794175.4881552495),C
2023,3106200,1,25420,4,31155330,POINT (610409.6409971259 7802468.192767528),C
2023,3106200,1,23915,4,30662060,POINT (600432.9959300732 7789229.748579523),C
2023,3106200,1,31012,4,31920390,POINT (614377.642753675 7802466.020156773),C
2023,3106200,1,14126,4,30380030,POINT (609925.519542418 7794797.0115971165),C
2023,3106200,1,10961,5,30662660,POINT (599722.5804858676 7789015.39575832),C
2023,3106200,1,10139,5,31070010,POINT (615048.0692055932 7800337.516439284),C
2023,3106200,1,25390,5,31035340,POINT (613222.2133733061 7799118.840288251),C
2023,3106200,1,33139,5,30710020,POINT (610075.7142118912 7797724.562158667),C
2023,3106200,1,25390,5,31255170,POINT (609227.1011637574 7801658.210381579),C
2023,3106200,1,33147,5,31140020,POINT (612082.0545499856 7799313.02721143),C
2023,3106200,1,20711,5,30421473,POINT (607960.9604540295 7793432.825992651),C
2023,3106200,1,10538,5,30840000,POINT (604697.8250141803 7799905.401358585),C
2023,3106200,1,32116,5,31610300,POINT (609437.1664663152 7809012.266059164),C
2023,3106200,1,23915,5,30570000,POINT (606436.9700635921 7793272.774026895),C
2023,3106200,1,18121,5,31110600,POINT (611278.39045845 7798966.674485477),C
2023,3106200,1,33139,5,30644100,POINT (603557.5437687801 7788515.618269934),C
2023,3106200,1,17419,5,31210620,POINT (609754.5823494382 7798758.699864661),C
2023,3106200,1,33112,5,30865080,POINT (602691.8124671205 7798233.7677121945),C
2023,3106200,1,20321,5,30750000,POINT (606368.363878046 7798429.173169944),C
2023,3106200,1,22226,5,30670040,POINT (601518.3157554538 7788528.006495368),C
2023,3106200,1,10937,5,31910610,POINT (613327.0803672281 7803319.125676516),C
2023,3106200,1,14126,5,31565320,POINT (607992.1311380515 7806974.582625093),C
2023,3106200,1,23192,6,30532140,POINT (604148.8434279454 7794892.987070184),C
2023,3106200,1,10538,6,31565140,POINT (607909.3779385488 7806313.713179679),C
2023,3106200,1,25128,6,31730560,POINT (610835.8607148621 7806591.731772518),C
2023,3106200,1,10911,6,30260170,POINT (613898.1159024962 7797034.075636184),C
2023,3106200,1,25926,6,31230240,POINT (609158.2899201019 7800235.375844529),C
2023,3106200,1,29450,6,31910550,POINT (613511.341495751 7802023.011766725),C
2023,3106200,1,10911,6,30516070,POINT (605769.1719524842 7793728.358244369),C
2023,3106200,1,10911,6,31255550,POINT (610492.2571040733 7803100.020101257),C
2023,3106200,1,10911,6,31575040,POINT (605559.8662857247 7809826.364205793),C
2023,3106200,1,10961,6,30190090,POINT (609773.4479136283 7795880.553800691),C
2023,3106200,1,33147,6,30532140,POINT (604148.8434279454 7794892.987070184),C
2023,3106200,1,18130,6,30532140,POINT (604148.8434279454 7794892.987070184),C
2023,3106200,1,32990,6,31230010,POINT (608426.4730725276 7798640.92835298),C
2023,3106200,1,31012,6,31970630,POINT (617907.3387757128 7803734.054219782),C
2023,3106200,1,10945,6,31535000,POINT (606484.1341635237 7808216.418691343),C
2023,3106200,1,25420,6,31870400,POINT (614785.6017831855 7805479.122572368),C
2023,3106200,1,14126,6,30710560,POINT (608532.1862748641 7797963.427054018),C
2023,3106200,1,10911,7,30520200,POINT (603330.6188859523 7794798.764716774),C
2023,3106200,1,25128,7,30882360,POINT (605681.5653509175 7800987.583121808),C
2023,3106200,1,14134,7,31255510,POINT (610028.7737897424 7802721.422426606),C
2023,3106200,1,27597,7,30710140,POINT (609826.0239704206 7797457.131751835),C
2023,3106200,1,32507,7,30280130,POINT (615191.4225043214 7798604.874835566),C
2023,3106200,1,32116,7,30112000,POINT (611151.5384321467 7794949.230272654),C
2023,3106200,1,18130,7,30390070,POINT (608376.799285211 7789645.826218522),C
2023,3106200,1,10996,7,30710410,POINT (608530.3138728867 7797839.104153311),C
2023,3106200,1,10911,7,30710260,POINT (608941.8750750115 7797473.761393821),C
2023,3106200,1,25934,7,31748185,POINT (611101.4621887614 7809692.931962005),C
2023,3106200,1,17419,7,31060090,POINT (614076.4534075086 7799618.422707483),C
2023,3106200,1,33147,8,30666472,POINT (601198.1646318599 7786684.171019485),C
2023,3106200,1,10911,8,31530550,POINT (606573.3826501685 7807884.578767911),C
2023,3106200,1,13511,8,31565400,POINT (608474.2094255144 7806779.548510211),C
2023,3106200,1,25390,8,30668274,POINT (601851.8329230439 7787731.584565116),C
2023,3106200,1,25420,8,30668274,POINT (601851.8329230439 7787731.584565116),C
2023,3106200,1,10911,8,30170122,POINT (610520.7535089534 7796079.550508883),C
2023,3106200,1,25322,8,30664000,POINT (600401.747247779 7788334.724737674),C
2023,3106200,1,22226,8,31255210,POINT (608975.5327576961 7802077.900814832),C
2023,3106200,1,10996,8,31230230,POINT (609920.1270551763 7799649.470843494),C
2023,3106200,1,31012,8,30285612,POINT (616421.5194050712 7796323.139394225),C
2023,3106200,1,10911,8,31680070,POINT (604692.7979568883 7810159.967670103),C
2023,3106200,1,10911,8,31655290,POINT (606317.1568246229 7811569.7272842135),C
2023,3106200,1,14126,8,30494170,POINT (609122.1981864319 7792525.142588442),C
2023,3106200,1,14126,8,30411120,POINT (608377.4406181427 7796523.9267331725),C
2023,3106200,1,13511,9,31365180,POINT (604270.0464821006 7802566.993046431),C
2023,3106200,1,28127,9,31950020,POINT (614968.1679763125 7802216.812450256),C
2023,3106200,1,10911,9,30642030,POINT (603313.1903973325 7790417.960316142),C
2023,3106200,1,31012,9,31255190,POINT (609286.6668451901 7802061.355898442),C
2023,3106200,1,14134,9,31930430,POINT (614380.6641551091 7803696.831041826),C
2023,3106200,1,10911,9,31748139,POINT (610887.8505899659 7809845.263995059),C
2023,3106200,1,33121,9,30525430,POINT (602737.9129128855 7795264.3559546815),C
2023,3106200,1,10911,9,30690270,POINT (599510.9007660736 7790543.425732742),C
2023,3106200,1,23419,9,30532210,POINT (604313.3269934595 7794736.029676156),C
2023,3106200,1,27406,9,31565030,POINT (608009.0675353539 7805920.343721557),C
2023,3106200,1,28224,9,30664000,POINT (600401.747247779 7788334.724737674),C
2023,3106200,1,13545,9,31742020,POINT (611085.8537335385 7806670.258349264),C
2023,3106200,1,32507,9,30150320,POINT (612418.4763076669 7796124.521038109),C
2023,3106200,1,14126,9,30431072,POINT (608670.4326995964 7795766.895717934),C
2023,3106200,1,14126,9,30431166,POINT (608321.7840377153 7794853.285589954),C
2023,3106200,1,14126,9,31710420,POINT (608792.5201389755 7805412.5316379005),C
2023,3106200,1,10911,10,30550000,POINT (606384.411850431 7794530.053901665),C
2023,3106200,1,22293,10,31210440,POINT (609464.3440877121 7797863.242755787),C
2023,3106200,1,18229,10,31210120,POINT (610301.4267384784 7798193.168675518),C
2023,3106200,1,10911,10,30180130,POINT (610522.6655275377 7795760.468384217),C
2023,3106200,1,27406,10,30530720,POINT (604099.2141637327 7795939.648013888),C
2023,3106200,1,25128,10,30855075,POINT (602166.5093241229 7796274.376227353),C
2023,3106200,1,17311,10,30855075,POINT (602166.5093241229 7796274.376227353),C
2023,3106200,1,32116,10,30110035,POINT (612089.3957342946 7794916.362127023),C
2023,3106200,1,10945,10,31340060,POINT (605258.2149131343 7802632.231087277),C
2023,3106200,1,10961,10,30550120,POINT (606351.2095833487 7794860.2437624745),C
2023,3106200,1,18130,10,30555130,POINT (607165.7979651073 7793079.440591516),C
2023,3106200,1,14126,10,30110012,POINT (612432.5367753574 7797092.962494083),C
2023,3106200,1,10911,11,30411550,POINT (606714.093397316 7796312.63628439),C
2023,3106200,1,10911,11,30150110,POINT (612166.1758381708 7797281.996715575),C
2023,3106200,1,32400,11,31230590,POINT (609540.6477634087 7799532.142721829),C
2023,3106200,1,10996,11,31742048,POINT (611049.24860803 7806371.707555884),C
2023,3106200,1,32400,11,31255190,POINT (609286.6668451901 7802061.355898442),C
2023,3106200,1,22293,11,31255200,POINT (608851.5216657304 7801730.820281412),C
2023,3106200,1,32990,11,30520400,POINT (602296.5346031412 7794720.590390529),C
2023,3106200,1,14126,11,30431415,POINT (607942.2365459488 7793991.709054635),C
2023,3106200,1,18229,2,30550110,POINT (606215.699953218 7794653.380999099),C
2023,3106200,1,32400,2,31255170,POINT (609227.1011637574 7801658.210381579),C
2023,3106200,1,10945,2,30411203,POINT (608570.73942376 7796233.824124621),C
2023,3106200,1,18113,2,31015178,POINT (612301.6274894133 7797594.337655243),C
2023,3106200,1,18130,2,30810000,POINT (606748.5182189122 7799645.723718284),C
2023,3106200,1,10961,2,31155510,POINT (611464.4989343383 7802559.911684081),C
2023,3106200,1,25934,2,31210430,POINT (609328.7827105529 7798275.712424381),C
2023,3106200,1,18130,2,31235180,POINT (608803.1436433325 7796906.450442036),C
2023,3106200,1,25420,2,30668230,POINT (600977.8664315295 7787885.012331778),C
2023,3106200,1,32507,2,31110365,POINT (610113.2673531097 7796676.813732021),C
2023,3106200,1,10694,2,31540260,POINT (605259.8448420018 7807499.564104115),C
2023,3106200,1,25420,2,30532030,POINT (604303.2536484033 7795211.321804341),C
2023,3106200,1,27325,2,30380457,POINT (608755.6465512194 7793557.088991564),C
2023,3106200,1,13596,2,30710420,POINT (608508.51343158 7798176.725465786),C
2023,3106200,1,10538,2,31130680,POINT (610969.1963779688 7800646.523022792),C
2023,3106200,1,32507,2,31555000,POINT (606835.4327794883 7805179.9669651305),C
2023,3106200,1,32990,2,30510250,POINT (605135.861171551 7794710.36095655),C
2023,3106200,1,23915,2,30660560,POINT (601968.4225630423 7788954.338066882),C
2023,3106200,5,32507,2,31814620,POINT (612500.986673834 7805310.113091268),C
2023,3106200,1,33147,2,31150690,POINT (611057.6530125282 7801776.07268036),C
2023,3106200,1,33147,2,30620080,POINT (604291.806939054 7790118.250779817),C
2023,3106200,1,14134,2,31330430,POINT (605399.8550685986 7800590.12580206),C
2023,3106200,1,18130,2,31235180,POINT (608803.1436433325 7796906.450442036),C
2023,3106200,1,25390,2,31575100,POINT (605416.3897472639 7809763.931935976),C
2023,3106200,1,14134,2,30512000,POINT (604556.8290206951 7794356.929566653),C
2023,3106200,1,32507,2,30411148,POINT (608784.4782979287 7796490.125707407),C
2023,3106200,1,10911,2,30360663,POINT (609542.4121331702 7793668.822861528),C
2023,3106200,1,10911,2,30320580,POINT (611087.3816277811 7791032.980671389),C
2023,3106200,1,25390,2,31255190,POINT (609286.6668451901 7802061.355898442),C
2023,3106200,1,16226,2,30285160,POINT (616048.9711298737 7798090.8931284845),C
2023,3106200,1,10139,2,30220000,POINT (612909.3467211042 7794956.31069012),C
2023,3106200,1,15211,2,31070225,POINT (615617.4301958549 7800366.049300573),C
2023,3106200,1,18229,2,31920710,POINT (614071.7669381057 7803028.171061674),C
2023,3106200,1,10635,2,31842030,POINT (612182.930887351 7806533.500293217),C
2023,3106200,1,27406,2,30390590,POINT (608350.985837361 7788962.56461526),C
2023,3106200,1,10538,2,30451100,POINT (608657.1662261669 7794372.878406076),C
2023,3106200,1,28291,2,30455610,POINT (608423.4709020393 7791565.768265323),C
2023,3106200,1,25993,2,30810530,POINT (605971.9629524298 7800016.377571473),C
2023,3106200,1,14126,2,30190002,POINT (610079.2202604454 7796789.725624727),C
2023,3106200,1,14126,2,30494100,POINT (608549.329606303 7792875.084219605),C
2023,3106200,1,14126,2,30190110,POINT (610020.6128987402 7796908.619789165),C
2023,3106200,1,10911,3,30820110,POINT (605457.7484663241 7798686.784302924),C
2023,3106200,1,15394,3,30870180,POINT (603419.8958909189 7798749.693230292),C
2023,3106200,1,25390,3,30865230,POINT (602321.8185106594 7797170.7633976685),C
2023,3106200,1,33147,3,30280523,POINT (614759.497537958 7797337.025564311),C
2023,3106200,1,10911,3,30692190,POINT (598861.0237160781 7790021.381375047),C
2023,3106200,1,18130,3,30421125,POINT (606598.7275843442 7795555.675893429),C
2023,3106200,1,13511,3,31748139,POINT (610887.8505899659 7809845.263995059),C
2023,3106200,1,10911,3,31060310,POINT (614678.4606322054 7799880.920927769),C
2023,3106200,1,10937,3,30310260,POINT (612650.0237871711 7794128.098423184),C
2023,3106200,1,10911,3,31565150,POINT (608017.7574882311 7806503.911223775),C
2023,3106200,1,25438,3,31230770,POINT (609742.8608531607 7799844.526924474),C
2023,3106200,1,33147,3,30320670,POINT (610663.712773355 7790872.69603222),C
2023,3106200,1,33198,3,30180163,POINT (610320.2413854642 7795421.265048618),C
2023,3106200,1,10961,3,30110005,POINT (611733.4325626278 7797706.4536249265),C
2023,3106200,1,10911,3,30160037,POINT (610921.491096295 7795917.966232435),C
2023,3106200,1,18229,3,30120060,POINT (611263.5189024783 7797065.528301422),C
2023,3106200,1,32507,3,30112011,POINT (611065.706465341 7795075.978803224),C
2023,3106200,1,10911,3,30880240,POINT (603156.8438214557 7799023.531799974),C
2023,3106200,1,10996,3,31742571,POINT (612406.6740267505 7806774.584408181),C
2023,3106200,1,28216,3,31910020,POINT (612394.3405598917 7802688.936186522),C
2023,3106200,1,27317,3,30140040,POINT (612718.711494687 7796400.049954275),C
2023,3106200,1,27317,3,30620260,POINT (604171.3019797638 7790141.808134155),C
2023,3106200,1,18211,3,30140068,POINT (610466.9046599551 7796447.459772961),C
2023,3106200,1,18130,3,30530600,POINT (604825.8205653884 7795504.346129708),C
2023,3106200,1,10937,3,30530290,POINT (604974.7471382609 7796118.628230754),C
2023,3106200,1,33121,3,31560420,POINT (607349.8534335209 7806682.036348244),C
2023,3106200,1,33147,3,31525200,POINT (607422.9292959636 7807527.830776541),C
2023,3106200,1,10911,3,31170024,POINT (612205.4115617702 7800087.708668623),C
2023,3106200,1,25420,3,31910600,POINT (613483.393194102 7803443.133251285),C
2023,3106200,1,25390,3,30610000,POINT (603684.26034498 7792838.836918727),C
2023,3106200,1,10961,3,30775490,POINT (607675.1537633976 7799023.863595139),C
2023,3106200,1,14126,3,30840480,POINT (604768.3080322825 7800516.781240638),C
2023,3106200,1,14126,3,30180003,POINT (609977.0423765152 7796482.923357677),C
2023,3106200,1,14126,3,31110430,POINT (610642.7629933319 7798929.115253678),C
2023,3106200,1,32116,4,30640520,POINT (603075.8304879055 7790654.717847221),C
2023,3106200,1,10996,4,31230100,POINT (608658.8996310986 7798649.5891106995),C
2023,3106200,1,26515,4,31930800,POINT (613923.0625410588 7803207.942562438),C
2023,3106200,1,10945,4,30820220,POINT (605132.6085571329 7798186.759782705),C
2023,3106200,1,23303,4,30620450,POINT (604620.6495705964 7789395.858763046),C
2023,3106200,1,23915,4,30662060,POINT (600432.9959300732 7789229.748579523),C
2023,3106200,1,32507,4,31110422,POINT (612492.034260124 7798507.020437943),C
2023,3106200,1,32116,4,31010240,POINT (613324.8602186525 7797316.447748433),C
2023,3106200,1,31021,4,31170700,POINT (612572.9354815278 7801653.122428738),C
2023,3106200,1,33198,4,30160017,POINT (611123.7120620502 7796167.982041626),C
2023,3106200,1,33147,4,31615250,POINT (607913.6597240956 7809501.351518203),C
2023,3106200,1,25993,4,30660540,POINT (601275.5373669565 7789192.196676865),C
2023,3106200,1,14134,4,31235070,POINT (609665.4897120494 7800408.743238924),C
2023,3106200,1,10911,4,31930255,POINT (614657.6942556784 7803092.344226871),C
2023,3106200,1,18300,4,30110044,POINT (610824.8288502372 7794866.622822353),C
2023,3106200,1,10139,4,30411293,POINT (607940.0256334473 7796367.807357112),C
2023,3106200,1,25420,4,30512000,POINT (604556.8290206951 7794356.929566653),C
2023,3106200,1,14134,4,31310240,POINT (606931.7425255117 7802302.940028834),C
2023,3106200,1,10996,4,31130740,POINT (610874.0272357477 7801059.824161729),C
2023,3106200,1,10911,4,31340150,POINT (605979.646742322 7802858.53892337),C
2023,3106200,1,11135,4,30810100,POINT (606204.7724198654 7799347.92539621),C
2023,3106200,1,18130,4,30730650,POINT (606419.5249293403 7798124.945273467),C
2023,3106200,1,26329,4,30350582,POINT (609491.126672632 7792297.990614773),C
2023,3106200,1,23192,4,30692675,POINT (600016.2129733626 7788439.090035167),C
2023,3106200,1,31012,4,31320190,POINT (606096.542909171 7800864.876296293),C
2023,3106200,1,33147,4,30610100,POINT (603609.358607244 7792916.040290019),C
2023,3106200,1,33121,4,30710020,POINT (610075.7142118912 7797724.562158667),C
2023,3106200,1,18130,4,30110059,POINT (609407.7937213378 7795620.108114386),C
2023,3106200,1,14126,4,30662090,POINT (600109.8120370065 7789543.818927469),C
2023,3106200,1,14126,4,31615310,POINT (608547.6494005498 7808940.826777037),C
2023,3106200,1,14126,4,30431340,POINT (607970.774260058 7794792.363241442),C
2023,3106200,1,14126,4,30330330,POINT (611193.9340631333 7793857.691056036),C
2023,3106200,1,31012,5,30628004,POINT (603733.7331618214 7787400.803867159),C
2023,3106200,1,23915,5,30692190,POINT (598861.0237160781 7790021.381375047),C
2023,3106200,1,33139,5,30510000,POINT (604943.6396112863 7795029.020040604),C
2023,3106200,1,10961,5,31210560,POINT (609492.4723151914 7798523.91160178),C
2023,3106200,1,23303,5,30820000,POINT (605716.8904980603 7798650.839085715),C
2023,3106200,1,10911,5,30810140,POINT (606032.1739126703 7799151.395132722),C
2023,3106200,1,31012,5,31330430,POINT (605399.8550685986 7800590.12580206),C
2023,3106200,1,10996,5,30310320,POINT (612626.3581963845 7793721.135363398),C
2023,3106200,1,10911,5,31080160,POINT (614170.2581533066 7800930.008645064),C
2023,3106200,1,23303,5,30390000,POINT (608267.0808348136 7788337.049362039),C
2023,3106200,1,14134,5,31230230,POINT (609920.1270551763 7799649.470843494),C
2023,3106200,1,10139,5,31515212,POINT (608948.9150161168 7807389.603202327),C
2023,3106200,1,10911,5,30881356,POINT (602659.5246215666 7799979.14530403),C
2023,3106200,1,25128,5,30575400,POINT (606862.4799630732 7791753.482529281),C
2023,3106200,1,33210,5,30660380,POINT (601776.6418740386 7789020.389260856),C
2023,3106200,1,10911,5,31920440,POINT (614111.2630453525 7802473.274128687),C
2023,3106200,1,25934,5,30644220,POINT (602863.5199140181 7789278.310646024),C
2023,3106200,1,28232,5,31070260,POINT (615656.0373582984 7800472.8570826305),C
2023,3106200,1,31021,5,30431405,POINT (608000.9533501106 7794353.613180043),C
2023,3106200,1,10911,5,31872340,POINT (615179.5407534145 7807690.166347871),C
2023,3106200,1,10538,5,30285170,POINT (616200.1716563764 7797950.476449845),C
2023,3106200,1,18130,5,31255160,POINT (609609.8520178599 7801935.170012089),C
2023,3106200,1,33147,5,30510510,POINT (604687.1691266156 7794617.874200322),C
2023,3106200,1,29301,5,31255180,POINT (609435.7384449337 7802070.971322649),C
2023,3106200,1,25390,5,30880400,POINT (602242.453929123 7798505.797466174),C
2023,3106200,1,32507,5,31730600,POINT (610556.184154506 7806254.906137407),C
2023,3106200,1,27317,5,30640240,POINT (602308.3382767267 7791376.110507819),C
2023,3106200,1,15394,5,30830020,POINT (605136.8347055343 7797789.057308912),C
2023,3106200,1,14126,5,30180003,POINT (609977.0423765152 7796482.923357677),C
2023,3106200,1,23915,6,31250800,POINT (608604.5151306223 7800335.5805446785),C
2023,3106200,1,33121,6,30642220,POINT (603243.7447249177 7789978.86520903),C
2023,3106200,1,33121,6,30518240,POINT (604204.3569489366 7793807.859376635),C
2023,3106200,1,32116,6,30180106,POINT (610715.1469075701 7796498.281302009),C
2023,3106200,1,15211,6,31140150,POINT (612069.9891006501 7799408.4407508),C
2023,3106200,1,23915,6,30662060,POINT (600432.9959300732 7789229.748579523),C
2023,3106200,1,32116,6,30170130,POINT (611018.0487169141 7797413.578754906),C
2023,3106200,1,28127,6,30411312,POINT (608234.0628448521 7796674.889401746),C
2023,3106200,1,31012,6,31950450,POINT (615422.8393534394 7802827.332604099),C
2023,3106200,1,25110,6,30642140,POINT (603493.6015409019 7789649.19971531),C
2023,3106200,1,25993,6,31842430,POINT (612805.3324808993 7806000.736526724),C
2023,3106200,1,26604,6,30270020,POINT (614404.3714099324 7797485.579996834),C
2023,3106200,1,25438,6,31210570,POINT (609454.4558823709 7798593.359986104),C
2023,3106200,1,33210,6,31710420,POINT (608792.5201389755 7805412.5316379005),C
2023,3106200,1,10317,6,31570640,POINT (606411.3810321836 7809912.216363375),C
2023,3106200,1,10911,6,30315270,POINT (611176.0508011353 7793348.247812731),C
2023,3106200,1,10945,6,30160019,POINT (610833.5679368424 7795117.817521473),C
2023,3106200,1,33147,6,31749065,POINT (610199.9310556625 7810893.54213841),C
2023,3106200,1,10911,6,30580003,POINT (605981.4274385398 7792633.827993095),C
2023,3106200,1,10139,7,31990240,POINT (615551.5515501612 7804636.032639329),C
2023,3106200,1,28402,7,30525000,POINT (603813.5998304943 7795199.906381581),C
2023,3106200,1,32205,7,31210110,POINT (610250.7487869709 7798369.675406434),C
2023,3106200,1,10911,7,31015020,POINT (613258.4634869628 7797914.551851636),C
2023,3106200,1,33147,7,30140040,POINT (612718.711494687 7796400.049954275),C
2023,3106200,1,20916,7,30855190,POINT (603060.0816028605 7796422.585616088),C
2023,3106200,1,28691,7,31744330,POINT (610669.3527695687 7807519.873490504),C
2023,3106200,1,18229,7,30421360,POINT (607668.707967889 7794630.7059073895),C
2023,3106200,1,20142,7,30668273,POINT (601656.7346636312 7787769.053702449),C
2023,3106200,1,27902,7,31230590,POINT (609540.6477634087 7799532.142721829),C
2023,3106200,1,26108,7,31990070,POINT (615928.4375008821 7804310.340153443),C
2023,3106200,1,14126,7,31995440,POINT (615721.6643707915 7805648.606097765),C
2023,3106200,1,14126,7,30190080,POINT (610137.6807498672 7796805.249435494),C
2023,3106200,1,31012,8,30390170,POINT (608726.9006449643 7789129.786804056),C
2023,3106200,1,25322,8,31980180,POINT (613602.940077005 7804015.915598525),C
2023,3106200,1,33121,8,30575834,POINT (607018.0249357931 7790968.711421739),C
2023,3106200,1,26515,8,30330000,POINT (611401.2760901097 7794059.346961405),C
2023,3106200,1,26221,8,30580040,POINT (606100.0195078974 7792194.646923586),C
2023,3106200,1,25993,8,31250430,POINT (609342.2897789645 7800861.328014515),C
2023,3106200,1,15319,8,31275050,POINT (608275.5050871447 7803772.623109132),C
2023,3106200,1,10911,8,31035400,POINT (612845.2934840854 7799378.615731515),C
2023,3106200,1,31012,8,31030010,POINT (612597.0686379886 7798609.797620036),C
2023,3106200,1,11135,8,31330000,POINT (604784.1261195136 7801209.2520096395),C
2023,3106200,1,18113,8,31210120,POINT (610301.4267384784 7798193.168675518),C
2023,3106200,1,11135,8,30270102,POINT (614707.2919970931 7797344.631939627),C
2023,3106200,1,31012,8,31270010,POINT (609255.2561563522 7802898.59752233),C
2023,3106200,1,10911,8,31250430,POINT (609342.2897789645 7800861.328014515),C
2023,3106200,1,20711,8,30285380,POINT (616507.2905609215 7796516.531102485),C
2023,3106200,1,14126,8,30110043,POINT (610712.389256229 7794894.291777382),C
2023,3106200,1,32124,9,30360600,POINT (610141.7881036836 7791540.526170678),C
2023,3106200,1,33112,9,30810250,POINT (605951.7164132403 7799341.071188108),C
2023,3106200,1,14134,9,31150670,POINT (611208.0771898073 7801589.982415519),C
2023,3106200,1,10911,9,30627215,POINT (602236.7721759052 7788755.4099635845),C
2023,3106200,1,14118,9,30690605,POINT (599373.0621519221 7791033.895089706),C
2023,3106200,1,25128,9,30855435,POINT (602889.8523610535 7796034.669349758),C
2023,3106200,1,28691,9,30610280,POINT (604743.4260524862 7792114.9345080955),C
2023,3106200,1,10911,9,31270020,POINT (609593.5739464924 7803003.559899336),C
2023,3106200,1,10911,9,30840640,POINT (604809.4494219 7799859.507716622),C
2023,3106200,1,25390,9,30865210,POINT (602419.9390146313 7797461.635983873),C
2023,3106200,1,10911,9,30810000,POINT (606748.5182189122 7799645.723718284),C
2023,3106200,1,31012,10,31573550,POINT (605406.6131566677 7808698.919503463),C
2023,3106200,1,32990,10,30390220,POINT (607702.3882084267 7788345.069931133),C
2023,3106200,1,33147,10,31565312,POINT (608025.4451742532 7807192.156222668),C
2023,3106200,1,14134,10,31010520,POINT (613490.1551014477 7797882.669929888),C
2023,3106200,1,10911,10,31985070,POINT (614293.0483041432 7804510.391080147),C
2023,3106200,1,10139,10,31030430,POINT (612242.4938702934 7798912.254807575),C
2023,3106200,1,10937,10,31255180,POINT (609435.7384449337 7802070.971322649),C
2023,3106200,1,14126,10,30411223,POINT (608122.2789650034 7795871.496436572),C
2023,3106200,1,10937,11,30260220,POINT (613827.8036861052 7796477.294484867),C
2023,3106200,1,15319,11,31842540,POINT (613243.4377887237 7806441.700218342),C
2023,3106200,1,29506,11,31155630,POINT (612436.4519851478 7798183.467018176),C
2023,3106200,1,10911,11,30530180,POINT (604800.2672683113 7795848.003998634),C
2023,3106200,1,10911,11,30494220,POINT (608294.1708431032 7792225.465838632),C
2023,3106200,1,31012,11,31250420,POINT (609266.6860396815 7800745.141377235),C
2023,3106200,1,10911,11,31150620,POINT (611021.6838349066 7801333.78903761),C
2023,3106200,1,10911,11,30451540,POINT (608689.5218192806 7793477.076892283),C
2023,3106200,1,31012,11,31110800,POINT (611067.1541213149 7799172.398802068),C
2023,3106200,1,23915,11,30660560,POINT (601968.4225630423 7788954.338066882),C
2023,3106200,1,21238,11,31160360,POINT (612291.905735308 7801671.694852525),C
2023,3106200,1,10538,11,31540250,POINT (605337.2759405968 7807392.539517348),C
2023,3106200,1,33198,11,30720290,POINT (607263.7604144219 7797749.0280109225),C
2023,3106200,1,17427,11,31255110,POINT (609259.4971039208 7802134.896550667),C
2023,3106200,1,11135,2,30310124,POINT (609019.9675805495 7795801.721287319),C
2023,3106200,1,33147,2,30720590,POINT (606957.7340945924 7799001.249409811),C
2023,3106200,1,25420,2,30770310,POINT (607436.318110879 7798394.40696878),C
2023,3106200,1,10996,2,30441036,POINT (609154.3731103084 7795270.465264007),C
2023,3106200,1,32990,2,30644070,POINT (603413.0708752221 7788540.026191116),C
2023,3106200,1,31012,2,30662490,POINT (600028.6549690888 7789074.715464367),C
2023,3106200,1,10911,2,31845000,POINT (614230.1189833309 7805665.298278031),C
2023,3106200,1,31012,2,30530260,POINT (605137.4541860137 7795897.726562154),C
2023,3106200,1,10911,2,30290130,POINT (617072.6324142274 7797028.122161736),C
2023,3106200,1,10538,2,31360120,POINT (603571.7399404489 7802428.802760119),C
2023,3106200,1,10139,2,30330240,POINT (610632.9171382475 7794538.847143021),C
2023,3106200,1,10929,2,31872620,POINT (615852.4248867746 7808389.21810307),C
2023,3106200,1,18113,2,31050230,POINT (616021.9151660263 7799091.573822133),C
2023,3106200,1,32124,2,30310010,POINT (611669.6586448002 7794432.6552115735),C
2023,3106200,1,14118,2,30510530,POINT (604751.3899727531 7794393.310769489),C
2023,3106200,1,18130,2,30710090,POINT (609902.8771121943 7797570.174395533),C
2023,3106200,1,25390,2,30710662,POINT (609618.983513342 7797617.3426235635),C
2023,3106200,1,10945,2,30180080,POINT (609297.2604785489 7796892.381366356),C
2023,3106200,1,18130,2,31255160,POINT (609609.8520178599 7801935.170012089),C
2023,3106200,1,10996,2,31255190,POINT (609286.6668451901 7802061.355898442),C
2023,3106200,1,32124,2,31814030,POINT (612334.0477379207 7804271.426603823),C
2023,3106200,1,14134,2,31555050,POINT (606471.7183642564 7805194.243279433),C
2023,3106200,1,31012,2,31565030,POINT (608009.0675353539 7805920.343721557),C
2023,3106200,1,32116,2,30170130,POINT (611018.0487169141 7797413.578754906),C
2023,3106200,1,32507,2,30140090,POINT (612264.4406944495 7795507.293246578),C
2023,3106200,1,32124,2,30662286,POINT (600657.1894158642 7789038.889526758),C
2023,3106200,1,10911,2,31814620,POINT (612500.986673834 7805310.113091268),C
2023,3106200,1,32990,2,30170115,POINT (610137.9077051694 7796281.761822812),C
2023,3106200,1,25322,2,30662290,POINT (600998.4809070621 7788931.626457948),C
2023,3106200,1,10911,2,30170128,POINT (610390.1232740317 7795589.081557529),C
2023,3106200,1,32507,2,31330000,POINT (604784.1261195136 7801209.2520096395),C
2023,3106200,1,22293,2,30150370,POINT (611887.8276507661 7795205.375329239),C
2023,3106200,1,10911,2,31310400,POINT (606447.2371249902 7802208.209920415),C
2023,3106200,1,25390,2,30530090,POINT (604436.394942672 7796474.805426439),C
2023,3106200,1,32990,2,31730600,POINT (610556.184154506 7806254.906137407),C
2023,3106200,1,10911,2,30180114,POINT (610479.042675574 7797019.867941896),C
2023,3106200,1,25934,2,30550480,POINT (607007.5655755397 7794233.187729526),C
2023,3106200,1,32116,2,30112004,POINT (611117.5554661654 7794929.629297778),C
2023,3106200,1,32507,2,30710560,POINT (608532.1862748641 7797963.427054018),C
2023,3106200,1,10911,2,30380002,POINT (610127.2065761322 7794998.834678559),C
2023,3106200,1,31021,2,31155150,POINT (610997.1559672691 7801979.723214582),C
2023,3106200,1,13405,2,31920230,POINT (613912.3259793476 7801759.94175126),C
2023,3106200,1,10538,2,30670565,POINT (602625.1388490497 7787301.63205049),C
2023,3106200,1,10911,2,30112000,POINT (611151.5384321467 7794949.230272654),C
2023,3106200,1,31012,2,31060470,POINT (614665.954922592 7799673.75698714),C
2023,3106200,1,25993,2,31870150,POINT (614587.0071962248 7804941.398024837),C
2023,3106200,1,14126,2,30411120,POINT (608377.4406181427 7796523.9267331725),C
2023,3106200,1,14126,2,30431091,POINT (608421.0733013845 7795821.323782466),C
2023,3106200,1,14126,2,30411216,POINT (608292.6422887931 7795970.7466408415),C
2023,3106200,1,14126,2,30411223,POINT (608122.2789650034 7795871.496436572),C
2023,3106200,1,14126,2,31150690,POINT (611057.6530125282 7801776.07268036),C
2023,3106200,1,10996,3,30112000,POINT (611151.5384321467 7794949.230272654),C
2023,3106200,1,31012,3,30692320,POINT (598803.949723152 7789140.087666243),C
2023,3106200,1,31021,3,31255375,POINT (611221.3261192689 7802773.9478623215),C
2023,3106200,1,33121,3,30575834,POINT (607018.0249357931 7790968.711421739),C
2023,3106200,1,32990,3,30855450,POINT (603639.02971908 7796449.61544987),C
2023,3106200,1,14118,3,30411120,POINT (608377.4406181427 7796523.9267331725),C
2023,3106200,1,25110,3,31742033,POINT (611377.6956487054 7806779.0949867945),C
2023,3106200,1,29492,3,31255375,POINT (611221.3261192689 7802773.9478623215),C
2023,3106200,1,22196,3,30180000,POINT (608686.9574974033 7797575.502738768),C
2023,3106200,1,10911,3,30692500,POINT (599265.5935162213 7789198.481181366),C
2023,3106200,1,17311,3,31255340,POINT (610249.3972382047 7802665.019359263),C
2023,3106200,1,31012,3,30730130,POINT (606152.1727406164 7797430.030427769),C
2023,3106200,1,33147,3,31565320,POINT (607992.1311380515 7806974.582625093),C
2023,3106200,1,31012,3,30880133,POINT (602825.0019631722 7799132.20510816),C
2023,3106200,1,14142,3,31746120,POINT (611523.2781717397 7809035.392956082),C
2023,3106200,1,25420,3,30640300,POINT (601993.2708655006 7791063.23611298),C
2023,3106200,1,13405,3,30170040,POINT (609830.0647861883 7796740.166268898),C
2023,3106200,1,10911,3,30170137,POINT (610458.3210237868 7795398.503869693),C
2023,3106200,1,33121,3,30240300,POINT (612930.0838402624 7795956.816353876),C
2023,3106200,1,23915,3,31260000,POINT (610713.8255285172 7803544.999171257),C
2023,3106200,1,18211,3,30880133,POINT (602825.0019631722 7799132.20510816),C
2023,3106200,1,14134,3,30622370,POINT (605092.2950479824 7789477.354872933),C
2023,3106200,1,18130,3,31130550,POINT (610804.2619977344 7800046.582958511),C
2023,3106200,1,32116,3,31360100,POINT (603729.0801395982 7802275.310369251),C
2023,3106200,1,23915,3,31842610,POINT (613211.1467180141 7805963.0705221165),C
2023,3106200,1,31012,3,31365490,POINT (603638.0378183175 7804226.171385053),C
2023,3106200,1,33147,3,30662050,POINT (600630.7062652269 7789748.630746374),C
2023,3106200,1,23915,3,31680170,POINT (605822.9868204754 7810004.7038208805),C
2023,3106200,1,32990,3,30640480,POINT (603002.1801698065 7790722.617391132),C
2023,3106200,1,32507,3,31360060,POINT (603921.8157737959 7802528.448073376),C
2023,3106200,1,18211,3,30662050,POINT (600630.7062652269 7789748.630746374),C
2023,3106200,1,33112,3,30640000,POINT (602652.3660664924 7790798.705227359),C
2023,3106200,1,10911,3,31525000,POINT (607615.4604504697 7807943.015509379),C
2023,3106200,1,10911,3,30640040,POINT (602878.0260587861 7791104.282322833),C
2023,3106200,1,31012,3,30880140,POINT (603302.0727887462 7799034.775208544),C
2023,3106200,1,10911,3,30720110,POINT (607806.2742804844 7797433.594050841),C
2023,3106200,1,24512,3,30720480,POINT (607003.5660833197 7798102.481785907),C
2023,3106200,1,32507,3,30285170,POINT (616200.1716563764 7797950.476449845),C
2023,3106200,1,20193,3,31310260,POINT (607029.0916696028 7800397.861741317),C
2023,3106200,1,10945,3,31580540,POINT (604877.9006983361 7807569.050588246),C
2023,3106200,1,25390,3,30494080,POINT (608156.2294777605 7793074.274261529),C
2023,3106200,1,28330,3,30390530,POINT (608727.8671079442 7789117.193412604),C
2023,3106200,1,31012,3,31210370,POINT (609925.521366653 7798004.811725037),C
2023,3106200,1,14126,3,30360500,POINT (610170.9924949444 7791710.367454937),C
2023,3106200,1,14126,3,31250460,POINT (609479.683670868 7801012.76260037),C
2023,3106200,1,14126,3,31080090,POINT (614078.9165444185 7800185.476176895),C
2023,3106200,1,14126,3,30190002,POINT (610079.2202604454 7796789.725624727),C
2023,3106200,1,33198,4,31535510,POINT (607521.5365409584 7808715.593860485),C
2023,3106200,1,25322,4,30664792,POINT (601146.7968045159 7787210.446052103),C
2023,3106200,1,27406,4,31035560,POINT (612791.63880517 7799659.4496692065),C
2023,3106200,1,10911,4,30610290,POINT (604363.9116740227 7792395.646969486),C
2023,3106200,1,10945,4,30662060,POINT (600432.9959300732 7789229.748579523),C
2023,3106200,1,20991,4,30881090,POINT (602460.5705030158 7799200.328761533),C
2023,3106200,1,28259,4,31640060,POINT (607582.8127427582 7810221.3963568155),C
2023,3106200,1,10911,4,31615640,POINT (609312.5389430363 7809587.594504457),C
2023,3106200,1,16293,4,31872810,POINT (615552.9613668141 7807829.973842935),C
2023,3106200,1,18130,4,30840300,POINT (604661.3802954332 7800362.654898917),C
2023,3106200,1,32507,4,30170110,POINT (610341.2704439149 7796941.578858232),C
2023,3106200,1,22293,4,31210440,POINT (609464.3440877121 7797863.242755787),C
2023,3106200,1,32990,4,30510200,POINT (605473.8582872158 7794865.271772061),C
2023,3106200,1,33295,4,31842680,POINT (613529.6845146347 7807088.9863251755),C
2023,3106200,1,22226,4,31870360,POINT (614483.6720992504 7805477.590440689),C
2023,3106200,1,25993,4,30532070,POINT (604161.8203282782 7794962.384464023),C
2023,3106200,1,10911,4,30290570,POINT (617327.4683591931 7797060.117998797),C
2023,3106200,1,10911,4,31990580,POINT (616221.876178707 7804977.129366104),C
2023,3106200,1,32990,4,30510290,POINT (605453.783732019 7794799.660257881),C
2023,3106200,1,10937,4,30140080,POINT (612336.3748091867 7795969.54760741),C
2023,3106200,1,10996,4,31744330,POINT (610669.3527695687 7807519.873490504),C
2023,3106200,1,26515,4,31742045,POINT (611116.0295254095 7806336.841862714),C
2023,3106200,1,32990,4,30770380,POINT (607400.8868932101 7798783.493259604),C
2023,3106200,1,32507,4,31580140,POINT (604914.9679642086 7808439.270052721),C
2023,3106200,1,10911,4,31515190,POINT (608551.4993669678 7808165.994523315),C
2023,3106200,1,14126,4,30315382,POINT (612139.751335985 7793167.077263744),C
2023,3106200,1,14126,4,30411370,POINT (608039.5128154521 7797027.031835629),C
2023,3106200,1,14126,4,30451669,POINT (608018.4643854529 7793466.713457286),C
2023,3106200,1,14126,4,30190082,POINT (610035.3578400059 7796597.902611225),C
2023,3106200,1,18130,5,30431025,POINT (607962.4358396693 7795810.153299669),C
2023,3106200,1,10694,5,31710330,POINT (608844.9678601827 7805727.73499917),C
2023,3106200,1,17311,5,31210050,POINT (610424.9963622272 7798541.039771128),C
2023,3106200,1,29417,5,31255160,POINT (609609.8520178599 7801935.170012089),C
2023,3106200,1,23419,5,30190060,POINT (611113.2363536702 7796809.587206901),C
2023,3106200,1,26515,5,30730500,POINT (605970.3254027179 7797761.954305671),C
2023,3106200,1,10911,5,30820170,POINT (605144.8142695861 7798832.641577246),C
2023,3106200,1,10929,5,30421382,POINT (607314.1781912493 7794538.471310505),C
2023,3106200,1,17419,5,31230210,POINT (609242.0834939771 7798797.277553976),C
2023,3106200,1,11135,5,30180114,POINT (610479.042675574 7797019.867941896),C
2023,3106200,1,10953,5,31235110,POINT (609399.0048710017 7799845.407697374),C
2023,3106200,1,32507,5,31035536,POINT (613762.3819830475 7801419.361824502),C
2023,3106200,1,32507,5,30140002,POINT (611533.6935687026 7795773.237380006),C
2023,3106200,1,20622,5,30512720,POINT (604394.5304596458 7793980.257188519),C
2023,3106200,1,33155,5,31814463,POINT (613465.662917984 7804975.395484038),C
2023,3106200,1,15394,5,31080160,POINT (614170.2581533066 7800930.008645064),C
2023,3106200,1,10911,5,31330145,POINT (604162.1729719501 7801073.673584897),C
2023,3106200,1,10139,5,31910064,POINT (612274.415175661 7802866.9926939085),C
2023,3106200,1,14118,5,31910740,POINT (613609.0974841244 7802996.172938815),C
2023,3106200,1,14134,5,31615460,POINT (608388.381205484 7809281.859481426),C
2023,3106200,1,10911,5,31660140,POINT (606138.718275149 7810305.048122664),C
2023,3106200,1,10911,5,30431290,POINT (607577.1481524478 7794894.114220651),C
2023,3106200,1,20193,5,31310260,POINT (607029.0916696028 7800397.861741317),C
2023,3106200,1,22293,5,31255190,POINT (609286.6668451901 7802061.355898442),C
2023,3106200,1,33163,5,31230420,POINT (608978.9194592062 7799364.45591912),C
2023,3106200,1,14126,5,31310530,POINT (606337.3444735244 7802359.624335969),C
2023,3106200,1,23303,6,30150350,POINT (612873.3098438638 7796204.546729462),C
2023,3106200,1,25128,6,30620330,POINT (603788.9694509238 7789309.094565098),C
2023,3106200,1,28127,6,30855075,POINT (602166.5093241229 7796274.376227353),C
2023,3106200,1,10929,6,30620010,POINT (604374.5896447604 7790584.220106907),C
2023,3106200,1,10929,6,30575410,POINT (607212.7486484371 7791481.794327651),C
2023,3106200,1,29433,6,30610100,POINT (603609.358607244 7792916.040290019),C
2023,3106200,1,25934,6,30431025,POINT (607962.4358396693 7795810.153299669),C
2023,3106200,1,18130,6,30525040,POINT (603601.5869027104 7795152.354196155),C
2023,3106200,1,14118,6,31360660,POINT (603462.6754903339 7802891.437138747),C
2023,3106200,1,25128,6,30421480,POINT (607875.7434766374 7793452.201505333),C
2023,3106200,1,25322,6,31748145,POINT (611025.0894018121 7810002.906926537),C
2023,3106200,1,14126,6,30411200,POINT (608358.7370542281 7796032.049548369),C
2023,3106200,1,14126,6,30130138,POINT (611703.8720876882 7795063.870987574),C
2023,3106200,1,33147,7,31749035,POINT (610250.7010819573 7810592.411583498),C
2023,3106200,1,25420,7,30670565,POINT (602625.1388490497 7787301.63205049),C
2023,3106200,1,25128,7,31573100,POINT (606748.3321295874 7807594.9896080755),C
2023,3106200,1,18229,7,30490290,POINT (607278.0330280637 7793548.445590564),C
2023,3106200,1,25390,7,30750190,POINT (606663.3411611235 7799262.938331259),C
2023,3106200,1,10937,7,30575400,POINT (606862.4799630732 7791753.482529281),C
2023,3106200,1,10911,7,30624080,POINT (605077.5980290084 7788708.309781812),C
2023,3106200,1,33147,7,30644220,POINT (602863.5199140181 7789278.310646024),C
2023,3106200,1,28224,7,30664000,POINT (600401.747247779 7788334.724737674),C
2023,3106200,1,18130,7,30850380,POINT (604440.9412409274 7797207.026753541),C
2023,3106200,1,14126,7,30190051,POINT (610468.5867204958 7796840.921517029),C
2023,3106200,1,31012,8,30512100,POINT (604342.3139985427 7794116.9949912615),C
2023,3106200,1,11135,8,31310490,POINT (606238.4418130693 7802811.223439171),C
2023,3106200,1,31012,8,30881540,POINT (603353.1242254192 7800713.954876307),C
2023,3106200,1,10911,8,30140060,POINT (612359.293140156 7795909.758405505),C
2023,3106200,1,23915,8,31360280,POINT (603316.1610232469 7802400.336611465),C
2023,3106200,1,24512,8,30730482,POINT (605614.1012431431 7797895.145434139),C
2023,3106200,1,27317,8,30640240,POINT (602308.3382767267 7791376.110507819),C
2023,3106200,1,10996,8,31814620,POINT (612500.986673834 7805310.113091268),C
2023,3106200,1,14118,8,30411023,POINT (608936.3878728054 7797075.463359485),C
2023,3106200,1,10911,8,31530560,POINT (606949.775326651 7808071.470083127),C
2023,3106200,1,27902,8,30285422,POINT (615538.0975248134 7797046.337660316),C
2023,3106200,1,32124,8,31035570,POINT (612599.7360685373 7799587.841619099),C
2023,3106200,1,10929,8,30510190,POINT (605428.2831760598 7794594.125737516),C
2023,3106200,1,10911,8,30720270,POINT (607328.9574174018 7797210.435955943),C
2023,3106200,1,13511,8,30150330,POINT (612647.7844173505 7796474.012750464),C
2023,3106200,1,33139,8,31130260,POINT (610535.8811130048 7800449.943806512),C
2023,3106200,1,10961,8,31140270,POINT (611685.9210472022 7799704.172830438),C
2023,3106200,1,31012,8,31550460,POINT (606249.2777043014 7806256.965864856),C
2023,3106200,1,14126,8,30441051,POINT (608921.8167932313 7795452.90069909),C
2023,3106200,1,18211,9,30730530,POINT (606228.5860943276 7797805.109690879),C
2023,3106200,1,18229,9,30710540,POINT (608653.4466533285 7798173.639026779),C
2023,3106200,1,25420,9,31255050,POINT (608695.6375656308 7801464.084976735),C
2023,3106200,1,10945,9,31535200,POINT (606470.9797317077 7808605.141818322),C
2023,3106200,1,10911,9,31565170,POINT (608246.8297947902 7806628.665666591),C
2023,3106200,1,22196,9,31210390,POINT (609800.0749614616 7797821.689663222),C
2023,3106200,1,10911,9,30668650,POINT (601412.602002062 7787456.936128039),C
2023,3106200,1,10911,9,31070130,POINT (615041.174454518 7800604.09442462),C
2023,3106200,1,32990,9,31910252,POINT (612986.8552398672 7802592.796285569),C
2023,3106200,1,14126,9,30380330,POINT (609415.0696882507 7794034.9652792765),C
2023,3106200,1,10911,10,30580003,POINT (605981.4274385398 7792633.827993095),C
2023,3106200,1,11135,10,30310710,POINT (611723.432649463 7793807.58733632),C
2023,3106200,1,16226,10,31255060,POINT (608926.2234290242 7801457.166845976),C
2023,3106200,1,33198,10,31520500,POINT (606939.1189053678 7808193.254212704),C
2023,3106200,1,17419,10,31970130,POINT (616351.8254017025 7804082.947976092),C
2023,3106200,1,25993,10,30620070,POINT (604511.1089864197 7790341.624690671),C
2023,3106200,1,10911,10,31150580,POINT (610911.0694505118 7801422.853794205),C
2023,3106200,1,22293,10,31330382,POINT (604528.2723972069 7801927.47584663),C
2023,3106200,1,27902,10,31150000,POINT (610796.4464117935 7800989.354028699),C
2023,3106200,1,29506,10,30532140,POINT (604148.8434279454 7794892.987070184),C
2023,3106200,1,29506,10,30720460,POINT (607240.8872372068 7797869.581881051),C
2023,3106200,1,27902,11,30627205,POINT (602510.0565191854 7788769.947510574),C
2023,3106200,1,31012,11,31255060,POINT (608926.2234290242 7801457.166845976),C
2023,3106200,1,22226,11,30668272,POINT (601324.7231788054 7788008.117334845),C
2023,3106200,1,25110,11,30620160,POINT (604332.6394074324 7789459.697300695),C
2023,3106200,1,10911,11,30570000,POINT (606436.9700635921 7793272.774026895),C
2023,3106200,1,25128,11,30660560,POINT (601968.4225630423 7788954.338066882),C
2023,3106200,1,28216,11,31230060,POINT (608523.7676457941 7797848.233676499),C
2023,3106200,1,25128,11,31210240,POINT (609990.2059321646 7798042.11042223),C
2023,3106200,1,20631,11,30285658,POINT (617106.9107963475 7796123.907090589),C
2023,3106200,1,18113,11,31840220,POINT (613057.0761396745 7805420.145210075),C
2023,3106200,1,14126,11,30720520,POINT (607175.5321847443 7798543.458906351),C
2023,3106200,1,10139,1,31615350,POINT (609364.467814066 7809539.639881883),C
2023,3106200,1,25390,1,31950020,POINT (614968.1679763125 7802216.812450256),C
2023,3106200,1,28291,1,30140063,POINT (610255.6122102672 7796493.0297963135),C
2023,3106200,1,23494,1,30421351,POINT (607359.4218212457 7794832.720029338),C
2023,3106200,1,32507,1,30330000,POINT (611401.2760901097 7794059.346961405),C
2023,3106200,1,31012,1,30666517,POINT (601734.9509888865 7786784.753197741),C
2023,3106200,1,32990,1,30510250,POINT (605135.861171551 7794710.36095655),C
2023,3106200,1,33295,1,31365170,POINT (604428.7181586866 7802417.596335577),C
2023,3106200,1,14134,1,30710602,POINT (608824.371635519 7797661.352799001),C
2023,3106200,1,10961,1,31140122,POINT (611574.6330520856 7799296.854343823),C
2023,3106200,1,14223,1,30510530,POINT (604751.3899727531 7794393.310769489),C
2023,3106200,1,31012,1,31730683,POINT (610893.7194430938 7806139.441510586),C
2023,3106200,1,18211,1,31840220,POINT (613057.0761396745 7805420.145210075),C
2023,3106200,1,14118,1,30730530,POINT (606228.5860943276 7797805.109690879),C
2023,3106200,1,14118,1,30180110,POINT (610590.2267319143 7797375.6470610015),C
2023,3106200,1,23303,1,30620450,POINT (604620.6495705964 7789395.858763046),C
2023,3106200,1,10929,1,30710080,POINT (610147.5482201118 7797491.075425779),C
2023,3106200,1,33147,1,31620680,POINT (608043.1235274156 7810421.578607432),C
2023,3106200,1,26515,1,30855000,POINT (603811.4014930836 7796217.63113688),C
2023,3106200,1,32990,1,31580110,POINT (604776.7366471504 7808464.603379317),C
2023,3106200,1,10911,1,30285680,POINT (615638.1394685339 7798120.343786112),C
2023,3106200,1,32124,1,31030211,POINT (612625.0998108608 7798463.330728171),C
2023,3106200,1,25390,1,30532060,POINT (604182.8855034108 7795033.010483275),C
2023,3106200,1,15319,1,30111040,POINT (611145.5892484917 7797483.317456666),C
2023,3106200,1,25390,1,31872430,POINT (615036.4461201897 7808202.94625029),C
2023,3106200,1,33121,1,30870020,POINT (604091.2372317275 7798506.226858875),C
2023,3106200,1,32507,1,30160038,POINT (610679.6150949001 7795060.688241976),C
2023,3106200,1,31012,1,31814120,POINT (612221.3099166482 7804202.905799235),C
2023,3106200,1,33210,1,31270600,POINT (609600.1146381646 7804169.405862456),C
2023,3106200,1,27317,1,31230070,POINT (608500.6981693979 7798694.070070034),C
2023,3106200,1,13545,1,30881140,POINT (602686.7998647091 7799408.720138976),C
2023,3106200,1,10911,1,30660410,POINT (601639.4470448138 7789145.757677767),C
2023,3106200,1,17494,1,30710090,POINT (609902.8771121943 7797570.174395533),C
2023,3106200,1,25420,1,30550550,POINT (606834.0764939128 7793985.764507278),C
2023,3106200,1,10911,1,31525000,POINT (607615.4604504697 7807943.015509379),C
2023,3106200,1,13405,1,30850620,POINT (604212.715257443 7797085.689090863),C
2023,3106200,1,16226,1,31742254,POINT (611194.986834287 7807069.558262957),C
2023,3106200,1,25420,1,31580060,POINT (604607.3841545979 7807921.686742635),C
2023,3106200,1,32507,1,31720300,POINT (609656.9377101753 7807095.986679008),C
2023,3106200,1,10333,1,30350060,POINT (610163.5693919449 7794860.387799418),C
2023,3106200,1,33295,1,31540400,POINT (606051.8581099604 7807350.7755453475),C
2023,3106200,1,10996,1,31050160,POINT (616417.4589170382 7798899.491615966),C
2023,3106200,1,29492,1,30881202,POINT (602758.2177564501 7799242.595725776),C
2023,3106200,1,18211,1,30180000,POINT (608686.9574974033 7797575.502738768),C
2023,3106200,1,20631,1,30530310,POINT (604639.3433295678 7795990.368531991),C
2023,3106200,1,26515,1,30350577,POINT (609470.6185640154 7791844.695916388),C
2023,3106200,1,33139,1,30710020,POINT (610075.7142118912 7797724.562158667),C
2023,3106200,1,31012,1,31320380,POINT (606100.0354398353 7800586.769205878),C
2023,3106200,1,33147,1,30390230,POINT (607722.224415831 7788424.701441208),C
2023,3106200,1,10961,1,31870040,POINT (615022.6084966247 7804882.760825163),C
2023,3106200,1,15297,1,31150550,POINT (610751.2629296076 7801627.1593499975),C
2023,3106200,1,31047,1,31970086,POINT (615699.7473776733 7803836.961264279),C
2023,3106200,1,29506,1,30730530,POINT (606228.5860943276 7797805.109690879),C
2023,3106200,1,32507,1,30350100,POINT (610398.2035742018 7794721.237670617),C
2023,3106200,1,25390,1,31550550,POINT (606560.2660136593 7806424.185174387),C
2023,3106200,1,32116,1,30640490,POINT (602389.1719489848 7790606.557782948),C
2023,3106200,1,10911,1,31565080,POINT (607730.8514222486 7806065.16688936),C
2023,3106200,1,25420,1,31250600,POINT (609465.0236741626 7801128.434725471),C
2023,3106200,1,25110,1,30660560,POINT (601968.4225630423 7788954.338066882),C
2023,3106200,1,10961,1,31260340,POINT (611306.8399290213 7803528.674888944),C
2023,3106200,1,25993,1,30692660,POINT (599722.7807288175 7788315.822948141),C
2023,3106200,1,10139,1,30882640,POINT (604003.0651739292 7800816.198453605),C
2023,3106200,1,25420,1,31741380,POINT (611138.2859450523 7804918.5927732065),C
2023,3106200,1,27902,1,31560270,POINT (607158.9862137429 7805863.226236794),C
2023,3106200,1,32205,1,31575230,POINT (605333.1502197293 7809483.038256142),C
2023,3106200,1,32990,1,31210430,POINT (609328.7827105529 7798275.712424381),C
2023,3106200,1,23915,1,31615250,POINT (607913.6597240956 7809501.351518203),C
2023,3106200,1,25926,1,31840150,POINT (612370.2996093223 7805675.941329475),C
2023,3106200,1,32990,1,30510160,POINT (605286.0314968122 7794936.715040399),C
2023,3106200,1,33147,1,30820272,POINT (604815.9090273551 7798316.57051305),C
2023,3106200,1,32507,1,30840140,POINT (604488.6260970875 7800179.59189532),C
2023,3106200,1,33121,1,30720360,POINT (606796.3685638392 7797729.171215143),C
2023,3106200,1,10911,1,31950160,POINT (615170.2952649533 7802340.329096698),C
2023,3106200,1,15319,1,30880400,POINT (602242.453929123 7798505.797466174),C
2023,3106200,1,33295,1,31812030,POINT (612081.3146352707 7804592.511218334),C
2023,3106200,1,10961,1,31580390,POINT (605127.9397302392 7807194.668639427),C
2023,3106200,1,31012,1,31840050,POINT (613053.8280132645 7806147.677666195),C
2023,3106200,1,10911,1,31985070,POINT (614293.0483041432 7804510.391080147),C
2023,3106200,1,25926,1,30666515,POINT (601603.8087332414 7786575.540539207),C
2023,3106200,1,14126,1,31270300,POINT (609677.5908621366 7803572.835066211),C
2023,3106200,1,14126,1,30411195,POINT (608505.9808521011 7796128.585745939),C
2023,3106200,1,14126,1,31525380,POINT (606978.1088796944 7807717.689222865),C
2023,3106200,1,14126,1,30150120,POINT (611848.0863666949 7797076.643188052),C
2023,3106200,1,14126,1,30411127,POINT (606924.0077265123 7794684.9279429205),C
2023,3106200,1,14126,1,30662060,POINT (600432.9959300732 7789229.748579523),C
2023,3106200,1,14126,1,30411180,POINT (606958.2092677724 7794683.322966745),C
2023,3106200,1,14126,1,30441045,POINT (609448.4411066533 7795312.766073976),C
2023,3106200,1,14126,1,30664792,POINT (601146.7968045159 7787210.446052103),C
2023,3106200,1,14126,1,31570170,POINT (606602.5116661008 7808906.7962821545),C
2023,3106200,1,14126,1,30626110,POINT (603087.3379287161 7788110.493471497),C
2023,3106200,1,14126,1,31610410,POINT (609679.9589260685 7809206.2042146735),C
2023,3106200,1,33121,2,31980660,POINT (613914.8984156073 7804275.469906681),C
2023,3106200,1,10911,2,30220110,POINT (612880.05424636 7794888.055322907),C
2023,3106200,1,10911,2,31615130,POINT (608847.824773303 7809382.757500778),C
2023,3106200,1,18130,2,31540480,POINT (605400.2042878243 7806962.241807515),C
2023,3106200,1,29492,2,30662280,POINT (600754.5172758762 7789155.445634026),C
2023,3106200,1,23915,2,31950000,POINT (614771.1795141533 7802575.627140684),C
2023,3106200,1,23915,2,31515200,POINT (609278.3153140051 7807817.0868899515),C
2023,3106200,1,23303,2,30870240,POINT (603485.5705107948 7798611.16146796),C
2023,3106200,1,33147,2,30610270,POINT (604697.2798533292 7792331.86728231),C
2023,3106200,1,18130,2,31150470,POINT (610364.3732570088 7801698.14700799),C
2023,3106200,1,18130,2,30840490,POINT (605109.4779254217 7800463.307626515),C
2023,3106200,1,25322,2,30570450,POINT (606969.0842500136 7792527.888927674),C
2023,3106200,1,32507,2,30160030,POINT (611296.2383509778 7797345.603084369),C
2023,3106200,1,32507,2,30775190,POINT (607709.4887080491 7800139.381723212),C
2023,3106200,1,33198,2,30285680,POINT (615638.1394685339 7798120.343786112),C
2023,3106200,1,22293,2,31565150,POINT (608017.7574882311 7806503.911223775),C
2023,3106200,1,28224,2,31255170,POINT (609227.1011637574 7801658.210381579),C
2023,3106200,1,32507,2,31210240,POINT (609990.2059321646 7798042.11042223),C
2023,3106200,1,18130,2,30640550,POINT (601895.1339984635 7790495.185732719),C
2023,3106200,1,29492,2,31365230,POINT (604575.564342904 7802241.804560276),C
2023,3106200,1,10911,2,30130165,POINT (611358.9692752887 7795518.470620604),C
2023,3106200,1,23303,2,30628260,POINT (604196.5022933166 7786475.124050332),C
2023,3106200,1,10996,2,30710662,POINT (609618.983513342 7797617.3426235635),C
2023,3106200,1,10911,2,30575857,POINT (607061.3924369352 7790511.090319094),C
2023,3106200,1,28640,2,30820363,POINT (604993.0115076497 7798524.947147079),C
2023,3106200,1,23915,2,30662290,POINT (600998.4809070621 7788931.626457948),C
2023,3106200,1,33198,2,30150230,POINT (612790.4194765347 7796737.814220337),C
2023,3106200,1,25128,2,30775330,POINT (607926.1953868801 7799782.281670458),C
2023,3106200,1,31012,2,30250439,POINT (614741.117967386 7795723.060726255),C
2023,3106200,1,23494,2,30720420,POINT (607038.9819150227 7797051.67920152),C
2023,3106200,1,33139,2,30350335,POINT (610119.9814926448 7793248.938510393),C
2023,3106200,1,27317,2,31235180,POINT (608803.1436433325 7796906.450442036),C
2023,3106200,1,10911,2,31540510,POINT (605982.3794333457 7807315.80926559),C
2023,3106200,1,32990,2,30510140,POINT (605329.6011082965 7794883.945814997),C
2023,3106200,1,17320,2,31255320,POINT (610255.2467172779 7802603.297064638),C
2023,3106200,1,18130,2,30840300,POINT (604661.3802954332 7800362.654898917),C
2023,3106200,1,33147,2,31985250,POINT (614723.556521607 7804057.479711784),C
2023,3106200,1,32116,2,30180126,POINT (609571.1886753531 7796065.064506479),C
2023,3106200,1,25128,2,31652060,POINT (608224.8870103136 7811294.521260355),C
2023,3106200,1,31012,2,30730470,POINT (605531.368617838 7797766.88476924),C
2023,3106200,1,10911,2,30431262,POINT (608067.2575785344 7794844.436423825),C
2023,3106200,1,18130,2,31749065,POINT (610199.9310556625 7810893.54213841),C
2023,3106200,1,31012,2,30610200,POINT (604210.6766721361 7793008.231088063),C
2023,3106200,1,23915,2,31950000,POINT (614771.1795141533 7802575.627140684),C
2023,3106200,1,33147,2,31330380,POINT (604426.0340375943 7801863.862493418),C
2023,3106200,1,25420,2,30550170,POINT (606690.2727686148 7794878.8348360155),C
2023,3106200,1,22196,2,30525210,POINT (603344.3165827338 7795545.474951111),C
2023,3106200,1,10911,2,30662510,POINT (599612.8738212744 7789618.429707394),C
2023,3106200,1,10929,2,31710320,POINT (608411.8442246331 7805699.841043215),C
2023,3106200,1,22293,2,30411365,POINT (608006.3807201439 7796890.305614429),C
2023,3106200,1,33295,2,30140080,POINT (612336.3748091867 7795969.54760741),C
2023,3106200,1,10911,2,31950300,POINT (614825.614618858 7802627.989107473),C
2023,3106200,1,18130,2,31130122,POINT (609941.2803324647 7799911.054259857),C
2023,3106200,1,14126,2,30620250,POINT (604227.6787026237 7789926.282892618),C
2023,3106200,1,14126,2,30640070,POINT (602186.9622160551 7790830.181816423),C
2023,3106200,1,14126,2,30411189,POINT (608660.3992768443 7795979.186682075),C
2023,3106200,1,14126,2,30690600,POINT (599536.3388145611 7791104.629506218),C
2023,3106200,1,14126,2,31110080,POINT (611616.747655947 7798422.468926637),C
2023,3106200,1,23915,3,30555140,POINT (606868.7321208501 7793292.521983944),C
2023,3106200,1,32507,3,30170131,POINT (610601.5686101562 7797217.134800181),C
2023,3106200,1,15394,3,30525280,POINT (603130.3855306 7795304.1233346285),C
2023,3106200,1,33295,3,30575100,POINT (607497.612136345 7791386.383879929),C
2023,3106200,1,25420,3,31250680,POINT (608589.0147016282 7800954.872414973),C
2023,3106200,1,10538,3,31030030,POINT (613251.1912379571 7798088.525229501),C
2023,3106200,1,22226,3,31990030,POINT (615330.7707072204 7804397.178166756),C
2023,3106200,1,27317,3,30720360,POINT (606796.3685638392 7797729.171215143),C
2023,3106200,1,10996,3,30431380,POINT (608115.3694962544 7794345.400073178),C
2023,3106200,1,25420,3,30627230,POINT (602383.5320869096 7788548.471126246),C
2023,3106200,1,23991,3,30421480,POINT (607875.7434766374 7793452.201505333),C
2023,3106200,1,16226,3,30881290,POINT (603097.5209242883 7799895.622587832),C
2023,3106200,1,33198,3,30710280,POINT (608893.9379711748 7797539.595525911),C
2023,3106200,1,31012,3,31970340,POINT (617129.5032382968 7804731.448984537),C
2023,3106200,1,23915,3,30642210,POINT (603567.0766202607 7789922.744905541),C
2023,3106200,1,18211,3,31130610,POINT (610998.8858820136 7800508.447497111),C
2023,3106200,1,32507,3,30570720,POINT (607390.5329242843 7792432.987495131),C
2023,3106200,1,20631,3,31255160,POINT (609609.8520178599 7801935.170012089),C
2023,3106200,1,10996,3,31655510,POINT (605809.9672250329 7811383.77367982),C
2023,3106200,1,33139,3,30190062,POINT (609986.6842825616 7797121.324823307),C
2023,3106200,1,10961,3,31080140,POINT (614041.0003286804 7800699.639700975),C
2023,3106200,1,25128,3,31035009,POINT (613598.2545025507 7798451.455883771),C
2023,3106200,1,28402,3,30880040,POINT (603483.8234176853 7799172.813477468),C
2023,3106200,1,10911,3,30270050,POINT (614109.291367902 7797232.587509247),C
2023,3106200,1,33121,3,31310230,POINT (606998.0980602582 7802381.290260734),C
2023,3106200,1,10961,3,30720500,POINT (607034.9088051458 7798374.6354325395),C
2023,3106200,1,33121,3,30620180,POINT (604761.7549871485 7790124.862138405),C
2023,3106200,1,31021,3,30260100,POINT (613799.0024802133 7797001.266690638),C
2023,3106200,1,25420,3,30730580,POINT (606468.843782224 7797845.010394985),C
2023,3106200,1,10911,3,30575100,POINT (607497.612136345 7791386.383879929),C
2023,3106200,1,25390,3,31140650,POINT (611408.2861835036 7800446.647792663),C
2023,3106200,1,10953,3,31660000,POINT (606967.7668524551 7809889.611454338),C
2023,3106200,1,10953,3,31660100,POINT (606482.3819312109 7811089.95989006),C
2023,3106200,1,10139,3,31741308,POINT (610731.7110590823 7805245.166602269),C
2023,3106200,1,18130,3,30421125,POINT (606598.7275843442 7795555.675893429),C
2023,3106200,1,10911,3,30575180,POINT (607667.3987230305 7790867.846350442),C
2023,3106200,1,23303,3,30190120,POINT (609508.3591626949 7795804.08445538),C
2023,3106200,1,14126,3,31930330,POINT (614475.7067341661 7803208.588681341),C
2023,3106200,1,14126,3,30350577,POINT (609470.6185640154 7791844.695916388),C
2023,3106200,1,15297,4,31980370,POINT (613510.5039075899 7804490.775394517),C
2023,3106200,1,10911,4,31170450,POINT (613182.264563978 7801002.275094423),C
2023,3106200,1,25390,4,31015012,POINT (613886.6503951587 7798220.030970156),C
2023,3106200,1,33198,4,30644270,POINT (602783.141873582 7789608.706041823),C
2023,3106200,1,18229,4,30770160,POINT (607861.2202700891 7798489.879013609),C
2023,3106200,1,10201,4,30390230,POINT (607722.224415831 7788424.701441208),C
2023,3106200,1,10961,4,31910690,POINT (613434.0310349425 7802948.086140461),C
2023,3106200,1,20720,4,30390530,POINT (608727.8671079442 7789117.193412604),C
2023,3106200,1,10911,4,30150323,POINT (612269.9847669968 7795559.6847686935),C
2023,3106200,1,10520,4,30180114,POINT (610479.042675574 7797019.867941896),C
2023,3106200,1,33147,4,31520520,POINT (607369.7164329125 7808315.219875199),C
2023,3106200,1,18130,4,30850222,POINT (604554.4471886968 7797688.135713555),C
2023,3106200,1,10911,4,31720500,POINT (610142.690204442 7806195.646890653),C
2023,3106200,1,32507,4,30160040,POINT (611175.5834257342 7797453.71424054),C
2023,3106200,1,10911,4,31580010,POINT (604805.6544314489 7808112.741431672),C
2023,3106200,1,25420,4,31210470,POINT (609613.1986936748 7798373.132415805),C
2023,3106200,1,25390,4,30627172,POINT (602115.4156808543 7788323.917384665),C
2023,3106200,1,32124,4,31980480,POINT (613953.0801444575 7804811.005727579),C
2023,3106200,1,10911,4,31748195,POINT (611127.5539554952 7810176.553779772),C
2023,3106200,1,32507,4,30130000,POINT (611099.6084054613 7797102.533064324),C
2023,3106200,1,14126,4,31565040,POINT (607946.6113374223 7805889.778389528),C
2023,3106200,1,14126,4,30411225,POINT (608132.9658534555 7796019.982230378),C
2023,3106200,1,14126,4,30411023,POINT (608936.3878728054 7797075.463359485),C
2023,3106200,1,25420,5,31170740,POINT (612980.2878118218 7801617.611802852),C
2023,3106200,1,25128,5,31515252,POINT (608448.4493866414 7807168.3252567835),C
2023,3106200,1,27902,5,31340000,POINT (605829.2231540967 7802291.369727751),C
2023,3106200,1,29506,5,31980390,POINT (613760.6894532049 7804010.3479611855),C
2023,3106200,1,29506,5,31530300,POINT (606896.7157927814 7807114.309991638),C
2023,3106200,1,31012,5,30550270,POINT (606419.1985163847 7794432.610700024),C
2023,3106200,1,33295,5,30550320,POINT (606698.297658135 7794175.075391747),C
2023,3106200,1,10996,5,31155030,POINT (610290.5776618848 7802257.218904897),C
2023,3106200,1,29506,5,31950025,POINT (614956.6066189933 7801902.53394862),C
2023,3106200,1,18130,5,30411516,POINT (607407.0435295692 7796529.830892792),C
2023,3106200,1,18229,5,31235060,POINT (609444.7301796527 7800378.309842611),C
2023,3106200,1,33147,5,31655690,POINT (606063.0752859641 7811904.882426251),C
2023,3106200,1,13511,5,31160390,POINT (611624.8794376035 7801572.115046943),C
2023,3106200,1,23303,5,30870100,POINT (604095.4858176139 7798756.657046567),C
2023,3106200,1,23192,5,31330142,POINT (604190.2882792256 7801536.951888979),C
2023,3106200,1,29506,5,31910585,POINT (612844.7253093113 7803378.026956543),C
2023,3106200,1,32990,5,31610710,POINT (609748.5589691198 7808557.751631694),C
2023,3106200,1,32116,5,30411125,POINT (608547.6090410014 7796329.040080361),C
2023,3106200,1,10911,5,30575180,POINT (607667.3987230305 7790867.846350442),C
2023,3106200,1,15319,5,30720310,POINT (607224.4108077529 7797356.898823267),C
2023,3106200,1,14126,5,30320670,POINT (610663.712773355 7790872.69603222),C
2023,3106200,1,25993,6,31920130,POINT (613545.1804883411 7801651.794093445),C
2023,3106200,1,10911,6,30112010,POINT (611642.8994186741 7794955.801999249),C
2023,3106200,1,10911,6,31230240,POINT (609158.2899201019 7800235.375844529),C
2023,3106200,1,20631,6,30516080,POINT (605988.2578633393 7793504.041590728),C
2023,3106200,1,18113,6,30140081,POINT (611774.3071463571 7795769.975742307),C
2023,3106200,1,15319,6,31742045,POINT (611116.0295254095 7806336.841862714),C
2023,3106200,1,32124,6,30730430,POINT (605927.2164084428 7797595.948033502),C
2023,3106200,1,25390,6,30850222,POINT (604554.4471886968 7797688.135713555),C
2023,3106200,1,25128,6,31720226,POINT (609963.3091406177 7807105.251680659),C
2023,3106200,1,10911,6,31360040,POINT (604079.4725298999 7802667.680891829),C
2023,3106200,1,18130,6,30850000,POINT (604876.7157205845 7797785.7134060245),C
2023,3106200,1,17311,6,30850410,POINT (604314.7377582935 7797137.335477911),C
2023,3106200,1,10911,6,30510080,POINT (605943.3397150253 7795547.880912373),C
2023,3106200,1,32990,6,31545000,POINT (604874.0355886678 7806962.358475158),C
2023,3106200,1,10911,7,30421163,POINT (607227.9031520446 7795925.233735866),C
2023,3106200,1,17419,7,30710550,POINT (608932.2061959209 7798066.795821777),C
2023,3106200,1,25128,7,31530410,POINT (606666.905286968 7807641.83749532),C
2023,3106200,1,33147,7,30640310,POINT (601935.5747541129 7790996.687312452),C
2023,3106200,1,31012,7,31741377,POINT (611223.8532419977 7804573.436207473),C
2023,3106200,1,27597,7,30270040,POINT (614168.607943808 7797380.231627832),C
2023,3106200,1,28691,7,31749035,POINT (610250.7010819573 7810592.411583498),C
2023,3106200,1,14126,7,31525365,POINT (606830.7204866039 7807532.20706388),C
2023,3106200,1,33121,8,31030010,POINT (612597.0686379886 7798609.797620036),C
2023,3106200,1,25128,8,31814470,POINT (612751.0705461515 7805087.042983153),C
2023,3106200,1,10945,8,31330430,POINT (605399.8550685986 7800590.12580206),C
2023,3106200,1,10911,8,31655050,POINT (605836.2029967129 7811605.064513065),C
2023,3106200,1,10911,8,30112024,POINT (611298.8838273385 7794957.28592319),C
2023,3106200,1,18113,8,30285380,POINT (616507.2905609215 7796516.531102485),C
2023,3106200,1,10937,8,30110008,POINT (612059.5437043788 7797711.496175712),C
2023,3106200,1,17427,8,31741401,POINT (611555.1112377226 7804427.094010269),C
2023,3106200,1,10911,8,31535200,POINT (606470.9797317077 7808605.141818322),C
2023,3106200,1,23192,8,31210420,POINT (609659.8760221757 7798498.136949042),C
2023,3106200,1,22196,8,30710020,POINT (610075.7142118912 7797724.562158667),C
2023,3106200,1,23915,8,30512000,POINT (604556.8290206951 7794356.929566653),C
2023,3106200,1,14126,8,30411213,POINT (608478.1753524834 7796098.686046548),C
2023,3106200,1,14126,8,30810160,POINT (605922.6061108521 7799050.541195929),C
2023,3106200,1,33295,9,31035145,POINT (613627.4785990223 7799146.0630053915),C
2023,3106200,1,15394,9,31560330,POINT (607179.4944195071 7806419.9368470535),C
2023,3106200,1,17494,9,31998452,POINT (615656.6846463803 7805581.992654704),C
2023,3106200,1,25128,9,31570640,POINT (606411.3810321836 7809912.216363375),C
2023,3106200,1,10911,9,31615250,POINT (607913.6597240956 7809501.351518203),C
2023,3106200,1,25420,9,31130000,POINT (611156.7363284483 7799642.264411471),C
2023,3106200,1,22196,9,31560200,POINT (607673.8073741391 7806531.948137606),C
2023,3106200,1,32507,9,31610260,POINT (609609.3692968325 7808951.649935227),C
2023,3106200,1,22293,9,30668273,POINT (601656.7346636312 7787769.053702449),C
2023,3106200,1,25420,9,30628000,POINT (603871.7220697864 7787371.250852637),C
2023,3106200,1,33139,9,31255110,POINT (609259.4971039208 7802134.896550667),C
2023,3106200,1,10911,9,31170620,POINT (612811.0083693358 7801277.526075141),C
2023,3106200,1,32990,9,30510320,POINT (605300.6845523549 7794526.3670059405),C
2023,3106200,1,28330,9,30882710,POINT (603438.4084052299 7801771.609768707),C
2023,3106200,1,32507,9,30150230,POINT (612790.4194765347 7796737.814220337),C
2023,3106200,1,14126,9,30411115,POINT (608297.3899059786 7796534.95754862),C
2023,3106200,1,25390,10,31535710,POINT (605967.5936094981 7808401.443095977),C
2023,3106200,1,22293,10,31565040,POINT (607946.6113374223 7805889.778389528),C
2023,3106200,1,20631,10,31620010,POINT (608488.725022923 7809878.239145532),C
2023,3106200,1,10911,10,30770380,POINT (607400.8868932101 7798783.493259604),C
2023,3106200,1,10911,10,31720300,POINT (609656.9377101753 7807095.986679008),C
2023,3106200,1,14134,10,30421185,POINT (607212.7275937998 7795749.671243856),C
2023,3106200,1,10911,10,30710662,POINT (609618.983513342 7797617.3426235635),C
2023,3106200,1,32116,10,31110620,POINT (611024.969723519 7798850.225539586),C
2023,3106200,1,10911,10,30640510,POINT (602221.6622882445 7790400.938980258),C
2023,3106200,1,31012,10,30421484,POINT (608032.384288638 7793428.8723130915),C
2023,3106200,1,23915,10,30285240,POINT (616920.3199488836 7798775.512598572),C
2023,3106200,1,14126,10,31920182,POINT (608579.8988378893 7798595.55334533),C
2023,3106200,1,31012,11,30575400,POINT (606862.4799630732 7791753.482529281),C
2023,3106200,1,20631,11,31230210,POINT (609242.0834939771 7798797.277553976),C
2023,3106200,1,25420,11,30730580,POINT (606468.843782224 7797845.010394985),C
2023,3106200,1,32124,11,30570140,POINT (606506.3516734246 7793004.588007234),C
2023,3106200,1,27406,11,30140062,POINT (609711.2693651051 7796621.715280488),C
2023,3106200,1,22293,11,30550690,POINT (606473.55758241 7794991.341245772),C
2023,3106200,1,23915,11,31615250,POINT (607913.6597240956 7809501.351518203),C
2023,3106200,1,10929,11,31570380,POINT (606615.2494999284 7809411.470411036),C
2023,3106200,1,25322,11,31742052,POINT (611041.6170140074 7806519.822082043),C
2023,3106200,1,33163,11,31710410,POINT (608401.1140174414 7804818.187234189),C
2023,3106200,1,17311,11,31255190,POINT (609286.6668451901 7802061.355898442),C
2023,3106200,1,10911,11,30710580,POINT (608645.4300796513 7797799.153700128),C
2023,3106200,1,33198,11,30530080,POINT (604349.4340118674 7796495.015272353),C
2023,3106200,1,14126,11,30411200,POINT (608358.7370542281 7796032.049548369),C
2023,3106200,1,25390,2,30610050,POINT (603431.5411317805 7793017.80435079),C
2023,3106200,1,15211,2,30431001,POINT (607672.9890030287 7795383.421654963),C
2023,3106200,1,31012,2,31620240,POINT (607843.824018744 7810399.556838471),C
2023,3106200,1,32400,2,30870100,POINT (604095.4858176139 7798756.657046567),C
2023,3106200,1,25993,2,31720400,POINT (609561.9873517111 7806294.090035887),C
2023,3106200,1,10911,2,31035580,POINT (612480.4327596725 7799549.814434677),C
2023,3106200,1,31012,2,30820590,POINT (604446.6489792609 7799183.159465147),C
2023,3106200,1,25993,2,31535510,POINT (607521.5365409584 7808715.593860485),C
2023,3106200,1,31012,2,30692310,POINT (598899.8271290462 7789123.905887031),C
2023,3106200,1,10911,2,30520390,POINT (602353.7319878945 7794684.56281033),C
2023,3106200,1,28402,2,30285070,POINT (615195.6608423509 7797614.30047184),C
2023,3106200,1,13596,2,30620397,POINT (604054.3104635165 7788996.207825631),C
2023,3106200,1,10911,2,30720430,POINT (607120.0096088963 7797157.509788124),C
2023,3106200,1,10139,2,31030430,POINT (612242.4938702934 7798912.254807575),C
2023,3106200,1,11135,2,30285612,POINT (616421.5194050712 7796323.139394225),C
2023,3106200,1,25390,2,31620380,POINT (608098.7709477362 7810103.1352739055),C
2023,3106200,1,31012,2,30285430,POINT (615426.7304731648 7796958.874650397),C
2023,3106200,1,28241,2,31580010,POINT (604805.6544314489 7808112.741431672),C
2023,3106200,1,33295,2,30260210,POINT (613778.8037179916 7796640.95373882),C
2023,3106200,1,25420,2,30662430,POINT (599896.6791132649 7788955.307665932),C
2023,3106200,1,22293,2,30494170,POINT (609122.1981864319 7792525.142588442),C
2023,3106200,1,31012,2,30770170,POINT (607860.698877167 7798118.878168343),C
2023,3106200,1,33121,2,30644000,POINT (603357.8814062041 7789377.843661004),C
2023,3106200,1,25390,2,30692610,POINT (599438.0310417855 7788774.363902556),C
2023,3106200,1,31012,2,31950040,POINT (614957.7362475708 7802314.764084455),C
2023,3106200,1,28232,2,30881080,POINT (602538.7564727593 7799224.073830891),C
2023,3106200,1,14142,2,31746140,POINT (611552.4845061599 7808537.487169512),C
2023,3106200,1,20631,2,31130620,POINT (611264.5177818239 7799864.185478799),C
2023,3106200,1,10945,2,30180080,POINT (609297.2604785489 7796892.381366356),C
2023,3106200,1,20622,2,30550000,POINT (606384.411850431 7794530.053901665),C
2023,3106200,1,10911,2,30570690,POINT (607391.0302042753 7792229.807755234),C
2023,3106200,1,23915,2,31570390,POINT (607221.0964188977 7809799.111433009),C
2023,3106200,1,10911,2,31030430,POINT (612242.4938702934 7798912.254807575),C
2023,3106200,1,27317,2,31515393,POINT (608493.570995013 7807512.046546759),C
2023,3106200,1,10911,2,30170081,POINT (610427.8867061986 7796271.220746754),C
2023,3106200,1,10961,2,30360320,POINT (610256.4502312373 7792424.355716191),C
2023,3106200,1,31012,2,31652050,POINT (607768.1204049499 7811636.933549333),C
2023,3106200,1,14118,2,30512100,POINT (604342.3139985427 7794116.9949912615),C
2023,3106200,1,10911,2,30840060,POINT (604464.2916464333 7799830.557620168),C
2023,3106200,1,33147,2,30575817,POINT (607264.5915313372 7790428.156236669),C
2023,3106200,1,10996,2,30580450,POINT (605845.1720373307 7792954.410672463),C
2023,3106200,1,14126,2,30820490,POINT (604793.0790804401 7798830.89286886),C
2023,3106200,1,14126,2,30431054,POINT (608252.1822665173 7795552.802541885),C
2023,3106200,1,14126,2,30750240,POINT (606856.5530293495 7799319.890338403),C
2023,3106200,1,14126,2,31110600,POINT (611278.39045845 7798966.674485477),C
2023,3106200,1,14126,2,31550400,POINT (606038.0889296806 7806460.560112629),C
2023,3106200,1,14126,2,30190062,POINT (609986.6842825616 7797121.324823307),C
2023,3106200,1,14126,2,30180101,POINT (610498.3922693222 7796553.766112114),C
2023,3106200,1,14126,2,30411125,POINT (608547.6090410014 7796329.040080361),C
2023,3106200,1,23915,3,31545000,POINT (604874.0355886678 7806962.358475158),C
2023,3106200,1,33295,3,30710535,POINT (608212.5883770771 7798126.757665973),C
2023,3106200,1,32990,3,30510280,POINT (605435.2158262194 7794828.855354768),C
2023,3106200,1,31012,3,31365110,POINT (604438.7506020857 7802836.5674826065),C
2023,3106200,1,16293,3,30640090,POINT (602936.0953938077 7790495.785255728),C
2023,3106200,1,10911,3,31814620,POINT (612500.986673834 7805310.113091268),C
2023,3106200,1,10945,3,30421422,POINT (607529.680414168 7793973.955846056),C
2023,3106200,1,18130,3,31580050,POINT (604943.622613572 7807819.564870385),C
2023,3106200,1,33121,3,30730010,POINT (606471.1460703119 7797281.341583873),C
2023,3106200,1,10945,3,30525220,POINT (603200.7753855299 7795514.842826851),C
2023,3106200,1,23915,3,30431285,POINT (607559.7348435299 7795059.392052592),C
2023,3106200,1,25420,3,30431061,POINT (608437.2920786182 7795822.404295867),C
2023,3106200,1,25420,3,31520100,POINT (608263.0158686865 7807926.983414673),C
2023,3106200,1,33147,3,31110010,POINT (611344.760667556 7797955.309757261),C
2023,3106200,1,25934,3,30820363,POINT (604993.0115076497 7798524.947147079),C
2023,3106200,1,20631,3,31585430,POINT (604215.6615994445 7807458.491700232),C
2023,3106200,1,25322,3,31748141,POINT (610954.000027367 7809985.2380080875),C
2023,3106200,1,33139,3,31250535,POINT (609728.4225483058 7801309.595592602),C
2023,3106200,1,22293,3,31110110,POINT (611301.6229813988 7798102.285664773),C
2023,3106200,1,25128,3,31748207,POINT (611426.3422364347 7810477.078567695),C
2023,3106200,1,10911,3,30622020,POINT (605558.4156894133 7789820.821902302),C
2023,3106200,1,25390,3,30881220,POINT (602739.7241597817 7799775.844353264),C
2023,3106200,1,26515,3,30855435,POINT (602889.8523610535 7796034.669349758),C
2023,3106200,1,15319,3,30150330,POINT (612647.7844173505 7796474.012750464),C
2023,3106200,1,10911,3,30310300,POINT (611771.2792881702 7793360.555464819),C
2023,3106200,1,33198,3,31545000,POINT (604874.0355886678 7806962.358475158),C
2023,3106200,1,25934,3,30870020,POINT (604091.2372317275 7798506.226858875),C
2023,3106200,1,14223,3,30516070,POINT (605769.1719524842 7793728.358244369),C
2023,3106200,1,25390,3,31255070,POINT (609006.8364595185 7801559.366544357),C
2023,3106200,1,14126,3,31250700,POINT (608691.3232790651 7800456.221567741),C
2023,3106200,1,14126,3,31235100,POINT (609580.0785177043 7800203.147909231),C
2023,3106200,1,14126,3,30580060,POINT (606151.681558293 7791923.013707909),C
2023,3106200,1,14126,3,30411197,POINT (608426.4038143925 7796113.329965999),C
2023,3106200,1,13511,4,31170680,POINT (612607.033597185 7801457.505180549),C
2023,3106200,1,32507,4,30640080,POINT (602939.9531083145 7791089.848162023),C
2023,3106200,1,25993,4,31210240,POINT (609990.2059321646 7798042.11042223),C
2023,3106200,1,31012,4,31080140,POINT (614041.0003286804 7800699.639700975),C
2023,3106200,1,32922,4,31510254,POINT (608098.4728657033 7807903.052126163),C
2023,3106200,1,29506,4,31160080,POINT (611438.445847406 7800854.9704513885),C
2023,3106200,1,10911,4,30666330,POINT (600760.6642042637 7786518.202988174),C
2023,3106200,1,25926,4,31570100,POINT (607196.1551165773 7809604.169664529),C
2023,3106200,1,32507,4,31160310,POINT (612296.2509281525 7801393.799669104),C
2023,3106200,1,18130,4,31255200,POINT (608851.5216657304 7801730.820281412),C
2023,3106200,1,33147,4,31950020,POINT (614968.1679763125 7802216.812450256),C
2023,3106200,1,25420,4,31655050,POINT (605836.2029967129 7811605.064513065),C
2023,3106200,1,10520,4,30730500,POINT (605970.3254027179 7797761.954305671),C
2023,3106200,1,32507,4,30421049,POINT (606922.9020746124 7796175.027761603),C
2023,3106200,1,33295,4,30350582,POINT (609491.126672632 7792297.990614773),C
2023,3106200,1,26108,4,31210420,POINT (609659.8760221757 7798498.136949042),C
2023,3106200,1,10911,4,30130170,POINT (611401.7908287673 7796156.671033973),C
2023,3106200,1,10911,4,31580500,POINT (604697.9673238986 7807473.379407806),C
2023,3106200,1,32507,4,30494250,POINT (608714.6822603606 7791949.996197323),C
2023,3106200,1,15211,4,31980440,POINT (613728.0353364027 7804918.497300731),C
2023,3106200,1,33147,4,30110044,POINT (610824.8288502372 7794866.622822353),C
2023,3106200,1,25420,4,31995190,POINT (615834.353813613 7806145.109968441),C
2023,3106200,1,33295,4,30140060,POINT (612359.293140156 7795909.758405505),C
2023,3106200,1,14126,4,30330010,POINT (611253.9488050467 7794291.112402797),C
2023,3106200,1,10911,5,30411127,POINT (606924.0077265123 7794684.9279429205),C
2023,3106200,1,26221,5,30516300,POINT (605700.6431602362 7793820.156743107),C
2023,3106200,1,20622,5,31255230,POINT (609728.9903224219 7802124.0457290625),C
2023,3106200,1,32124,5,30411120,POINT (608377.4406181427 7796523.9267331725),C
2023,3106200,1,31012,5,31110050,POINT (611724.3454627277 7798270.49813969),C
2023,3106200,1,13511,5,31160440,POINT (611805.2351642217 7801742.997121556),C
2023,3106200,1,13405,5,30411023,POINT (608936.3878728054 7797075.463359485),C
2023,3106200,1,31012,5,31578300,POINT (604586.4521599942 7808562.748942457),C
2023,3106200,1,10961,5,30662060,POINT (600432.9959300732 7789229.748579523),C
2023,3106200,1,32990,5,30882710,POINT (603438.4084052299 7801771.609768707),C
2023,3106200,1,32990,5,30750300,POINT (607257.6749628019 7799627.714007562),C
2023,3106200,1,25322,5,30622400,POINT (604958.2884208078 7789575.846842384),C
2023,3106200,1,33139,5,30710030,POINT (610397.0448986702 7797671.291741955),C
2023,3106200,1,10929,5,30690210,POINT (598858.8224185904 7790579.685578024),C
2023,3106200,1,15408,5,30518100,POINT (604476.2518284305 7793273.275563488),C
2023,3106200,1,23117,5,31570000,POINT (606527.5639315508 7809845.909868864),C
2023,3106200,1,33295,5,30550320,POINT (606698.297658135 7794175.075391747),C
2023,3106200,1,10911,5,30530100,POINT (604410.7101300618 7796281.736681464),C
2023,3106200,1,10911,5,30580120,POINT (606148.6850615494 7791671.960398696),C
2023,3106200,1,10961,5,30662060,POINT (600432.9959300732 7789229.748579523),C
2023,3106200,1,33295,5,30431025,POINT (607962.4358396693 7795810.153299669),C
2023,3106200,1,14126,5,30140062,POINT (609711.2693651051 7796621.715280488),C
2023,3106200,1,28127,6,30710182,POINT (609235.9694264657 7797416.189285368),C
2023,3106200,1,10945,6,31010520,POINT (613490.1551014477 7797882.669929888),C
2023,3106200,1,28127,6,30670040,POINT (601518.3157554538 7788528.006495368),C
2023,3106200,1,18130,6,30510000,POINT (604943.6396112863 7795029.020040604),C
2023,3106200,1,33163,6,31270660,POINT (609167.7933690308 7804208.152352753),C
2023,3106200,1,10911,6,31340000,POINT (605829.2231540967 7802291.369727751),C
2023,3106200,1,32507,6,30110012,POINT (612432.5367753574 7797092.962494083),C
2023,3106200,1,22129,6,31255200,POINT (608851.5216657304 7801730.820281412),C
2023,3106200,1,33295,6,31560290,POINT (607156.7281363333 7806052.477926938),C
2023,3106200,1,31012,6,31580400,POINT (604659.919488618 7807244.065327325),C
2023,3106200,1,25390,6,30710090,POINT (609902.8771121943 7797570.174395533),C
2023,3106200,1,18113,6,30431355,POINT (608094.2291502672 7794500.85020533),C
2023,3106200,1,33139,6,30775330,POINT (607926.1953868801 7799782.281670458),C
2023,3106200,1,25438,6,30730070,POINT (606212.531818509 7796947.148574159),C
2023,3106200,1,31012,6,30580020,POINT (606365.5567681289 7792101.258567938),C
2023,3106200,1,10961,6,30411208,POINT (608204.1551990063 7796041.4759803265),C
2023,3106200,1,20622,6,30530570,POINT (604752.0165386708 7795287.108027575),C
2023,3106200,1,25128,6,31150130,POINT (610055.6281230628 7801388.658372844),C
2023,3106200,1,18113,6,31230770,POINT (609742.8608531607 7799844.526924474),C
2023,3106200,1,10911,6,30170001,POINT (611109.2237218461 7796329.322256969),C
2023,3106200,1,25390,6,31640060,POINT (607582.8127427582 7810221.3963568155),C
2023,3106200,1,10945,6,30532060,POINT (604182.8855034108 7795033.010483275),C
2023,3106200,1,10945,6,30240390,POINT (613396.6000287165 7796520.478287898),C
2023,3106200,1,14126,6,30310300,POINT (611771.2792881702 7793360.555464819),C
2023,3106200,1,14126,6,30120082,POINT (610909.3070129438 7797463.5206958195),C
2023,3106200,1,11135,7,30710140,POINT (609826.0239704206 7797457.131751835),C
2023,3106200,1,10911,7,30411120,POINT (608377.4406181427 7796523.9267331725),C
2023,3106200,1,33147,7,31565220,POINT (607913.9259157545 7806519.011281904),C
2023,3106200,1,10139,7,31255750,POINT (610143.2752605135 7803558.078464559),C
2023,3106200,1,25993,7,30775380,POINT (608284.3821387421 7799904.708557485),C
2023,3106200,1,10911,7,31320000,POINT (606495.0554741857 7801021.877953305),C
2023,3106200,1,10929,7,30770550,POINT (608000.7416655023 7798553.280087883),C
2023,3106200,1,31012,7,30570080,POINT (606506.1516727965 7792688.037866956),C
2023,3106200,1,25390,7,30865280,POINT (602295.8647225305 7797052.37158996),C
2023,3106200,1,32302,7,30570550,POINT (606970.4009292407 7792203.193219554),C
2023,3106200,1,18113,7,30411040,POINT (609021.3385101501 7796962.764545555),C
2023,3106200,1,14118,7,30150330,POINT (612647.7844173505 7796474.012750464),C
2023,3106200,1,31012,7,31250310,POINT (608896.9223117235 7801064.044977717),C
2023,3106200,1,25390,7,30668277,POINT (601757.5898812293 7786912.287255617),C
2023,3106200,1,25420,7,31748200,POINT (611309.8682322241 7810441.157475482),C
2023,3106200,1,10911,7,30220140,POINT (612642.603207115 7794741.781390052),C
2023,3106200,1,18113,7,31330200,POINT (604306.3308713975 7801634.7606420275),C
2023,3106200,1,10911,7,30770580,POINT (607997.2795538628 7799030.791623689),C
2023,3106200,1,14126,7,30411110,POINT (608247.9585598421 7796122.666352922),C
2023,3106200,1,14126,7,31235180,POINT (608803.1436433325 7796906.450442036),C
2023,3106200,1,27317,8,30730530,POINT (606228.5860943276 7797805.109690879),C
2023,3106200,1,25993,8,31980180,POINT (613602.940077005 7804015.915598525),C
2023,3106200,1,25993,8,30620330,POINT (603788.9694509238 7789309.094565098),C
2023,3106200,1,10996,8,31370240,POINT (603914.6769133827 7805790.481850879),C
2023,3106200,1,15211,8,30380330,POINT (609415.0696882507 7794034.9652792765),C
2023,3106200,1,25390,8,30881150,POINT (602563.7737593033 7799538.7449218),C
2023,3106200,1,33121,8,30710580,POINT (608645.4300796513 7797799.153700128),C
2023,3106200,1,22293,8,31560160,POINT (607667.0273103728 7806000.51785576),C
2023,3106200,1,32124,8,31030285,POINT (613422.05241982 7798247.572149341),C
2023,3106200,1,18300,9,31275000,POINT (608163.9078763784 7803490.994062541),C
2023,3106200,1,31012,9,31170700,POINT (612572.9354815278 7801653.122428738),C
2023,3106200,1,18130,9,30840700,POINT (604955.8235514524 7799638.257296942),C
2023,3106200,1,31012,9,30865230,POINT (602321.8185106594 7797170.7633976685),C
2023,3106200,1,10333,9,31230470,POINT (609096.0767822164 7799497.908500418),C
2023,3106200,1,18229,10,31930650,POINT (613590.2209960973 7803443.202270841),C
2023,3106200,1,27317,10,31330382,POINT (604528.2723972069 7801927.47584663),C
2023,3106200,1,31012,10,30290130,POINT (617072.6324142274 7797028.122161736),C
2023,3106200,1,10538,10,31540000,POINT (605711.9491886019 7807514.131684845),C
2023,3106200,1,18113,10,31030370,POINT (613021.5610660713 7798935.074047508),C
2023,3106200,1,32507,10,30380103,POINT (608814.2170363822 7793323.528429205),C
2023,3106200,1,14126,10,30431091,POINT (608421.0733013845 7795821.323782466),C
2023,3106200,1,14126,10,30190005,POINT (610798.6274360683 7796633.507155644),C
2023,3106200,1,20614,11,31255056,POINT (608550.538306589 7801185.731995966),C
2023,3106200,1,25420,11,31930690,POINT (613490.0718783283 7803341.091945054),C
2023,3106200,1,10911,11,30690580,POINT (599358.6584405887 7790625.555471882),C
2023,3106200,1,29301,11,30750620,POINT (607576.3848814031 7800263.660581301),C
2023,3106200,1,33147,11,31844230,POINT (613916.6139439575 7805852.2150143655),C
2023,3106200,1,10911,2,31260270,POINT (611012.7332965038 7803584.804629499),C
2023,3106200,1,10996,2,30881660,POINT (603037.1249658468 7800190.314816274),C
2023,3106200,1,25420,2,30570320,POINT (607840.0519212134 7792726.126230668),C
2023,3106200,1,28232,2,31814360,POINT (612631.0883865899 7804958.070619838),C
2023,3106200,1,13405,2,30180111,POINT (610376.6120050431 7796602.138734269),C
2023,3106200,1,32990,2,31748141,POINT (610954.000027367 7809985.2380080875),C
2023,3106200,1,25128,2,31210240,POINT (609990.2059321646 7798042.11042223),C
2023,3106200,1,33147,2,30570370,POINT (607554.2544953306 7792499.979754012),C
2023,3106200,1,26701,2,31030360,POINT (612853.6849847306 7798863.13762021),C
2023,3106200,1,25934,2,31360280,POINT (603316.1610232469 7802400.336611465),C
2023,3106200,1,33139,2,31170610,POINT (612732.1235348076 7800948.995936615),C
2023,3106200,1,25420,2,31210800,POINT (609696.4751130895 7801004.870106285),C
2023,3106200,1,31021,2,30260100,POINT (613799.0024802133 7797001.266690638),C
2023,3106200,1,10911,2,30664260,POINT (600664.7193191432 7787146.608844763),C
2023,3106200,1,18130,2,30640060,POINT (606406.7870534624 7798232.872549033),C
2023,3106200,1,31021,2,31255375,POINT (611221.3261192689 7802773.9478623215),C
2023,3106200,1,18130,2,30180114,POINT (610479.042675574 7797019.867941896),C
2023,3106200,1,31012,2,30720120,POINT (607846.3209173005 7797273.923776288),C
2023,3106200,1,25420,2,30280150,POINT (615047.8929449229 7798803.154574936),C
2023,3106200,1,25420,2,31520120,POINT (608206.7785203786 7808085.107018532),C
2023,3106200,1,14142,2,31748251,POINT (611349.6075692282 7810185.365599643),C
2023,3106200,1,10911,2,31330430,POINT (605399.8550685986 7800590.12580206),C
2023,3106200,1,14134,2,30570740,POINT (606811.7635402364 7792144.359745392),C
2023,3106200,1,29506,2,31210370,POINT (609925.521366653 7798004.811725037),C
2023,3106200,1,18211,2,31230060,POINT (608523.7676457941 7797848.233676499),C
2023,3106200,1,14134,2,30270360,POINT (614414.794642335 7797196.437950142),C
2023,3106200,1,10996,2,30431206,POINT (608243.0669016913 7794990.349121021),C
2023,3106200,1,20916,2,30535620,POINT (605782.2324883463 7796470.1821051575),C
2023,3106200,1,23915,2,30880362,POINT (603036.5646103299 7798226.968275067),C
2023,3106200,1,10929,2,30295230,POINT (616601.0249367005 7797328.135194648),C
2023,3106200,1,25390,2,30110044,POINT (610824.8288502372 7794866.622822353),C
2023,3106200,1,33121,2,31970615,POINT (617357.058801755 7803667.670862455),C
2023,3106200,1,32507,2,30411228,POINT (608074.4164608155 7795978.212271491),C
2023,3106200,1,10911,2,30530000,POINT (604647.9434408122 7796401.661538703),C
2023,3106200,1,32990,2,31748111,POINT (610652.232052146 7810139.212205233),C
2023,3106200,1,33147,2,31270750,POINT (608692.760238625 7804519.820289112),C
2023,3106200,1,10538,2,31744630,POINT (610742.0133320583 7808930.207348366),C
2023,3106200,1,33147,2,30622056,POINT (608619.2317037649 7794082.614766354),C
2023,3106200,1,16226,2,30530000,POINT (604647.9434408122 7796401.661538703),C
2023,3106200,1,32400,2,31580550,POINT (604736.6585086395 7807679.288149836),C
2023,3106200,1,14142,2,31710040,POINT (608450.1969823021 7805891.349924864),C
2023,3106200,1,32116,2,31550200,POINT (605872.7972041125 7805851.959056443),C
2023,3106200,1,32990,2,30510320,POINT (605300.6845523549 7794526.3670059405),C
2023,3106200,1,31012,2,30530000,POINT (604647.9434408122 7796401.661538703),C
2023,3106200,1,10911,2,30640100,POINT (602782.3274247011 7790804.629966367),C
2023,3106200,1,14126,2,30411156,POINT (608733.5521977795 7796329.063332558),C
2023,3106200,1,14126,2,30575232,POINT (607130.7791461861 7791052.712653739),C
2023,3106200,1,14126,2,30770370,POINT (607326.5043108474 7798780.065741827),C
2023,3106200,1,14126,2,30620140,POINT (604412.7860580521 7789648.3184526265),C
2023,3106200,1,14126,2,30280390,POINT (614881.3365491693 7797927.298021866),C
2023,3106200,1,25128,3,31070350,POINT (615934.5401543706 7800333.393924576),C
2023,3106200,1,14134,3,30140062,POINT (609711.2693651051 7796621.715280488),C
2023,3106200,1,18130,3,31110320,POINT (610739.1080312997 7798440.299915228),C
2023,3106200,1,10911,3,30431170,POINT (608585.3563296344 7794811.975340564),C
2023,3106200,1,13308,3,31255200,POINT (608851.5216657304 7801730.820281412),C
2023,3106200,1,10911,3,30670565,POINT (602625.1388490497 7787301.63205049),C
2023,3106200,1,25420,3,31970705,POINT (616450.2610647886 7803388.367951646),C
2023,3106200,1,32507,3,30170110,POINT (610341.2704439149 7796941.578858232),C
2023,3106200,1,10911,3,30130170,POINT (611401.7908287673 7796156.671033973),C
2023,3106200,1,33139,3,31844080,POINT (613273.7755487036 7805821.322223507),C
2023,3106200,1,26515,3,30140072,POINT (610913.5405708542 7796148.68176434),C
2023,3106200,1,23991,3,31260500,POINT (611689.7547076098 7803524.575649694),C
2023,3106200,1,33147,3,31140270,POINT (611685.9210472022 7799704.172830438),C
2023,3106200,1,33295,3,30770162,POINT (607779.3932806886 7797942.062641248),C
2023,3106200,6,33147,3,30575250,POINT (608132.7270133531 7790574.135830013),C
2023,3106200,1,32116,3,30532090,POINT (604028.954139501 7795017.040726038),C
2023,3106200,1,33121,3,30520080,POINT (603717.564785102 7794341.911674245),C
2023,3106200,1,31012,3,30624000,POINT (604769.7437124952 7788699.077656981),C
2023,3106200,1,25993,3,31330145,POINT (604162.1729719501 7801073.673584897),C
2023,3106200,1,32507,3,31260230,POINT (610945.3431580407 7803949.0045983065),C
2023,3106200,1,10945,3,30770160,POINT (607861.2202700891 7798489.879013609),C
2023,3106200,1,10317,3,30775120,POINT (607802.8938053568 7799843.494903581),C
2023,3106200,1,33295,3,31840150,POINT (612370.2996093223 7805675.941329475),C
2023,3106200,1,25420,3,30516080,POINT (605988.2578633393 7793504.041590728),C
2023,3106200,1,29506,3,30880160,POINT (603395.0175240788 7799444.822438728),C
2023,3106200,1,10911,3,31250130,POINT (608631.5444573899 7800114.132212527),C
2023,3106200,1,25322,3,31980170,POINT (613442.9441931347 7804069.750812136),C
2023,3106200,1,23915,3,31255180,POINT (609435.7384449337 7802070.971322649),C
2023,3106200,1,10953,3,30510370,POINT (605605.8658781755 7794529.680955491),C
2023,3106200,1,10911,3,31155290,POINT (610946.5291154243 7802168.100539277),C
2023,3106200,1,10911,3,31550455,POINT (606481.3716426984 7806419.265109121),C
2023,3106200,1,27597,3,31110730,POINT (610627.3836667598 7799144.305903504),C
2023,3106200,1,11224,3,31360090,POINT (603737.3026495228 7802211.221122577),C
2023,3106200,1,32507,3,30421049,POINT (606922.9020746124 7796175.027761603),C
2023,3106200,1,14118,3,30820650,POINT (605020.4339811372 7799148.770430004),C
2023,3106200,1,10911,3,30360320,POINT (610256.4502312373 7792424.355716191),C
2023,3106200,1,20622,3,30710560,POINT (608532.1862748641 7797963.427054018),C
2023,3106200,1,18130,3,31110300,POINT (610834.2704975891 7798234.352572842),C
2023,3106200,1,20193,3,30640010,POINT (603442.9294785266 7790481.716787942),C
2023,3106200,1,14126,3,30112011,POINT (611065.706465341 7795075.978803224),C
2023,3106200,1,14126,3,30190002,POINT (610079.2202604454 7796789.725624727),C
2023,3106200,1,14126,3,30580580,POINT (605622.8857391974 7792639.7349130595),C
2023,3106200,1,14126,3,30421280,POINT (607466.1282060645 7795264.740727362),C
2023,3106200,1,23915,4,31742052,POINT (611041.6170140074 7806519.822082043),C
2023,3106200,1,22196,4,30664004,POINT (600572.5373172355 7788334.692721503),C
2023,3106200,1,33147,4,31720300,POINT (609656.9377101753 7807095.986679008),C
2023,3106200,1,14223,4,30411153,POINT (608803.7187593101 7796455.058055688),C
2023,3106200,1,32507,4,31330260,POINT (604959.7171299629 7801643.375209414),C
2023,3106200,1,13405,4,30640070,POINT (602186.9622160551 7790830.181816423),C
2023,3106200,1,22226,4,30532230,POINT (604114.6292818639 7794453.639841104),C
2023,3106200,1,22196,4,31990055,POINT (616217.0019699165 7805049.280408451),C
2023,3106200,1,10929,4,30690780,POINT (598475.6449702472 7790906.390843738),C
2023,3106200,1,31012,4,31720100,POINT (609270.7594839948 7806997.017905906),C
2023,3106200,1,23303,4,31150690,POINT (611057.6530125282 7801776.07268036),C
2023,3106200,1,31012,4,31250230,POINT (608993.5544545213 7800578.206272848),C
2023,3106200,1,18130,4,31310530,POINT (606337.3444735244 7802359.624335969),C
2023,3106200,1,10911,4,30750390,POINT (606863.5192820249 7799091.286607385),C
2023,3106200,1,10813,4,31910195,POINT (613008.341027317 7802703.69552495),C
2023,3106200,1,33121,4,31255180,POINT (609435.7384449337 7802070.971322649),C
2023,3106200,1,17338,4,31235190,POINT (609259.3753555848 7800419.555067284),C
2023,3106200,1,25128,4,30411325,POINT (607782.7419153426 7796543.206887738),C
2023,3106200,1,22226,4,30514010,POINT (604984.6924089361 7792933.882238813),C
2023,3106200,1,14126,4,30190060,POINT (611113.2363536702 7796809.587206901),C
2023,3106200,1,14126,4,30662090,POINT (600109.8120370065 7789543.818927469),C
2023,3106200,1,32507,5,30150240,POINT (612756.6127868969 7796672.174772529),C
2023,3106200,1,25420,5,31960315,POINT (614966.37931149 7803785.83623742),C
2023,3106200,1,10911,5,31710690,POINT (608994.9813216865 7805889.090315474),C
2023,3106200,1,23192,5,31330142,POINT (604190.2882792256 7801536.951888979),C
2023,3106200,1,33210,5,31545260,POINT (604205.3803221424 7806504.678364998),C
2023,3106200,1,25993,5,30535550,POINT (606674.7741264979 7796524.655325107),C
2023,3106200,1,18130,5,30180060,POINT (609550.994695025 7796725.768684431),C
2023,3106200,1,25420,5,31748190,POINT (611333.8899341114 7810094.547908552),C
2023,3106200,1,10911,5,30820632,POINT (604339.644598745 7799423.082883197),C
2023,3106200,1,32990,5,30750010,POINT (606482.9312478857 7798396.269493159),C
2023,3106200,1,33163,5,31270480,POINT (609528.3648776797 7804473.83124543),C
2023,3106200,1,25128,5,30710550,POINT (608932.2061959209 7798066.795821777),C
2023,3106200,1,23915,5,30820632,POINT (604339.644598745 7799423.082883197),C
2023,3106200,1,11135,5,31270020,POINT (609593.5739464924 7803003.559899336),C
2023,3106200,1,18211,5,30320570,POINT (610540.6820415074 7790907.247806389),C
2023,3106200,1,25128,5,31255230,POINT (609728.9903224219 7802124.0457290625),C
2023,3106200,1,14126,5,30330040,POINT (611306.798737982 7794643.111317784),C
2023,3106200,1,14126,5,30190081,POINT (610057.6005786577 7796489.20826913),C
2023,3106200,1,14126,5,31210470,POINT (609613.1986936748 7798373.132415805),C
2023,3106200,1,26515,6,31060250,POINT (614561.9394957846 7800174.278539276),C
2023,3106200,1,25420,6,30622260,POINT (605580.1755605629 7789620.0163781755),C
2023,3106200,1,10911,6,31980270,POINT (613270.661288403 7804238.793467535),C
2023,3106200,1,33147,6,31870690,POINT (615033.6620095662 7806483.128241213),C
2023,3106200,1,15394,6,30720310,POINT (607224.4108077529 7797356.898823267),C
2023,3106200,1,25438,6,31235110,POINT (609399.0048710017 7799845.407697374),C
2023,3106200,1,33147,6,31580300,POINT (605111.892853512 7807966.597702189),C
2023,3106200,1,25993,6,30260100,POINT (613799.0024802133 7797001.266690638),C
2023,3106200,1,23991,6,30240360,POINT (613291.467536167 7796307.023732036),C
2023,3106200,1,18130,6,31814164,POINT (612751.0881083179 7804246.198338516),C
2023,3106200,1,14134,6,31110492,POINT (612612.2960800206 7798607.649627472),C
2023,3106200,1,23915,6,30260070,POINT (613831.4281387837 7797151.409552865),C
2023,3106200,1,28291,6,30320690,POINT (610447.5460859232 7790806.0348538635),C
2023,3106200,1,10911,6,30190001,POINT (611189.4195325695 7796512.689598657),C
2023,3106200,1,15297,6,30690000,POINT (600195.1299162583 7790606.412097498),C
2023,3106200,1,25128,6,31742045,POINT (611116.0295254095 7806336.841862714),C
2023,3106200,1,33147,6,30662780,POINT (599558.6378846541 7789444.165899631),C
2023,3106200,1,14134,6,30411023,POINT (608936.3878728054 7797075.463359485),C
2023,3106200,1,33198,6,30720180,POINT (607621.6617734282 7797500.360354027),C
2023,3106200,1,14126,6,30441008,POINT (608896.8635708382 7795826.917277146),C
2023,3106200,1,14126,6,31035480,POINT (612858.8288115113 7799566.674727244),C
2023,3106200,1,14223,7,30360390,POINT (610260.2038445761 7792153.880167349),C
2023,3106200,1,31012,7,31330142,POINT (604190.2882792256 7801536.951888979),C
2023,3106200,1,10538,7,31230210,POINT (609242.0834939771 7798797.277553976),C
2023,3106200,1,22226,7,30530720,POINT (604099.2141637327 7795939.648013888),C
2023,3106200,1,22293,7,31230730,POINT (610018.7207276415 7799274.837748986),C
2023,3106200,1,20916,7,30664002,POINT (600311.939020059 7788639.400773471),C
2023,3106200,1,32507,7,30140092,POINT (610463.6443206416 7795974.20845195),C
2023,3106200,1,10911,7,31995000,POINT (616005.6825894254 7805935.658469114),C
2023,3106200,1,32507,7,30140071,POINT (611361.84914954 7796036.839563304),C
2023,3106200,1,25128,7,30775330,POINT (607926.1953868801 7799782.281670458),C
2023,3106200,1,31012,7,30431420,POINT (607924.9512502186 7793977.189519709),C
2023,3106200,1,13511,7,30642540,POINT (603669.1298774157 7789229.826935331),C
2023,3106200,1,16218,7,30668277,POINT (601757.5898812293 7786912.287255617),C
2023,3106200,1,15394,7,30775400,POINT (608041.3111346439 7799763.449476883),C
2023,3106200,1,26311,7,31250070,POINT (608536.6426115601 7800412.957296097),C
2023,3106200,1,22293,7,31580290,POINT (605191.740340953 7808067.257496743),C
2023,3106200,1,25934,7,31520100,POINT (608263.0158686865 7807926.983414673),C
2023,3106200,1,25390,7,30855075,POINT (602166.5093241229 7796274.376227353),C
2023,3106200,1,25136,7,30140140,POINT (611373.0817596337 7795068.587723549),C
2023,3106200,1,23303,7,31970570,POINT (617387.7567199781 7804659.364765249),C
2023,3106200,1,26515,7,31310300,POINT (606703.8015071253 7800486.373898209),C
2023,3106200,1,14126,7,30310760,POINT (611896.4475356215 7794151.3650440825),C
2023,3106200,1,14126,7,30190052,POINT (610190.2144792231 7796942.652208632),C
2023,3106200,1,32990,8,30668272,POINT (601324.7231788054 7788008.117334845),C
2023,3106200,1,25128,8,30770200,POINT (607695.1088665306 7797964.196967426),C
2023,3106200,1,18113,8,30270020,POINT (614404.3714099324 7797485.579996834),C
2023,3106200,1,10961,8,31920430,POINT (614166.6072322282 7802538.601807139),C
2023,3106200,1,15211,8,31842380,POINT (612910.9408886156 7805908.644912808),C
2023,3106200,1,33295,8,30110039,POINT (610713.0002240587 7796788.145000299),C
2023,3106200,1,26515,8,31030440,POINT (612445.4161313656 7799179.842187574),C
2023,3106200,1,20631,8,30710200,POINT (609221.0887466467 7797562.887956555),C
2023,3106200,1,25420,8,30525370,POINT (602855.9610471441 7795457.7374686785),C
2023,3106200,1,32990,8,31748141,POINT (610954.000027367 7809985.2380080875),C
2023,3106200,1,31012,8,31960320,POINT (614980.8424936745 7803742.32583393),C
2023,3106200,1,25390,8,30610240,POINT (604359.746259262 7792813.347464184),C
2023,3106200,1,29417,8,31255070,POINT (609006.8364595185 7801559.366544357),C
2023,3106200,1,29506,8,31985250,POINT (614723.556521607 7804057.479711784),C
2023,3106200,1,32116,8,31160100,POINT (611524.6080443736 7800881.363483134),C
2023,3106200,1,18229,8,30315490,POINT (611654.5163492254 7793350.004712652),C
2023,3106200,1,33295,8,30441063,POINT (609223.2377228987 7795279.186085757),C
2023,3106200,1,14126,8,30150160,POINT (612038.0879909202 7797100.286166707),C
2023,3106200,1,27406,9,30390590,POINT (608350.985837361 7788962.56461526),C
2023,3106200,1,10937,9,30140060,POINT (612359.293140156 7795909.758405505),C
2023,3106200,1,21238,9,31910570,POINT (613011.7890085361 7803259.2162831845),C
2023,3106200,1,17311,9,30532040,POINT (604276.8117324626 7795147.04365648),C
2023,3106200,1,15211,9,30880410,POINT (602386.5362315465 7798548.0387419425),C
2023,3106200,1,23915,9,30421450,POINT (607502.1237886046 7794999.129879849),C
2023,3106200,1,27104,9,30550150,POINT (606575.1119760325 7794908.915906194),C
2023,3106200,1,10911,9,30730440,POINT (606079.3579687728 7797668.464168083),C
2023,3106200,1,14126,9,31744108,POINT (610238.0522553627 7807722.67462365),C
2023,3106200,1,27104,10,30494170,POINT (609122.1981864319 7792525.142588442),C
2023,3106200,1,23991,10,31565510,POINT (608393.8884672836 7806496.5096328575),C
2023,3106200,1,25926,10,30670565,POINT (602625.1388490497 7787301.63205049),C
2023,3106200,1,13545,10,31565120,POINT (608111.7308205375 7806106.6365186665),C
2023,3106200,1,18229,10,31160190,POINT (611580.576046477 7801063.811140394),C
2023,3106200,1,10911,10,31330660,POINT (605342.4299404415 7802436.470211733),C
2023,3106200,1,25110,10,30664004,POINT (600572.5373172355 7788334.692721503),C
2023,3106200,1,33147,10,30710250,POINT (609160.4469047964 7797877.938332465),C
2023,3106200,1,25110,10,31150000,POINT (610796.4464117935 7800989.354028699),C
2023,3106200,1,32507,10,30110047,POINT (610394.5529297931 7795117.897693858),C
2023,3106200,1,14126,10,31140260,POINT (611657.613604717 7799927.127438204),C
2023,3106200,1,15319,11,31235110,POINT (609399.0048710017 7799845.407697374),C
2023,3106200,1,31012,11,30881202,POINT (602758.2177564501 7799242.595725776),C
2023,3106200,1,32990,11,30668277,POINT (601757.5898812293 7786912.287255617),C
2023,3106200,1,25993,11,30150334,POINT (612544.5021453375 7796037.519996593),C
2023,3106200,1,26400,11,30525000,POINT (603813.5998304943 7795199.906381581),C
2023,3106200,1,18300,11,30494310,POINT (609163.4165542865 7792395.940320821),C
2023,3106200,1,17419,11,31255160,POINT (609609.8520178599 7801935.170012089),C
2023,3106200,1,33147,11,31950050,POINT (615183.5826704111 7802122.730718648),C
2023,3106200,1,26515,2,30730670,POINT (606283.6943041629 7798335.829838028),C
2023,3106200,1,18130,2,30110048,POINT (610345.3781183289 7795199.315229844),C
2023,3106200,1,22293,2,30870210,POINT (603831.6311996368 7798635.576297114),C
2023,3106200,1,25438,2,30590490,POINT (604673.1876364937 7792575.736282001),C
2023,3106200,1,23303,2,31610260,POINT (609609.3692968325 7808951.649935227),C
2023,3106200,1,10911,2,30626660,POINT (603667.3668152527 7787845.417033439),C
2023,3106200,1,32914,2,30850222,POINT (604554.4471886968 7797688.135713555),C
2023,3106200,1,18130,2,30535610,POINT (605515.6041521295 7796505.438151167),C
2023,3106200,1,22111,2,30270020,POINT (614404.3714099324 7797485.579996834),C
2023,3106200,1,14134,2,30330110,POINT (610844.4042039488 7794339.640926892),C
2023,3106200,1,15211,2,31545210,POINT (603612.5810835352 7806242.660781547),C
2023,3106200,1,26213,2,30710580,POINT (608645.4300796513 7797799.153700128),C
2023,3106200,1,31012,2,30620120,POINT (604333.0778089478 7789748.718382735),C
2023,3106200,1,31012,2,30881310,POINT (603396.0951515123 7799960.095058783),C
2023,3106200,1,31012,2,30622110,POINT (605739.4742059369 7790020.5901367385),C
2023,3106200,1,27325,2,31255150,POINT (609656.1430663641 7801757.500493497),C
2023,3106200,1,18113,2,30532220,POINT (604139.8249780167 7794550.219019546),C
2023,3106200,1,11119,2,30390090,POINT (607122.2197880353 7788102.524888249),C
2023,3106200,1,31012,2,30285470,POINT (615861.03349354 7797121.0837437045),C
2023,3106200,1,25993,2,30150313,POINT (612129.6735728795 7795592.531046787),C
2023,3106200,1,25110,2,30770550,POINT (608000.7416655023 7798553.280087883),C
2023,3106200,1,22293,2,31970000,POINT (615687.6985457089 7803746.440423543),C
2023,3106200,1,25420,2,30770170,POINT (607860.698877167 7798118.878168343),C
2023,3106200,1,31012,2,31950340,POINT (615063.1323972401 7802926.235589657),C
2023,3106200,1,33121,2,30720420,POINT (607038.9819150227 7797051.67920152),C
2023,3106200,1,32990,2,31235050,POINT (609571.7252126131 7800345.5178947),C
2023,3106200,1,10945,2,30190070,POINT (610748.2008329112 7796705.408817683),C
2023,3106200,1,25438,2,30870100,POINT (604095.4858176139 7798756.657046567),C
2023,3106200,1,18130,2,31110440,POINT (610483.9013626593 7799072.04072784),C
2023,3106200,1,32116,2,31870480,POINT (614910.1383192234 7806031.089973272),C
2023,3106200,1,33295,2,31812160,POINT (612182.114812396 7804785.13555836),C
2023,3106200,1,10911,2,30692662,POINT (599873.489580245 7788438.593850476),C
2023,3106200,1,13511,2,31844270,POINT (613748.1691120495 7806135.0026303455),C
2023,3106200,1,32914,2,31660290,POINT (606216.5931300587 7810766.707559219),C
2023,3106200,1,10961,2,30710452,POINT (608321.4571348616 7798034.006522125),C
2023,3106200,1,25993,2,30532300,POINT (604235.6372998822 7794592.018953967),C
2023,3106200,1,10139,2,31720500,POINT (610142.690204442 7806195.646890653),C
2023,3106200,1,32507,2,30880230,POINT (602831.5503651461 7799057.235761814),C
2023,3106200,1,18130,2,30516050,POINT (605497.1172171712 7793469.137298744),C
2023,3106200,1,10911,2,31580000,POINT (605083.0739921834 7807741.498664096),C
2023,3106200,1,32990,2,30170002,POINT (610819.4790782396 7796168.182994846),C
2023,3106200,1,18229,2,30180110,POINT (610590.2267319143 7797375.6470610015),C
2023,3106200,1,14134,2,30130100,POINT (612065.0954995393 7796434.657790614),C
2023,3106200,1,25420,2,30626110,POINT (603087.3379287161 7788110.493471497),C
2023,3106200,1,32990,2,31210530,POINT (609165.8954753273 7798398.0356668355),C
2023,3106200,1,32507,2,30150220,POINT (611929.6982204915 7797219.781022504),C
2023,3106200,1,25420,2,30644010,POINT (603234.5546860198 7789059.681398008),C
2023,3106200,1,10937,2,30260270,POINT (614149.8401792693 7796468.7463457845),C
2023,3106200,1,25128,2,31230100,POINT (608658.8996310986 7798649.5891106995),C
2023,3106200,1,32116,2,30150290,POINT (612090.9832403812 7796202.957111518),C
2023,3106200,1,10911,2,30575831,POINT (607107.0858057204 7791201.541746136),C
2023,3106200,1,26108,2,30140093,POINT (609411.2782145822 7796264.315172013),C
2023,3106200,1,31012,2,30710040,POINT (610254.5586889372 7797643.486297099),C
2023,3106200,1,14126,2,30411225,POINT (608132.9658534555 7796019.982230378),C
2023,3106200,1,14126,2,30493030,POINT (608580.3668497874 7791541.710578303),C
2023,3106200,1,14126,2,30112011,POINT (611065.706465341 7795075.978803224),C
2023,3106200,1,14126,2,30662060,POINT (600432.9959300732 7789229.748579523),C
2023,3106200,1,32507,3,30120040,POINT (610619.8675649213 7797118.131541537),C
2023,3106200,1,10961,3,31720050,POINT (609124.1027225357 7807195.5056483215),C
2023,3106200,1,28224,3,30620160,POINT (604332.6394074324 7789459.697300695),C
2023,3106200,1,32990,3,30421340,POINT (606534.4919691192 7801374.517571393),C
2023,3106200,1,10911,3,30310710,POINT (611723.432649463 7793807.58733632),C
2023,3106200,1,10911,3,30120040,POINT (610619.8675649213 7797118.131541537),C
2023,3106200,1,23915,3,31030370,POINT (613021.5610660713 7798935.074047508),C
2023,3106200,1,32990,3,30180121,POINT (609948.7116242187 7795971.235123023),C
2023,3106200,1,25926,3,31255100,POINT (609423.1643063932 7801832.970257283),C
2023,3106200,1,33139,3,31742036,POINT (611195.9289090278 7806513.813265962),C
2023,3106200,1,25934,3,30710010,POINT (609859.2705173641 7797843.611382339),C
2023,3106200,1,33147,3,31742096,POINT (611797.7593677135 7806395.919479736),C
2023,3106200,1,32507,3,30160042,POINT (610872.9349222002 7796342.394877501),C
2023,3106200,1,33295,3,30881640,POINT (603123.546345815 7800227.1152016185),C
2023,3106200,1,25420,3,30770180,POINT (607790.7515316736 7798309.891163776),C
2023,3106200,1,25420,3,30580430,POINT (610291.9695195621 7797602.161817517),C
2023,3106200,1,10996,3,31250590,POINT (609320.9128742956 7801277.438835753),C
2023,3106200,1,32507,3,30190060,POINT (611113.2363536702 7796809.587206901),C
2023,3106200,1,10937,3,30112020,POINT (612240.4039739686 7795453.213936026),C
2023,3106200,1,20291,3,30390090,POINT (607122.2197880353 7788102.524888249),C
2023,3106200,1,23915,3,31060427,POINT (614893.246137389 7799594.799611503),C
2023,3106200,1,25128,3,31110230,POINT (612256.000213663 7799633.313906911),C
2023,3106200,1,17320,3,31330420,POINT (605183.0437556767 7802241.3893298255),C
2023,3106200,1,20631,3,31970000,POINT (615687.6985457089 7803746.440423543),C
2023,3106200,1,23303,3,30662290,POINT (600998.4809070621 7788931.626457948),C
2023,3106200,1,33295,3,30770135,POINT (608053.8039744424 7798341.779902429),C
2023,3106200,1,28259,3,30411312,POINT (608234.0628448521 7796674.889401746),C
2023,3106200,1,33198,3,30830020,POINT (605136.8347055343 7797789.057308912),C
2023,3106200,1,15211,3,30518100,POINT (604476.2518284305 7793273.275563488),C
2023,3106200,1,14134,3,31330430,POINT (605399.8550685986 7800590.12580206),C
2023,3106200,1,31012,3,31530300,POINT (606896.7157927814 7807114.309991638),C
2023,3106200,1,32116,3,31535200,POINT (606470.9797317077 7808605.141818322),C
2023,3106200,1,14126,3,31275050,POINT (608275.5050871447 7803772.623109132),C
2023,3106200,1,14126,3,30411195,POINT (608505.9808521011 7796128.585745939),C
2023,3106200,1,14126,3,30270380,POINT (614660.1733943726 7796865.006535292),C
2023,3106200,1,14126,3,30692350,POINT (598865.1295527876 7788899.906635592),C
2023,3106200,1,14126,3,30170131,POINT (610601.5686101562 7797217.134800181),C
2023,3106200,1,10911,4,31015280,POINT (612042.91277823 7797984.763979241),C
2023,3106200,1,25322,4,31585000,POINT (603929.9070710302 7807357.783896308),C
2023,3106200,1,10911,4,31520100,POINT (608263.0158686865 7807926.983414673),C
2023,3106200,1,10929,4,30550120,POINT (606351.2095833487 7794860.2437624745),C
2023,3106200,1,13405,4,31230230,POINT (609920.1270551763 7799649.470843494),C
2023,3106200,1,23915,4,31950280,POINT (614838.8723693249 7802772.591976969),C
2023,3106200,1,23915,4,31560200,POINT (607673.8073741391 7806531.948137606),C
2023,3106200,1,10538,4,31870680,POINT (614747.9782057734 7806431.806497272),C
2023,3106200,1,10996,4,31840170,POINT (612075.859896598 7805431.745836304),C
2023,3106200,1,29506,4,30610100,POINT (603609.358607244 7792916.040290019),C
2023,3106200,1,28291,4,30510000,POINT (604943.6396112863 7795029.020040604),C
2023,3106200,1,32507,4,31230590,POINT (609540.6477634087 7799532.142721829),C
2023,3106200,1,13511,4,31015360,POINT (612029.1824714824 7798196.763467129),C
2023,3106200,1,23915,4,31840220,POINT (613057.0761396745 7805420.145210075),C
2023,3106200,1,32507,4,30260000,POINT (612759.8040536569 7796907.41928919),C
2023,3106200,1,25390,4,30750122,POINT (606609.4934029465 7798984.128383937),C
2023,3106200,1,33147,4,30720476,POINT (607033.3314153756 7798576.208656186),C
2023,3106200,1,25322,4,31130160,POINT (610031.7829304388 7800033.576287962),C
2023,3106200,1,14118,4,30120010,POINT (612074.5678930909 7797084.182446393),C
2023,3106200,1,31012,4,31578450,POINT (604024.0283889594 7808867.019790867),C
2023,3106200,1,10911,4,31660100,POINT (606482.3819312109 7811089.95989006),C
2023,3106200,1,10139,4,30240280,POINT (612843.0212740311 7795817.381412597),C
2023,3106200,1,33147,4,31950500,POINT (615456.0604098631 7803104.480484411),C
2023,3106200,1,18211,4,31742775,POINT (612342.343621746 7807983.6423387285),C
2023,3106200,1,14126,4,30330230,POINT (610801.5028986263 7794402.087842859),C
2023,3106200,1,14126,4,30320670,POINT (610663.712773355 7790872.69603222),C
2023,3106200,1,28216,5,31730600,POINT (610556.184154506 7806254.906137407),C
2023,3106200,1,15319,5,30870210,POINT (603831.6311996368 7798635.576297114),C
2023,3106200,1,32507,5,31510380,POINT (608495.0485036197 7808531.262794613),C
2023,3106200,1,32124,5,31170330,POINT (612295.2776198621 7800433.592136301),C
2023,3106200,1,18130,5,30690450,POINT (599414.6581398968 7790996.506548058),C
2023,3106200,1,27317,5,31950000,POINT (614771.1795141533 7802575.627140684),C
2023,3106200,1,18130,5,30750040,POINT (606575.596200544 7798412.545763869),C
2023,3106200,1,18130,5,30360663,POINT (609542.4121331702 7793668.822861528),C
2023,3106200,1,25390,5,30532060,POINT (604182.8855034108 7795033.010483275),C
2023,3106200,1,10911,5,30660585,POINT (601188.3663225699 7790265.060718143),C
2023,3106200,1,18130,5,30140150,POINT (611326.4606746403 7795120.491506584),C
2023,3106200,1,18130,5,31310240,POINT (606931.7425255117 7802302.940028834),C
2023,3106200,1,33147,5,30590490,POINT (604673.1876364937 7792575.736282001),C
2023,3106200,1,31012,5,30575760,POINT (606902.9427963356 7791583.218381558),C
2023,3106200,1,10694,5,30260260,POINT (613848.0679951069 7796597.124368115),C
2023,3106200,1,10911,5,30850660,POINT (603980.3006546963 7796529.059187487),C
2023,3106200,1,31012,5,31615250,POINT (607913.6597240956 7809501.351518203),C
2023,3106200,1,10911,5,31210120,POINT (610301.4267384784 7798193.168675518),C
2023,3106200,1,25110,5,30570740,POINT (606811.7635402364 7792144.359745392),C
2023,3106200,1,17311,5,30532140,POINT (604148.8434279454 7794892.987070184),C
2023,3106200,1,14126,5,30411200,POINT (608358.7370542281 7796032.049548369),C
2023,3106200,1,14126,5,31260140,POINT (610620.03694592 7803763.655927455),C
2023,3106200,1,28623,6,30610280,POINT (604743.4260524862 7792114.9345080955),C
2023,3106200,1,17311,6,30750180,POINT (606699.8218460105 7799135.165832531),C
2023,3106200,1,27406,6,31710400,POINT (609483.2838780407 7805454.395819402),C
2023,3106200,1,13511,6,30525310,POINT (603058.2849626534 7795507.746556152),C
2023,3106200,1,17311,6,31155320,POINT (610414.5763283238 7802379.426356971),C
2023,3106200,1,33139,6,31255160,POINT (609609.8520178599 7801935.170012089),C
2023,3106200,1,33147,6,31578610,POINT (604539.9332259009 7808382.022728248),C
2023,3106200,1,32116,6,30830470,POINT (603928.0138086362 7799766.446767067),C
2023,3106200,1,32124,6,30626260,POINT (603530.2212869942 7788322.7470109),C
2023,3106200,1,31012,6,30411350,POINT (607731.0513779343 7796693.979554774),C
2023,3106200,1,31039,6,30451669,POINT (608018.4643854529 7793466.713457286),C
2023,3106200,1,33295,6,31610140,POINT (609823.174571459 7808348.938246697),C
2023,3106200,1,28402,6,30882370,POINT (603407.3449246226 7801553.168370109),C
2023,3106200,1,10996,6,31230200,POINT (608960.0776870205 7798830.6275830995),C
2023,3106200,1,14134,6,31615310,POINT (608547.6494005498 7808940.826777037),C
2023,3106200,1,10538,6,31160320,POINT (612245.8092991785 7801450.631327612),C
2023,3106200,1,32507,6,30350143,POINT (610011.9479304668 7794484.673946038),C
2023,3106200,1,24121,6,30575815,POINT (607321.1505097745 7790464.135914478),C
2023,3106200,1,10945,6,30130131,POINT (611822.6422376789 7795511.7669735495),C
2023,3106200,1,13405,6,30411030,POINT (608473.8862351825 7797083.621063193),C
2023,3106200,1,31012,6,31525365,POINT (606830.7204866039 7807532.20706388),C
2023,3106200,1,33147,6,31980180,POINT (613602.940077005 7804015.915598525),C
2023,3106200,1,33210,6,30640050,POINT (603055.4333238321 7790985.467345793),C
2023,3106200,1,25322,6,31255180,POINT (609435.7384449337 7802070.971322649),C
2023,3106200,1,23915,6,30285010,POINT (615232.0656480633 7798301.268189171),C
2023,3106200,1,14126,6,30220300,POINT (613481.3932065455 7794741.177053175),C
2023,3106200,1,14126,6,30421145,POINT (606762.3719878828 7795813.621368131),C
2023,3106200,1,18211,7,30310750,POINT (611763.529808744 7794051.391603479),C
2023,3106200,1,13511,7,31110492,POINT (612612.2960800206 7798607.649627472),C
2023,3106200,1,32507,7,30170124,POINT (610780.3676922158 7797053.733559791),C
2023,3106200,1,23915,7,30285422,POINT (615538.0975248134 7797046.337660316),C
2023,3106200,1,25128,7,30411030,POINT (608473.8862351825 7797083.621063193),C
2023,3106200,1,10911,7,31360370,POINT (602997.7860709729 7802492.504491002),C
2023,3106200,1,10911,7,30690730,POINT (598423.3322417676 7790947.205633573),C
2023,3106200,1,32990,7,30710280,POINT (608893.9379711748 7797539.595525911),C
2023,3106200,1,28232,7,30770160,POINT (607861.2202700891 7798489.879013609),C
2023,3106200,1,10996,7,30750585,POINT (607093.5692765582 7799779.402448884),C
2023,3106200,1,23494,7,30730440,POINT (606079.3579687728 7797668.464168083),C
2023,3106200,1,10911,7,30642225,POINT (603046.1821216347 7789881.532401646),C
2023,3106200,1,25420,7,30285380,POINT (616507.2905609215 7796516.531102485),C
2023,3106200,1,13596,7,31130760,POINT (611207.7406117157 7800748.520674673),C
2023,3106200,1,28291,7,30530300,POINT (604588.2474504746 7796203.04807931),C
2023,3106200,1,23915,7,31660190,POINT (606405.5173506829 7810324.131841474),C
2023,3106200,1,10911,8,30850470,POINT (604002.8216573119 7796837.79573488),C
2023,3106200,1,10911,8,31985260,POINT (614534.0162724161 7804308.412499862),C
2023,3106200,1,27317,8,31210230,POINT (610074.3427498017 7797879.721230256),C
2023,3106200,1,10945,8,31230590,POINT (609540.6477634087 7799532.142721829),C
2023,3106200,1,15211,8,30285170,POINT (616200.1716563764 7797950.476449845),C
2023,3106200,1,33121,8,31050540,POINT (615584.2931736765 7799431.803355973),C
2023,3106200,1,10911,8,31550140,POINT (605885.8352012765 7806328.8798602335),C
2023,3106200,1,10911,8,30421124,POINT (606790.7007796791 7795480.162768282),C
2023,3106200,1,13511,8,30180114,POINT (610479.042675574 7797019.867941896),C
2023,3106200,1,10911,8,30286070,POINT (616823.530042378 7798207.929902076),C
2023,3106200,1,27902,8,30532210,POINT (604313.3269934595 7794736.029676156),C
2023,3106200,1,10996,8,31840140,POINT (612316.9128147692 7805599.604843981),C
2023,3106200,1,26515,8,30720100,POINT (607249.9574573492 7797598.11687608),C
2023,3106200,1,25926,8,30532210,POINT (604313.3269934595 7794736.029676156),C
2023,3106200,1,14126,8,30411195,POINT (608505.9808521011 7796128.585745939),C
2023,3106200,1,14126,8,31130070,POINT (610722.5749683977 7799781.9862588495),C
2023,3106200,1,14126,8,30180111,POINT (610376.6120050431 7796602.138734269),C
2023,3106200,1,14126,8,30140070,POINT (612355.1858281848 7795764.096383166),C
2023,3106200,1,14126,8,30441063,POINT (609223.2377228987 7795279.186085757),C
2023,3106200,1,14134,9,31930330,POINT (614475.7067341661 7803208.588681341),C
2023,3106200,1,15394,9,30514020,POINT (604854.4568014322 7792905.086193828),C
2023,3106200,1,10911,9,30535540,POINT (606008.8381371738 7797132.14970175),C
2023,3106200,1,10911,9,31730600,POINT (610556.184154506 7806254.906137407),C
2023,3106200,1,10961,9,30350580,POINT (609572.3265087067 7792016.214350707),C
2023,3106200,1,10660,9,31255180,POINT (609435.7384449337 7802070.971322649),C
2023,3106200,1,32990,9,31170620,POINT (612811.0083693358 7801277.526075141),C
2023,3106200,1,25993,9,31255170,POINT (609227.1011637574 7801658.210381579),C
2023,3106200,1,14126,9,30411200,POINT (608358.7370542281 7796032.049548369),C
2023,3106200,1,10911,10,30360532,POINT (609752.2331742094 7791867.993484542),C
2023,3106200,1,18121,10,30112021,POINT (611671.9588733024 7795173.966528732),C
2023,3106200,1,10911,10,31990240,POINT (615551.5515501612 7804636.032639329),C
2023,3106200,1,32990,10,30775220,POINT (607862.5129631838 7800164.9105035085),C
2023,3106200,1,25420,10,30664004,POINT (600572.5373172355 7788334.692721503),C
2023,3106200,1,31012,10,31170770,POINT (612758.7778142971 7801217.230567757),C
2023,3106200,1,33121,10,31210150,POINT (610235.1523120678 7798009.769866291),C
2023,3106200,1,14126,10,31210370,POINT (609925.521366653 7798004.811725037),C
2023,3106200,1,14126,10,30510310,POINT (605522.8139966305 7794630.0364819),C
2023,3106200,1,10929,11,31070020,POINT (615515.9796802951 7800497.709875561),C
2023,3106200,1,25390,11,30750620,POINT (607576.3848814031 7800263.660581301),C
2023,3106200,1,31012,11,31555310,POINT (606882.8450721314 7805942.255017793),C
2023,3106200,1,10996,11,31950020,POINT (614968.1679763125 7802216.812450256),C
2023,3106200,1,18130,11,31030370,POINT (613021.5610660713 7798935.074047508),C
2023,3106200,1,26108,11,31340270,POINT (605398.8539640062 7802815.254716456),C
2023,3106200,1,10945,11,31015015,POINT (613316.9508250195 7798068.397333173),C
2023,3106200,1,28615,11,31140302,POINT (610882.5100255229 7799558.82359661),C
2023,3106200,1,13511,11,30140071,POINT (611361.84914954 7796036.839563304),C
2023,3106200,1,14126,11,30730430,POINT (605927.2164084428 7797595.948033502),C
